date,position,signal_direction,target_5y_10d,zscore_5y,zscore_10y,move_level,move_zscore,effr_change_60d,rate_regime,hmm_state,spread_5y_lag5,spread_5y_lag10
2019-05-06,89,-1,1,-2.1508026488731247,-2.4612701113738176,47.82,-0.1659728259508988,0.0,0,1.0,-0.01200000000000001,-0.022999999999999243
2019-06-12,116,-1,1,-2.0624930801417722,-1.2993217567789996,68.43,1.5565119508386807,-0.040000000000000036,0,1.0,-0.050999999999999934,-0.040000000000000036
2019-06-21,123,-1,0,-2.4611965434672736,-2.498339187422459,74.63,1.6158276951406003,-0.050000000000000266,0,1.0,0.010999999999999899,-0.06299999999999994
2019-07-08,134,-1,1,-2.123291347761331,-1.3266121720556125,63.22,0.164173552177663,0.0,0,1.0,-0.03400000000000003,-0.011999999999999789
2019-07-17,141,-1,0,-2.2107760321629684,-2.097762850460724,62.29,-0.08299544087395125,-0.029999999999999805,0,1.0,-0.04200000000000004,-0.030999999999999917
2019-07-25,147,-1,0,-2.3459245409744645,-2.5978968154112905,60.99,-0.43215504023117607,-0.010000000000000231,0,1.0,-0.002000000000000224,-0.0710000000000004
2019-08-05,154,-1,1,-3.3824160235702756,-3.731860600666256,77.24,1.6951385903762803,-0.25,0,0.0,-0.06000000000000005,-0.08499999999999996
2019-08-14,161,-1,1,-2.0990672971126347,-1.5693880557752404,87.22,2.584079962097596,-0.2599999999999998,0,0.0,-0.029000000000000137,-0.04800000000000004
2019-10-07,199,1,1,2.0378863814498955,1.3039366931087712,81.86,0.4004544789291479,-0.5799999999999998,0,0.0,0.038000000000000256,0.04800000000000004
2019-10-15,205,1,1,2.441975547251102,1.8821200982340547,80.06,0.0571375708383056,-0.5,0,0.0,0.040999999999999925,0.05899999999999972
2019-12-19,252,1,0,2.1201127773011272,2.249797290766474,53.7,-1.5230122953699907,-0.30000000000000004,0,0.0,0.02300000000000013,0.010000000000000231
2019-12-27,258,1,0,2.2269374760005287,1.9691379526156172,55.3,-1.2097548426831826,-0.27,0,0.0,0.006000000000000005,0.03699999999999992
2020-02-28,302,1,1,3.1726725398922766,2.3917042284344436,109.67,4.143094997274146,0.030000000000000027,1,1.0,0.07300000000000006,0.08300000000000007
2020-03-12,311,-1,1,-3.2063226705510126,-3.2473244999679642,152.62,3.203886855878019,-0.44999999999999996,0,0.0,-0.132,-0.08499999999999996
2020-08-03,413,1,0,2.0427593313198784,1.7321011193772007,43.13,-1.5587233696477667,0.05,1,1.0,0.02899999999999997,0.03699999999999998
2020-08-11,419,1,0,2.1551252313669678,2.0383125735301375,45.26,-0.9079262259892594,0.05,1,1.0,0.00799999999999998,0.022999999999999993
2020-08-26,430,1,0,2.0489117346992476,1.6005442277344626,47.99,-0.21808086540268076,0.03,1,1.0,0.033999999999999975,0.01899999999999996
2020-09-03,436,1,1,2.508711728042926,2.3917053329912163,45.76,-0.44452531171848236,0.009999999999999995,1,1.0,0.027999999999999997,0.031
2020-09-29,454,1,1,2.184737874171362,1.6375834237004194,36.62,-2.064752856583411,0.0,0,1.0,0.027000000000000024,0.031000000000000028
2020-11-30,498,1,0,2.8263957726847573,1.1515105210486998,40.84,-0.7926593977211447,0.0,0,1.0,0.026000000000000023,0.04099999999999998
2020-12-08,504,1,0,2.357945962956346,0.7791324974208769,49.1,0.16367581689698013,0.0,0,1.0,0.01599999999999996,0.018000000000000016
2020-12-16,510,1,0,2.4703874814637645,1.2375871409696786,46.96,-0.19276037341648555,0.0,0,1.0,0.020999999999999963,0.03799999999999998
2020-12-24,516,1,1,2.351016594829239,0.8886012711978417,42.11,-0.930007886864904,0.0,0,1.0,0.01100000000000001,0.029000000000000026
2021-02-01,543,1,0,2.0537832325410608,1.3622308165937544,46.28,0.4963508291078152,-0.009999999999999995,0,1.0,0.03400000000000003,0.04500000000000004
2021-02-11,551,1,1,2.4198009977689217,3.0393715604567912,45.95,0.23246967805029586,0.0,0,1.0,0.01100000000000001,0.030000000000000027
2021-02-19,557,1,1,2.0167234869161548,2.392069077239058,60.43,3.743178779536108,-0.009999999999999995,0,1.0,0.009000000000000119,0.013000000000000012
2021-03-09,569,-1,1,-2.145907015548246,-1.4766106162935888,67.44,1.8124598402571945,-0.01999999999999999,0,1.0,-0.06899999999999995,-0.08000000000000007
2021-03-26,582,-1,1,-2.235579988054972,-0.13145430501990016,61.49,0.5950860133359237,-0.01999999999999999,0,1.0,-0.02299999999999991,-0.03499999999999992
2021-06-18,642,-1,1,-2.8446249252216416,-1.4778844915703557,60.45,0.5634615023082392,0.03,1,1.0,-0.030000000000000027,-0.04799999999999993
2021-09-24,712,-1,0,-2.2794543364005033,-0.8943148871005818,58.46,-0.3075717220187331,-0.020000000000000004,0,1.0,-0.020000000000000018,-0.029000000000000026
2021-10-04,718,-1,0,-2.0431919656456095,-1.7752446201092345,60.61,0.1231837789994575,-0.020000000000000004,0,1.0,-0.030000000000000027,-0.03500000000000003
2021-10-13,725,-1,0,-2.948580121526612,-2.4633364519139613,60.84,0.22138354554398199,-0.020000000000000004,0,1.0,-0.017000000000000126,-0.001000000000000112
2021-10-22,732,-1,1,-2.5009905309532066,-2.137626572706759,72.04,2.6222135219806684,0.009999999999999995,1,1.0,-0.017000000000000237,-0.05500000000000016
2021-11-01,738,-1,1,-2.650161477486926,-1.8062391796578614,78.34,2.9895867190284457,-0.020000000000000004,0,1.0,-0.03400000000000003,-0.04599999999999982
2021-11-30,759,1,1,2.0149114596881215,2.8439015701082044,84.04,1.6360550427125167,-0.009999999999999995,0,1.0,0.030999999999999917,0.03499999999999992
2021-12-15,770,-1,1,-2.2453500544559093,0.6139337792876067,74.06,0.2136594834737465,0.0,0,1.0,-0.0499999999999996,-0.03400000000000003
2022-01-20,796,-1,1,-2.413678266315722,-1.6024867241403686,80.96,0.5457905078052152,0.0,0,1.0,-0.01900000000000035,-0.03300000000000014
2022-02-11,812,-1,1,-2.1147733818223227,-0.12246143238243286,94.03,2.626429889106228,0.0,0,1.0,-0.019000000000000128,-0.03600000000000003
2022-03-07,828,-1,0,-2.9313003754317584,0.3973999650632382,140.03,3.863503367666546,0.0,0,1.0,-0.040999999999999925,-0.02499999999999969
2022-03-17,836,-1,1,-2.85605604008175,-0.35747546990177076,91.76,0.05256587846372618,0.25,1,0.0,-0.03399999999999981,-0.04899999999999971
2022-04-04,848,-1,1,-2.2698009838696205,-3.067352861171739,108.37,0.704374547967829,0.25,1,0.0,-0.042999999999999705,-0.031999999999999584
2022-04-26,863,-1,1,-2.5160792690794067,-2.809531282279408,129.27,1.36049385061135,0.25,1,0.0,-0.055999999999999606,-0.052999999999999936
2022-05-13,876,-1,1,-2.0443276450350636,-0.5747698309260268,114.61,-0.08667956286530315,0.75,1,0.0,-0.06099999999999994,-0.09699999999999998
2022-05-23,882,-1,1,-2.4172760004792546,-1.3734861681380433,110.19,-0.6803616462808098,0.75,1,0.0,-0.041999999999999815,-0.042999999999999705
2022-06-01,889,1,1,2.444967795604933,-0.9314677889298333,109.38,-0.5855450681360619,0.75,1,0.0,0.07900000000000018,0.08300000000000018
2022-06-10,896,1,1,7.292513427763368,6.593368693163735,114.23,-0.16053382175294495,0.49999999999999994,1,0.0,0.7030000000000003,0.6669999999999998
2022-11-30,1018,-1,1,-2.832989456813249,-2.6324032175130716,127.27,-0.8871662770049793,1.5,1,0.0,-0.09800000000000031,-0.09399999999999986
2023-01-03,1041,-1,1,-2.4417460248560516,-2.079175446435201,129.97,-0.17077740411811806,1.25,1,0.0,-0.050000000000000266,-0.08199999999999985
2023-02-01,1062,1,1,2.025982531944722,2.3970445786428245,97.33,-2.325069199308148,0.5,1,0.0,0.04300000000000059,0.04000000000000048
2023-02-22,1077,1,1,2.5092487648740405,1.3895767209383483,118.21,0.2848560750639657,0.75,1,0.0,0.038000000000000256,0.07400000000000029
2023-03-14,1091,1,1,3.3659693213255513,4.079876711412126,169.65,3.8159735672630677,0.25,1,0.0,0.08399999999999919,0.06099999999999994
2023-04-13,1113,1,1,4.674044073164543,-0.8842841987270537,119.95,-0.39898434994436244,0.5,1,0.0,0.18800000000000017,0.17400000000000038
2023-06-14,1157,-1,1,-2.3260262945995613,-1.4615514347377279,114.37,-1.4093960468015572,0.5,1,0.0,-0.07499999999999929,-0.09699999999999909
2023-09-06,1217,-1,1,-2.529704690198095,-2.7688604180976855,111.31,-0.3450608934321739,0.25,1,0.0,-0.025000000000001243,-0.04100000000000037
2023-09-26,1231,-1,0,-2.3519129963682115,-2.364523599118125,117.72,0.5794015190461945,0.25,1,0.0,-0.03000000000000025,-0.05399999999999938
2023-10-09,1240,-1,1,-5.7236756990585445,-3.4889960449696638,126.64,1.4066904872311667,0.25,1,0.0,-0.16100000000000048,-0.18400000000000016
2024-01-02,1299,-1,1,-2.0424300206469055,-2.552916512474079,127.02,0.8052796430505373,0.0,0,1.0,-0.02900000000000036,-0.06600000000000028
2024-01-24,1315,1,1,2.3017883535792567,0.24195754819808307,105.78,-1.5431755215016707,0.0,0,1.0,0.028000000000000025,0.05800000000000072
2024-02-01,1321,1,1,2.5663730535568723,1.415172766345473,113.92,-0.036142226709305204,0.0,0,1.0,0.03600000000000003,0.04200000000000026
2024-02-13,1329,1,1,2.119945594231701,1.9639188904436198,113.22,0.057668168539957564,0.0,0,1.0,0.020000000000000462,0.04500000000000037
2024-06-17,1417,-1,1,-2.1395897853500245,-2.4625894122730996,99.07,0.10418852658232196,0.0,0,1.0,-0.021999999999999797,-0.015000000000000124
2024-07-01,1427,-1,0,-2.690734731170709,-3.1448389232177236,106.23,0.853391846488806,0.0,0,1.0,0.005999999999998451,-0.026000000000001133
2024-07-10,1434,-1,0,-2.256111087526748,-1.7082512098789409,92.97,-0.6262788868710346,0.0,0,1.0,-0.014000000000000234,-0.040000000000000036
2024-07-22,1442,-1,1,-2.0103072665785175,-2.009791468652884,94.45,-0.13953819695300268,0.0,0,1.0,0.0030000000000001137,-0.04099999999999948
2024-07-31,1449,-1,1,-2.85591267702896,-2.4392637953895617,99.41,0.7596721406350321,0.0,0,1.0,-0.07399999999999984,-0.057999999999999385
2024-09-30,1492,-1,1,-2.250671906429224,-2.2816292285389976,94.61,-0.8953779107609392,-0.5,0,0.0,-0.036000000000000476,-0.03000000000000025
2024-10-10,1500,-1,1,-2.6172262964114417,-2.035322106746724,116.56,1.264884547454063,-0.5,0,0.0,-0.037000000000000366,-0.055000000000000604
2024-10-25,1511,-1,0,-2.177186808520535,-1.587675539836256,128.4,1.6699148824215357,-0.5,0,0.0,-0.024000000000000465,-0.03900000000000059
2024-11-04,1517,-1,1,-2.928822264899397,-3.0041715791888515,136.25,1.890705607187502,-0.5,0,0.0,-0.041999999999999815,-0.07200000000000006
2025-01-16,1569,1,1,2.2305546454113427,1.414163473241533,92.72,-0.6561731483548552,-0.5,0,0.0,0.04100000000000037,0.05799999999999983
2025-01-30,1579,1,1,2.071776757826012,1.0960090371160043,90.54,-0.8485771548977441,-0.5,0,0.0,0.03500000000000103,0.004000000000000448
2025-02-13,1589,1,1,2.0807001339206295,2.773261523725926,84.57,-1.6932495464597095,-0.25,0,0.0,0.020000000000000018,0.011999999999999567
2025-04-02,1623,-1,1,-4.142919540882565,-1.892827879965206,106.39,1.4332543148178924,0.0,0,1.0,-0.0810000000000004,-0.08099999999999996
2025-04-10,1629,-1,1,-2.8527858954592067,-2.347814317779853,128.35,2.318357496578215,0.0,0,1.0,-0.04699999999999971,-0.08199999999999985
2025-04-21,1636,-1,1,-2.265247110923237,-2.344523463468948,128.56,1.730494215036801,0.0,0,1.0,-0.031000000000001027,-0.0680000000000005
2025-07-04,1690,-1,1,-2.54198050662089,-1.1134346643431914,86.09,-1.3727455156018435,0.0,0,1.0,-0.04300000000000015,-0.06000000000000005
2025-09-17,1743,1,1,2.144193998853993,2.584623395988418,75.95,-1.4895376290538334,0.0,0,1.0,0.030999999999999694,0.02499999999999991
2025-10-14,1762,1,0,2.766739406121165,3.5261401253964735,79.95,0.1637548878627143,-0.23000000000000043,0,0.0,0.0259999999999998,0.027000000000000135
2025-10-23,1769,1,0,2.381911712368888,2.784534009184747,74.05,-0.9940442338762498,-0.21999999999999975,0,0.0,0.02300000000000013,0.03200000000000047
2025-11-03,1776,1,1,2.1582680926993127,1.706720908938587,67.23,-1.7954401814247705,-0.45999999999999996,0,0.0,0.009999999999999787,0.03400000000000025
2025-11-25,1792,1,0,2.215214961818453,1.3129902997270286,72.82,-0.6124735747905087,-0.4500000000000002,0,0.0,0.04300000000000059,0.08000000000000052
2025-12-10,1803,1,0,2.409718710191769,2.1169881758370725,68.62,-1.123483671947264,-0.43999999999999995,0,0.0,0.038000000000000256,0.0259999999999998
2025-12-18,1809,1,0,2.1414193921317133,1.7449547650058652,60.01,-2.4202567925373497,-0.44999999999999973,0,0.0,0.01499999999999968,0.054999999999999716
2026-03-06,1862,-1,0,-2.170194567720782,-2.6574143750517565,81.26,3.051345117296436,-0.25,0,0.0,-0.03000000000000025,-0.016999999999999904
2026-03-24,1874,-1,1,-2.562040946313588,-1.8608040631268832,103.01,2.815504549002664,0.0,0,1.0,-0.040000000000000036,-0.06000000000000005
