date,SOFR,SOFR30DAYAVG,SOFR90DAYAVG,SOFR180DAYAVG,EFFR
2020-01-01,,,,,
2020-01-02,1.54,1.54126,1.6569,1.95152,1.55
2020-01-03,1.55,1.54092,1.65378,1.94563,1.55
2020-01-06,1.55,1.54126,1.64463,1.92953,1.55
2020-01-07,1.56,1.54126,1.64128,1.92443,1.55
2020-01-08,1.55,1.54159,1.63805,1.91966,1.55
2020-01-09,1.55,1.54126,1.6347,1.91512,1.55
2020-01-10,1.55,1.54126,1.63135,1.91058,1.54
2020-01-13,1.54,1.54259,1.62132,1.89577,1.54
2020-01-14,1.55,1.54259,1.61618,1.89056,1.54
2020-01-15,1.56,1.54293,1.61061,1.88545,1.54
2020-01-16,1.55,1.54092,1.60626,1.88069,1.54
2020-01-17,1.54,1.54126,1.60258,1.87587,1.55
2020-01-20,,,,,
2020-01-21,1.54,1.54259,1.58774,1.85647,1.55
2020-01-22,1.54,1.54292,1.58406,1.85153,1.55
2020-01-23,1.54,1.54359,1.58049,1.84666,1.55
2020-01-24,1.53,1.54426,1.57714,1.84178,1.55
2020-01-27,1.53,1.54492,1.56699,1.82715,1.55
2020-01-28,1.53,1.54493,1.56387,1.82143,1.55
2020-01-29,1.53,1.54493,1.56063,1.81773,1.55
2020-01-30,1.58,1.54459,1.55807,1.81403,1.6
2020-01-31,1.6,1.5456,1.55807,1.81061,1.59
2020-02-03,1.59,1.55093,1.55896,1.80147,1.59
2020-02-04,1.6,1.55227,1.55907,1.79861,1.59
2020-02-05,1.59,1.55394,1.55941,1.79587,1.59
2020-02-06,1.59,1.55527,1.55974,1.79295,1.59
2020-02-07,1.58,1.55627,1.56008,1.79004,1.58
2020-02-10,1.58,1.55928,1.56075,1.78079,1.58
2020-02-11,1.58,1.56028,1.56086,1.77771,1.58
2020-02-12,1.57,1.56128,1.56097,1.77435,1.58
2020-02-13,1.57,1.56228,1.56086,1.77121,1.58
2020-02-14,1.58,1.56295,1.56064,1.76807,1.58
2020-02-17,,,,,
2020-02-18,1.6,1.56729,1.56074,1.75602,1.59
2020-02-19,1.59,1.56929,1.56108,1.75327,1.59
2020-02-20,1.6,1.57096,1.56119,1.75042,1.59
2020-02-21,1.58,1.57296,1.56142,1.74762,1.58
2020-02-24,1.58,1.5773,1.56164,1.73859,1.58
2020-02-25,1.59,1.57897,1.56208,1.73557,1.58
2020-02-26,1.58,1.58097,1.56253,1.7326,1.58
2020-02-27,1.58,1.58264,1.56286,1.72935,1.58
2020-02-28,1.6,1.58431,1.56209,1.7261,1.58
2020-03-02,1.59,1.58731,1.56063,1.7166299999999999,1.59
2020-03-03,1.64,1.5869799999999998,1.56108,1.7131599999999998,1.59
2020-03-04,1.23,1.58831,1.5622,1.70996,1.09
2020-03-05,1.12,1.5763,1.55863,1.70481,1.09
2020-03-06,1.1,1.56028,1.5538299999999998,1.69904,1.09
2020-03-09,1.09,1.51155,1.5386600000000001,1.6816200000000001,1.09
2020-03-10,1.11,1.4952,1.5335299999999998,1.6756799999999998,1.09
2020-03-11,1.15,1.4795200000000002,1.52874,1.66957,1.09
2020-03-12,1.2,1.46517,1.5245,1.6636900000000001,1.1
2020-03-13,1.1,1.45248,1.52071,1.65809,1.1
2020-03-16,0.26,1.4051,1.50509,1.62124,0.25
2020-03-17,0.54,1.36105,1.49082,1.6084200000000002,0.25
2020-03-18,0.1,1.32635,1.4797799999999999,1.6005200000000002,0.25
2020-03-19,0.06,1.2769700000000002,1.46383,1.59066,0.2
2020-03-20,0.04,1.22558,1.44744,1.58059,0.15
2020-03-23,0.02,1.07044,1.39771,1.54951,0.15
2020-03-24,0.01,1.0184,1.38099,1.53837,0.12
2020-03-25,0.01,0.9660200000000001,1.36415,1.52807,0.1
2020-03-26,0.01,0.91365,1.34732,1.51794,0.1
2020-03-27,0.01,0.86095,1.33037,1.50781,0.1
2020-03-30,0.01,0.70318,1.2794299999999998,1.47412,0.09
2020-03-31,0.01,0.6501600000000001,1.26227,1.4638200000000001,0.08
2020-04-01,0.01,0.59713,1.2451,1.4535799999999999,0.06
2020-04-02,0.01,0.5444399999999999,1.22805,1.44345,0.05
2020-04-03,0.01,0.49008999999999997,1.21089,1.43333,0.05
2020-04-06,0.01,0.37605,1.15941,1.40272,0.05
2020-04-07,0.01,0.33971,1.1421299999999999,1.3924299999999998,0.05
2020-04-08,0.01,0.30336,1.1249799999999999,1.38214,0.05
2020-04-09,0.01,0.26736,1.10782,1.37184,0.05
2020-04-10,,,,,0.05
2020-04-13,0.02,0.11667000000000001,1.0393,1.32984,0.05
2020-04-14,0.06,0.08067,1.02226,1.31849,0.05
2020-04-15,0.03,0.046,1.00555,1.30792,0.05
2020-04-16,0.03,0.03833,0.98862,1.29758,0.05
2020-04-17,0.03,0.021330000000000002,0.9718,1.28724,0.05
2020-04-20,0.02,0.017669999999999998,0.9213600000000001,1.2563799999999998,0.05
2020-04-21,0.01,0.017,0.90443,1.24603,0.05
2020-04-22,0.01,0.016,0.88739,1.23569,0.05
2020-04-23,0.01,0.01567,0.87035,1.22546,0.04
2020-04-24,0.03,0.01567,0.8534299999999999,1.2152399999999999,0.05
2020-04-27,0.03,0.017669999999999998,0.80333,1.18517,0.04
2020-04-28,0.01,0.018330000000000003,0.78663,1.17517,0.04
2020-04-29,0.01,0.018330000000000003,0.76971,1.16539,0.04
2020-04-30,0.04,0.018330000000000003,0.7522300000000001,1.15662,0.05
2020-05-01,0.03,0.01933,0.73487,1.14801,0.05
2020-05-04,0.05,0.021330000000000002,0.68255,1.12214,0.05
2020-05-05,0.05,0.02267,0.6653,1.11365,0.05
2020-05-06,0.05,0.024,0.6481600000000001,1.10522,0.05
2020-05-07,0.05,0.025330000000000002,0.63103,1.0967799999999999,0.05
2020-05-08,0.06,0.02667,0.614,1.08835,0.05
2020-05-11,0.06,0.03167,0.56326,1.06316,0.05
2020-05-12,0.06,0.03333,0.54635,1.05473,0.05
2020-05-13,0.04,0.035,0.52955,1.04624,0.05
2020-05-14,0.02,0.03567,0.51253,1.03758,0.05
2020-05-15,0.05,0.03433,0.49518,1.02882,0.05
2020-05-18,0.04,0.03633,0.44411999999999996,1.0033,0.05
2020-05-19,0.04,0.03667,0.42677,0.9947600000000001,0.05
2020-05-20,0.01,0.037,0.40953,0.98616,0.05
2020-05-21,0.02,0.03667,0.39184,0.97739,0.05
2020-05-22,0.04,0.037,0.3745,0.9686899999999999,0.05
2020-05-25,,,,,
2020-05-26,0.06,0.03967,0.30588000000000004,0.93481,0.05
2020-05-27,0.06,0.04067,0.28898,0.9264899999999999,0.05
2020-05-28,0.06,0.04167,0.27208000000000004,0.9176200000000001,0.05
2020-05-29,0.06,0.04333,0.25495999999999996,0.90874,0.05
2020-06-01,0.06,0.046669999999999996,0.20371,0.88279,0.05
2020-06-02,0.07,0.04767,0.18615,0.87454,0.06
2020-06-03,0.06,0.049,0.17326,0.8662799999999999,0.06
2020-06-04,0.07,0.04933,0.16147,0.8579700000000001,0.06
2020-06-05,0.07,0.05,0.15002000000000001,0.8497100000000001,0.07
2020-06-08,0.07,0.05167000000000001,0.11579,0.82488,0.07
2020-06-09,0.08,0.052,0.10422999999999999,0.8166800000000001,0.07
2020-06-10,0.07,0.05267,0.09233999999999999,0.8086,0.08
2020-06-11,0.08,0.053,0.07977999999999999,0.8004,0.08
2020-06-12,0.08,0.05367,0.06845,0.79225,0.08
2020-06-15,0.09,0.058,0.04378,0.7673800000000001,0.09
2020-06-16,0.09,0.059329999999999994,0.03878,0.75935,0.09
2020-06-17,0.09,0.06067,0.038669999999999996,0.75132,0.09
2020-06-18,0.09,0.062329999999999997,0.039,0.74329,0.09
2020-06-19,0.09,0.064,0.039560000000000005,0.73526,0.09
2020-06-22,0.08,0.07067000000000001,0.04145,0.71129,0.08
2020-06-23,0.07,0.072,0.04222,0.70326,0.08
2020-06-24,0.08,0.073,0.04289,0.69518,0.08
2020-06-25,0.09,0.07434,0.04367,0.68709,0.08
2020-06-26,0.08,0.07534,0.04456,0.67907,0.08
2020-06-29,0.08,0.07733999999999999,0.04689,0.65465,0.08
2020-06-30,0.1,0.078,0.04767,0.64646,0.08
2020-07-01,0.11,0.07934,0.04867,0.63843,0.08
2020-07-02,0.11,0.081,0.04978,0.63041,0.09
2020-07-03,,,,,0.09
2020-07-06,0.1,0.08667000000000001,0.054229999999999993,0.59826,0.09
2020-07-07,0.1,0.08767,0.055229999999999994,0.59018,0.09
2020-07-08,0.1,0.08867,0.056229999999999995,0.5821,0.09
2020-07-09,0.1,0.08967,0.057229999999999996,0.57402,0.09
2020-07-10,0.1,0.09034,0.05823,0.56594,0.09
2020-07-13,0.1,0.09267,0.06112000000000001,0.54177,0.09
2020-07-14,0.11,0.09333999999999999,0.061560000000000004,0.53363,0.09
2020-07-15,0.13,0.09434,0.06245,0.52561,0.1
2020-07-16,0.12,0.09567,0.06356,0.51776,0.1
2020-07-17,0.12,0.09667,0.06456,0.50985,0.09
2020-07-20,0.12,0.09967000000000001,0.06767000000000001,0.48613,0.1
2020-07-21,0.11,0.10067000000000001,0.06888999999999999,0.47822,0.1
2020-07-22,0.1,0.10134,0.07001,0.47026,0.09
2020-07-23,0.1,0.102,0.07101,0.46229,0.09
2020-07-24,0.1,0.103,0.07178,0.45433,0.09
2020-07-27,0.1,0.10467,0.07412,0.43045,0.1
2020-07-28,0.1,0.10534,0.07512,0.42249,0.1
2020-07-29,0.09,0.106,0.07612000000000001,0.41425,0.1
2020-07-30,0.1,0.10634,0.07667,0.40584000000000003,0.1
2020-07-31,0.1,0.10634,0.07745,0.39749,0.1
2020-08-03,0.1,0.10534,0.07956,0.3725,0.1
2020-08-04,0.09,0.105,0.08012000000000001,0.36421,0.1
2020-08-05,0.09,0.10434,0.08056,0.35586,0.1
2020-08-06,0.09,0.104,0.08101,0.34757,0.1
2020-08-07,0.09,0.10367,0.08134,0.33928,0.1
2020-08-10,0.09,0.10267000000000001,0.08234,0.3144,0.1
2020-08-11,0.1,0.10234,0.08267999999999999,0.30617,0.1
2020-08-12,0.09,0.10234,0.08334,0.29799000000000003,0.1
2020-08-13,0.09,0.102,0.08412,0.2897,0.1
2020-08-14,0.09,0.10134,0.08456,0.28141,0.1
2020-08-17,0.1,0.098,0.08601,0.25643,0.1
2020-08-18,0.09,0.09734,0.08668,0.24815,0.09
2020-08-19,0.09,0.09634,0.08756,0.23975,0.09
2020-08-20,0.07,0.09534,0.08834,0.23146,0.09
2020-08-21,0.07,0.094,0.08868,0.22305999999999998,0.09
2020-08-24,0.08,0.091,0.08968,0.19780999999999999,0.09
2020-08-25,0.08,0.09034,0.0899,0.18947,0.09
2020-08-26,0.07,0.08967,0.09012,0.18112999999999999,0.09
2020-08-27,0.07,0.08867,0.09022999999999999,0.17263,0.08
2020-08-28,0.07,0.08767,0.09034,0.16412000000000002,0.09
2020-08-31,0.09,0.085,0.09068,0.13843,0.09
2020-09-01,0.09,0.08467000000000001,0.0909,0.1321,0.09
2020-09-02,0.09,0.08434,0.09122999999999999,0.12637,0.09
2020-09-03,0.1,0.084,0.09145,0.12075999999999999,0.09
2020-09-04,0.09,0.08434,0.09179,0.1152,0.09
2020-09-07,,,,,
2020-09-08,0.09,0.08434,0.09257,0.09246,0.09
2020-09-09,0.09,0.08434,0.09279,0.0863,0.09
2020-09-10,0.09,0.08434,0.0929,0.08068,0.09
2020-09-11,0.09,0.084,0.09301,0.07507,0.09
2020-09-14,0.09,0.084,0.09323,0.06601,0.09
2020-09-15,0.1,0.084,0.09323,0.06596,0.09
2020-09-16,0.1,0.08434,0.09333999999999999,0.06617999999999999,0.09
2020-09-17,0.1,0.08434,0.09346,0.06651,0.09
2020-09-18,0.09,0.08467000000000001,0.09357,0.06684,0.09
2020-09-21,0.08,0.086,0.09368,0.06796,0.09
2020-09-22,0.07,0.08634,0.09379,0.06834,0.09
2020-09-23,0.06,0.08634,0.09368,0.06867999999999999,0.09
2020-09-24,0.07,0.08567000000000001,0.09333999999999999,0.06896000000000001,0.09
2020-09-25,0.08,0.08534,0.09323,0.06929,0.09
2020-09-28,0.08,0.08634,0.09323,0.07046000000000001,0.09
2020-09-29,0.07,0.08667000000000001,0.09301,0.07085,0.09
2020-09-30,0.08,0.08667000000000001,0.09257,0.07118,0.09
2020-10-01,0.08,0.08634,0.09222999999999999,0.07157000000000001,0.09
2020-10-02,0.1,0.086,0.0919,0.07196,0.09
2020-10-05,0.09,0.08667000000000001,0.09168,0.07346,0.09
2020-10-06,0.1,0.08667000000000001,0.09157,0.0739,0.09
2020-10-07,0.09,0.087,0.09157,0.0744,0.09
2020-10-08,0.08,0.087,0.09145,0.07485,0.09
2020-10-09,0.09,0.08667000000000001,0.09122999999999999,0.07524,0.09
2020-10-12,,,,,
2020-10-13,0.09,0.08667000000000001,0.09068,0.07657,0.09
2020-10-14,0.09,0.08667000000000001,0.09022999999999999,0.0769,0.09
2020-10-15,0.1,0.08667000000000001,0.0899,0.07724,0.09
2020-10-16,0.09,0.08667000000000001,0.08968,0.07762999999999999,0.09
2020-10-19,0.09,0.086,0.08868,0.07879,0.09
2020-10-20,0.08,0.086,0.08845,0.07923999999999999,0.09
2020-10-21,0.07,0.08567000000000001,0.08822999999999999,0.07962999999999999,0.09
2020-10-22,0.07,0.08534,0.0879,0.07985,0.09
2020-10-23,0.08,0.08534,0.08756,0.08007,0.09
2020-10-26,0.09,0.08634,0.0869,0.08102000000000001,0.09
2020-10-27,0.09,0.08667000000000001,0.08678999999999999,0.08146,0.09
2020-10-28,0.08,0.087,0.08678999999999999,0.08174,0.09
2020-10-29,0.09,0.087,0.08656,0.08202000000000001,0.09
2020-10-30,0.09,0.08767,0.08645,0.08235,0.09
2020-11-02,0.11,0.088,0.08612,0.08313,0.09
2020-11-03,0.1,0.08834,0.08634,0.08346,0.09
2020-11-04,0.1,0.08834,0.08645,0.08374,0.09
2020-11-05,0.11,0.08867,0.08656,0.08396,0.09
2020-11-06,0.1,0.089,0.08678999999999999,0.08424,0.09
2020-11-09,0.1,0.09034,0.08712,0.08491,0.09
2020-11-10,0.1,0.09067,0.08712,0.08524,0.09
2020-11-11,,,,,
2020-11-12,0.09,0.09134,0.08734,0.08596000000000001,0.09
2020-11-13,0.09,0.09134,0.08734,0.08619,0.09
2020-11-16,0.1,0.091,0.08723,0.08696,0.09
2020-11-17,0.09,0.09134,0.08734,0.08746,0.09
2020-11-18,0.07,0.09134,0.08734,0.08785,0.09
2020-11-19,0.06,0.09067,0.08734,0.08802,0.08
2020-11-20,0.05,0.09,0.08723,0.08813,0.08
2020-11-23,0.05,0.08767,0.08645,0.08819,0.08
2020-11-24,0.07,0.08667000000000001,0.08612,0.08813,0.08
2020-11-25,0.08,0.08634,0.08612,0.08819,0.08
2020-11-26,,,,,
2020-11-27,0.08,0.08567000000000001,0.08634,0.08841,0.08
2020-11-30,0.09,0.085,0.08645,0.08868999999999999,0.09
2020-12-01,0.08,0.085,0.08645,0.08885,0.09
2020-12-02,0.08,0.08467000000000001,0.08634,0.08891,0.09
2020-12-03,0.08,0.08367000000000001,0.08612,0.08896,0.09
2020-12-04,0.09,0.083,0.08601,0.08902,0.09
2020-12-07,0.08,0.08167,0.08601,0.0893,0.09
2020-12-08,0.07,0.081,0.0859,0.08935,0.09
2020-12-09,0.08,0.08,0.08567999999999999,0.0893,0.09
2020-12-10,0.08,0.07934,0.08556,0.0893,0.09
2020-12-11,0.08,0.07867,0.08545,0.0893,0.09
2020-12-14,0.08,0.07733999999999999,0.08512,0.08918999999999999,0.09
2020-12-15,0.09,0.077,0.0849,0.08913,0.09
2020-12-16,0.09,0.077,0.08479,0.08913,0.09
2020-12-17,0.09,0.07667,0.08467999999999999,0.08913,0.09
2020-12-18,0.09,0.07667,0.08467999999999999,0.08913,0.09
2020-12-21,0.09,0.07967,0.08479,0.0893,0.09
2020-12-22,0.07,0.081,0.08501,0.08935,0.09
2020-12-23,0.06,0.08167,0.08512,0.08924,0.09
2020-12-24,0.08,0.082,0.08501,0.08913,0.09
2020-12-25,,,,,
2020-12-28,0.09,0.08234,0.08501,0.08902,0.09
2020-12-29,0.1,0.08267000000000001,0.08523,0.08891,0.09
2020-12-30,0.09,0.08334,0.08545,0.08885,0.09
2020-12-31,0.07,0.08334,0.08556,0.08874,0.09
2021-01-01,,,,,
2021-01-04,0.1,0.08167,0.08434,0.08796,0.09
2021-01-05,0.11,0.082,0.08434,0.08796,0.09
2021-01-06,0.1,0.08267000000000001,0.08456,0.08802,0.09
2021-01-07,0.1,0.08334,0.08479,0.08802,0.09
2021-01-08,0.09,0.08434,0.0849,0.08802,0.09
2021-01-11,0.09,0.08534,0.0849,0.0878,0.09
2021-01-12,0.08,0.08567000000000001,0.0849,0.08757000000000001,0.09
2021-01-13,0.08,0.08567000000000001,0.08479,0.08735,0.09
2021-01-14,0.08,0.08567000000000001,0.08456,0.08713,0.09
2021-01-15,0.08,0.08534,0.08445,0.08691,0.09
2021-01-18,,,,,
2021-01-19,0.07,0.084,0.08412,0.08619,0.09
2021-01-20,0.06,0.08334,0.08412,0.08602,0.09
2021-01-21,0.04,0.08234,0.08401,0.0858,0.08
2021-01-22,0.05,0.08134,0.08356,0.08546000000000001,0.08
2021-01-25,0.06,0.079,0.08245,0.08463,0.08
2021-01-26,0.03,0.07833999999999999,0.08212,0.08446000000000001,0.08
2021-01-27,0.03,0.07667,0.08156000000000001,0.08407,0.08
2021-01-28,0.04,0.07467,0.0809,0.08367999999999999,0.07
2021-01-29,0.06,0.07267,0.08034,0.08335,0.07
2021-02-01,0.07,0.071,0.07912000000000001,0.08274,0.08
2021-02-02,0.07,0.071,0.07879,0.08263,0.08
2021-02-03,0.07,0.071,0.07845,0.08252000000000001,0.08
2021-02-04,0.05,0.07,0.07801,0.08241,0.08
2021-02-05,0.02,0.068,0.07745,0.08217999999999999,0.08
2021-02-08,0.02,0.060329999999999995,0.07478,0.08096,0.07
2021-02-09,0.05,0.058,0.0739,0.08057,0.08
2021-02-10,0.06,0.056670000000000005,0.07334,0.08035,0.08
2021-02-11,0.06,0.055670000000000004,0.07301,0.08018,0.08
2021-02-12,0.05,0.055,0.07267,0.08002000000000001,0.08
2021-02-15,,,,,
2021-02-16,0.06,0.051,0.07078,0.07907,0.08
2021-02-17,0.06,0.05033,0.07067000000000001,0.07902,0.08
2021-02-18,0.03,0.04967,0.07067000000000001,0.07896,0.07
2021-02-19,0.02,0.04833,0.07045,0.07874,0.07
2021-02-22,0.03,0.04533,0.06945,0.07779,0.07
2021-02-23,0.01,0.04467,0.06901,0.07757,0.07
2021-02-24,0.02,0.04333,0.06823,0.07724,0.07
2021-02-25,0.03,0.042,0.06756000000000001,0.07696,0.07
2021-02-26,0.01,0.042,0.06701,0.07674,0.07
2021-03-01,0.02,0.038669999999999996,0.06456,0.07551000000000001,0.07
2021-03-02,0.04,0.03733,0.06389,0.07513,0.07
2021-03-03,0.04,0.03667,0.06345,0.07479,0.07
2021-03-04,0.02,0.03567,0.063,0.07451,0.07
2021-03-05,0.02,0.034,0.062229999999999994,0.07412,0.07
2021-03-08,0.02,0.031330000000000004,0.06,0.07296,0.07
2021-03-09,0.02,0.031330000000000004,0.05945,0.07257000000000001,0.07
2021-03-10,0.02,0.031330000000000004,0.05878,0.07218,0.07
2021-03-11,0.01,0.031330000000000004,0.058120000000000005,0.07178999999999999,0.07
2021-03-12,0.01,0.03,0.057339999999999995,0.07135,0.07
2021-03-15,0.01,0.025330000000000002,0.055,0.06996000000000001,0.07
2021-03-16,0.01,0.024,0.054110000000000005,0.06946000000000001,0.07
2021-03-17,0.01,0.02267,0.05322999999999999,0.06896000000000001,0.07
2021-03-18,0.01,0.021330000000000002,0.05234,0.06851,0.07
2021-03-19,0.01,0.01967,0.05145,0.06807,0.07
2021-03-22,0.01,0.017,0.048780000000000004,0.0669,0.07
2021-03-23,0.01,0.016669999999999997,0.04811,0.06662,0.07
2021-03-24,0.01,0.01633,0.047560000000000005,0.06629,0.07
2021-03-25,0.01,0.01567,0.04678,0.0659,0.07
2021-03-26,0.01,0.01567,0.046,0.06551,0.07
2021-03-29,0.01,0.014669999999999999,0.04356,0.0644,0.07
2021-03-30,0.01,0.014669999999999999,0.04256,0.06401,0.07
2021-03-31,0.01,0.014669999999999999,0.04167,0.06362000000000001,0.06
2021-04-01,0.01,0.01433,0.041,0.06312000000000001,0.07
2021-04-02,,,,,0.07
2021-04-05,0.01,0.01167,0.038,0.06118,0.07
2021-04-06,0.01,0.01133,0.03689,0.06072999999999999,0.07
2021-04-07,0.01,0.011,0.03589,0.06034,0.07
2021-04-08,0.01,0.01067,0.03489,0.0599,0.07
2021-04-09,0.01,0.010329999999999999,0.034,0.05945,0.07
2021-04-12,0.01,0.01,0.031330000000000004,0.058120000000000005,0.07
2021-04-13,0.01,0.01,0.030560000000000004,0.057670000000000006,0.07
2021-04-14,0.01,0.01,0.02978,0.057170000000000006,0.07
2021-04-15,0.01,0.01,0.029,0.056729999999999996,0.07
2021-04-16,0.01,0.01,0.02822,0.05629,0.07
2021-04-19,0.01,0.01,0.025889999999999996,0.05501,0.07
2021-04-20,0.01,0.01,0.02522,0.05467,0.07
2021-04-21,0.01,0.01,0.024669999999999997,0.05434,0.07
2021-04-22,0.01,0.01,0.02433,0.05395,0.07
2021-04-23,0.01,0.01,0.02389,0.05356,0.07
2021-04-26,0.01,0.01,0.02245,0.05227999999999999,0.07
2021-04-27,0.01,0.01,0.02222,0.0519,0.07
2021-04-28,0.01,0.01,0.022,0.05145,0.07
2021-04-29,0.01,0.01,0.02167,0.05101,0.06
2021-04-30,0.01,0.01,0.02111,0.05056,0.05
2021-05-03,0.01,0.01,0.01933,0.04906,0.06
2021-05-04,0.01,0.01,0.01867,0.04856,0.06
2021-05-05,0.01,0.01,0.018,0.048010000000000004,0.06
2021-05-06,0.01,0.01,0.01756,0.047510000000000004,0.06
2021-05-07,0.01,0.01,0.01744,0.04701,0.06
2021-05-10,0.01,0.01,0.01711,0.04551,0.06
2021-05-11,0.01,0.01,0.016669999999999997,0.045,0.06
2021-05-12,0.01,0.01,0.01611,0.04456,0.06
2021-05-13,0.01,0.01,0.01556,0.04412,0.06
2021-05-14,0.01,0.01,0.01511,0.04367,0.06
2021-05-17,0.01,0.01,0.01378,0.04228,0.06
2021-05-18,0.01,0.01,0.013219999999999999,0.04195,0.06
2021-05-19,0.01,0.01,0.01267,0.04167,0.06
2021-05-20,0.01,0.01,0.012440000000000001,0.04145,0.06
2021-05-21,0.01,0.01,0.012329999999999999,0.04123,0.06
2021-05-24,0.01,0.01,0.011890000000000001,0.04045,0.06
2021-05-25,0.01,0.01,0.011890000000000001,0.040060000000000005,0.06
2021-05-26,0.01,0.01,0.01178,0.03967,0.06
2021-05-27,0.01,0.01,0.011559999999999999,0.03928,0.06
2021-05-28,0.01,0.01,0.011559999999999999,0.03889,0.05
2021-05-31,,,,,
2021-06-01,0.01,0.01,0.01111,0.03728,0.06
2021-06-02,0.01,0.01,0.01078,0.03689,0.06
2021-06-03,0.01,0.01,0.01067,0.03645,0.06
2021-06-04,0.01,0.01,0.01056,0.036,0.06
2021-06-07,0.01,0.01,0.01022,0.034839999999999996,0.06
2021-06-08,0.01,0.01,0.01011,0.03445,0.06
2021-06-09,0.01,0.01,0.01,0.03406,0.06
2021-06-10,0.01,0.01,0.01,0.03367,0.06
2021-06-11,0.01,0.01,0.01,0.033280000000000004,0.06
2021-06-14,0.01,0.01,0.01,0.032060000000000005,0.06
2021-06-15,0.01,0.01,0.01,0.03161,0.06
2021-06-16,0.01,0.01,0.01,0.03117,0.06
2021-06-17,0.05,0.01,0.01,0.030719999999999997,0.1
2021-06-18,0.05,0.01133,0.010440000000000001,0.0305,0.1
2021-06-21,0.05,0.015330000000000002,0.01178,0.02995,0.1
2021-06-22,0.05,0.016669999999999997,0.01222,0.029889999999999996,0.1
2021-06-23,0.05,0.018,0.01267,0.02972,0.1
2021-06-24,0.05,0.01933,0.01311,0.029560000000000003,0.1
2021-06-25,0.05,0.020669999999999997,0.01356,0.02939,0.1
2021-06-28,0.05,0.024669999999999997,0.01489,0.02872,0.1
2021-06-29,0.05,0.026,0.015330000000000002,0.0285,0.1
2021-06-30,0.05,0.02733,0.015780000000000002,0.02839,0.08
2021-07-01,0.05,0.028669999999999998,0.01622,0.02828,0.1
2021-07-02,0.05,0.03,0.016669999999999997,0.02817,0.1
2021-07-05,,,,,
2021-07-06,0.05,0.03533,0.01844,0.02717,0.1
2021-07-07,0.05,0.03667,0.01889,0.026889999999999997,0.1
2021-07-08,0.05,0.038,0.01933,0.02667,0.1
2021-07-09,0.05,0.039330000000000004,0.019780000000000002,0.02645,0.1
2021-07-12,0.05,0.04333,0.02111,0.025830000000000002,0.1
2021-07-13,0.05,0.04467,0.02156,0.02567,0.1
2021-07-14,0.05,0.046,0.022,0.0255,0.1
2021-07-15,0.05,0.047330000000000004,0.02245,0.025330000000000002,0.1
2021-07-16,0.05,0.04867,0.02289,0.025169999999999998,0.1
2021-07-19,0.05,0.05,0.02422,0.02472,0.1
2021-07-20,0.05,0.05,0.024669999999999997,0.024669999999999997,0.1
2021-07-21,0.05,0.05,0.02511,0.02472,0.1
2021-07-22,0.05,0.05,0.02556,0.02472,0.1
2021-07-23,0.05,0.05,0.026,0.02472,0.1
2021-07-26,0.05,0.05,0.02733,0.02478,0.1
2021-07-27,0.05,0.05,0.027780000000000003,0.02489,0.1
2021-07-28,0.05,0.05,0.02822,0.02495,0.1
2021-07-29,0.05,0.05,0.028669999999999998,0.02489,0.1
2021-07-30,0.05,0.05,0.029110000000000004,0.02483,0.07
2021-08-02,0.05,0.05,0.03045,0.02456,0.1
2021-08-03,0.05,0.05,0.030889999999999997,0.02445,0.1
2021-08-04,0.05,0.05,0.031330000000000004,0.02445,0.1
2021-08-05,0.05,0.05,0.03178,0.02461,0.1
2021-08-06,0.05,0.05,0.03222,0.02478,0.1
2021-08-09,0.05,0.05,0.03356,0.02511,0.1
2021-08-10,0.05,0.05,0.034,0.02506,0.1
2021-08-11,0.05,0.05,0.03445,0.025,0.1
2021-08-12,0.05,0.05,0.03489,0.025,0.1
2021-08-13,0.05,0.05,0.03533,0.025,0.1
2021-08-16,0.05,0.05,0.03667,0.02495,0.1
2021-08-17,0.05,0.05,0.037110000000000004,0.02489,0.1
2021-08-18,0.05,0.05,0.03756,0.025,0.09
2021-08-19,0.05,0.05,0.038,0.025169999999999998,0.09
2021-08-20,0.05,0.05,0.03845,0.025330000000000002,0.09
2021-08-23,0.05,0.05,0.03978,0.025830000000000002,0.09
2021-08-24,0.05,0.05,0.04022,0.026,0.09
2021-08-25,0.05,0.05,0.04067,0.02611,0.09
2021-08-26,0.05,0.05,0.04111,0.02634,0.09
2021-08-27,0.05,0.05,0.04156,0.026560000000000004,0.08
2021-08-30,0.05,0.05,0.04289,0.027,0.08
2021-08-31,0.05,0.05,0.04334,0.02706,0.06
2021-09-01,0.05,0.05,0.04378,0.027219999999999998,0.08
2021-09-02,0.05,0.05,0.044219999999999995,0.027389999999999998,0.08
2021-09-03,0.05,0.05,0.04467,0.02756,0.08
2021-09-06,,,,,
2021-09-07,0.05,0.05,0.04645,0.02822,0.08
2021-09-08,0.05,0.05,0.04689,0.02845,0.08
2021-09-09,0.05,0.05,0.04734,0.028669999999999998,0.08
2021-09-10,0.05,0.05,0.04778,0.02889,0.08
2021-09-13,0.05,0.05,0.04911,0.029560000000000003,0.08
2021-09-14,0.05,0.05,0.04956,0.02978,0.08
2021-09-15,0.05,0.05,0.05,0.03,0.08
2021-09-16,0.05,0.05,0.05,0.03022,0.08
2021-09-17,0.05,0.05,0.05,0.03045,0.08
2021-09-20,0.05,0.05,0.05,0.031110000000000002,0.08
2021-09-21,0.05,0.05,0.05,0.03134,0.08
2021-09-22,0.05,0.05,0.05,0.031560000000000005,0.08
2021-09-23,0.05,0.05,0.05,0.03178,0.08
2021-09-24,0.05,0.05,0.05,0.032,0.08
2021-09-27,0.05,0.05,0.05,0.03267,0.08
2021-09-28,0.05,0.05,0.05,0.032889999999999996,0.08
2021-09-29,0.05,0.05,0.05,0.03311,0.08
2021-09-30,0.05,0.05,0.05,0.033339999999999995,0.06
2021-10-01,0.05,0.05,0.05,0.03356,0.08
2021-10-04,0.05,0.05,0.05,0.034230000000000003,0.08
2021-10-05,0.05,0.05,0.05,0.03445,0.08
2021-10-06,0.05,0.05,0.05,0.03467,0.08
2021-10-07,0.05,0.05,0.05,0.03489,0.08
2021-10-08,0.05,0.05,0.05,0.03511,0.08
2021-10-11,,,,,
2021-10-12,0.05,0.05,0.05,0.036,0.08
2021-10-13,0.05,0.05,0.05,0.03623,0.08
2021-10-14,0.05,0.05,0.05,0.03645,0.08
2021-10-15,0.05,0.05,0.05,0.03667,0.08
2021-10-18,0.05,0.05,0.05,0.03734,0.08
2021-10-19,0.03,0.05,0.05,0.03756,0.08
2021-10-20,0.03,0.04933,0.04978,0.03767,0.08
2021-10-21,0.03,0.04867,0.04956,0.03778,0.08
2021-10-22,0.05,0.048,0.049339999999999995,0.03789,0.08
2021-10-25,0.04,0.048,0.049339999999999995,0.038560000000000004,0.08
2021-10-26,0.05,0.04767,0.04923,0.03873,0.08
2021-10-27,0.05,0.04767,0.04923,0.03895,0.08
2021-10-28,0.05,0.04767,0.04923,0.039169999999999996,0.08
2021-10-29,0.05,0.04767,0.04923,0.039389999999999994,0.07
2021-11-01,0.05,0.04767,0.04923,0.040060000000000005,0.08
2021-11-02,0.05,0.04767,0.04923,0.04028,0.08
2021-11-03,0.05,0.04767,0.04923,0.0405,0.08
2021-11-04,0.05,0.04767,0.04923,0.04073,0.08
2021-11-05,0.05,0.04767,0.04923,0.04095,0.08
2021-11-08,0.05,0.04767,0.04923,0.04162,0.08
2021-11-09,0.05,0.04767,0.04923,0.041839999999999995,0.08
2021-11-10,0.05,0.04767,0.04923,0.04206,0.08
2021-11-11,,,,,
2021-11-12,0.05,0.04767,0.04923,0.0425,0.08
2021-11-15,0.05,0.04767,0.04923,0.04317,0.08
2021-11-16,0.05,0.04767,0.04923,0.04339,0.08
2021-11-17,0.05,0.04767,0.04923,0.04362,0.08
2021-11-18,0.05,0.04767,0.04923,0.04384,0.08
2021-11-19,0.05,0.04833,0.04923,0.04406,0.08
2021-11-22,0.05,0.04967,0.04923,0.04473,0.08
2021-11-23,0.05,0.04967,0.04923,0.04495,0.08
2021-11-24,0.05,0.04967,0.04923,0.04517,0.08
2021-11-25,,,,,
2021-11-26,0.05,0.05,0.04923,0.04562,0.08
2021-11-29,0.05,0.05,0.04923,0.04628,0.08
2021-11-30,0.05,0.05,0.04923,0.04651,0.07
2021-12-01,0.05,0.05,0.04923,0.04673,0.08
2021-12-02,0.05,0.05,0.04923,0.04695,0.08
2021-12-03,0.05,0.05,0.04923,0.04717,0.08
2021-12-06,0.05,0.05,0.04923,0.04784,0.08
2021-12-07,0.05,0.05,0.04923,0.048060000000000005,0.08
2021-12-08,0.05,0.05,0.04923,0.04828,0.08
2021-12-09,0.05,0.05,0.04923,0.048510000000000005,0.08
2021-12-10,0.05,0.05,0.04923,0.04873,0.08
2021-12-13,0.05,0.05,0.04923,0.049389999999999996,0.08
2021-12-14,0.05,0.05,0.04923,0.04962,0.08
2021-12-15,0.05,0.05,0.04923,0.04962,0.08
2021-12-16,0.05,0.05,0.04923,0.04962,0.08
2021-12-17,0.05,0.05,0.04923,0.04962,0.08
2021-12-20,0.04,0.05,0.04923,0.04962,0.08
2021-12-21,0.05,0.04967,0.04911,0.04956,0.08
2021-12-22,0.05,0.04967,0.04911,0.04956,0.08
2021-12-23,0.05,0.04967,0.04911,0.04956,0.08
2021-12-24,,,,,0.08
2021-12-27,0.05,0.04967,0.04911,0.04956,0.08
2021-12-28,0.05,0.04967,0.04911,0.04956,0.08
2021-12-29,0.05,0.04967,0.04911,0.04956,0.08
2021-12-30,0.05,0.04967,0.04911,0.04956,0.08
2021-12-31,0.05,0.04967,0.04911,0.04956,0.07
2022-01-03,0.05,0.04967,0.04911,0.04956,0.08
2022-01-04,0.05,0.04967,0.04911,0.04956,0.08
2022-01-05,0.05,0.04967,0.04911,0.04956,0.08
2022-01-06,0.05,0.04967,0.04911,0.04956,0.08
2022-01-07,0.05,0.04967,0.04911,0.04956,0.08
2022-01-10,0.05,0.04967,0.04911,0.04956,0.08
2022-01-11,0.05,0.04967,0.04911,0.04956,0.08
2022-01-12,0.05,0.04967,0.04911,0.04956,0.08
2022-01-13,0.05,0.04967,0.04911,0.04956,0.08
2022-01-14,0.05,0.04967,0.04911,0.04956,0.08
2022-01-17,,,,,
2022-01-18,0.05,0.04967,0.049339999999999995,0.04956,0.08
2022-01-19,0.05,0.04967,0.04956,0.04956,0.08
2022-01-20,0.04,0.05,0.04978,0.04956,0.08
2022-01-21,0.05,0.04967,0.04967,0.049510000000000005,0.08
2022-01-24,0.04,0.04967,0.04978,0.049510000000000005,0.08
2022-01-25,0.05,0.04933,0.04967,0.04945,0.08
2022-01-26,0.04,0.04933,0.04967,0.04945,0.08
2022-01-27,0.04,0.049,0.04956,0.049389999999999996,0.08
2022-01-28,0.05,0.04867,0.04945,0.049339999999999995,0.08
2022-01-31,0.05,0.04867,0.04945,0.049339999999999995,0.08
2022-02-01,0.05,0.04867,0.04945,0.049339999999999995,0.08
2022-02-02,0.05,0.04867,0.04945,0.049339999999999995,0.08
2022-02-03,0.05,0.04867,0.04945,0.049339999999999995,0.08
2022-02-04,0.05,0.04867,0.04945,0.049339999999999995,0.08
2022-02-07,0.05,0.04867,0.04945,0.049339999999999995,0.08
2022-02-08,0.05,0.04867,0.04945,0.049339999999999995,0.08
2022-02-09,0.04,0.04867,0.04945,0.049339999999999995,0.08
2022-02-10,0.05,0.04833,0.049339999999999995,0.049280000000000004,0.08
2022-02-11,0.05,0.04833,0.049339999999999995,0.049280000000000004,0.08
2022-02-14,0.05,0.04833,0.049339999999999995,0.049280000000000004,0.08
2022-02-15,0.05,0.04833,0.049339999999999995,0.049280000000000004,0.08
2022-02-16,0.05,0.04833,0.049339999999999995,0.049280000000000004,0.08
2022-02-17,0.05,0.04833,0.049339999999999995,0.049280000000000004,0.08
2022-02-18,0.05,0.04833,0.049339999999999995,0.049280000000000004,0.08
2022-02-21,,,,,
2022-02-22,0.05,0.04867,0.049339999999999995,0.049280000000000004,0.08
2022-02-23,0.05,0.04867,0.049339999999999995,0.049280000000000004,0.08
2022-02-24,0.05,0.049,0.049339999999999995,0.049280000000000004,0.08
2022-02-25,0.05,0.049,0.049339999999999995,0.049280000000000004,0.08
2022-02-28,0.05,0.04967,0.049339999999999995,0.049280000000000004,0.08
2022-03-01,0.05,0.04967,0.049339999999999995,0.049280000000000004,0.08
2022-03-02,0.05,0.04967,0.049339999999999995,0.049280000000000004,0.08
2022-03-03,0.05,0.04967,0.049339999999999995,0.049280000000000004,0.08
2022-03-04,0.05,0.04967,0.049339999999999995,0.049280000000000004,0.08
2022-03-07,0.05,0.04967,0.049339999999999995,0.049280000000000004,0.08
2022-03-08,0.05,0.04967,0.049339999999999995,0.049280000000000004,0.08
2022-03-09,0.05,0.04967,0.049339999999999995,0.049280000000000004,0.08
2022-03-10,0.05,0.04967,0.049339999999999995,0.049280000000000004,0.08
2022-03-11,0.05,0.04967,0.049339999999999995,0.049280000000000004,0.08
2022-03-14,0.05,0.05,0.049339999999999995,0.049280000000000004,0.08
2022-03-15,0.05,0.05,0.049339999999999995,0.049280000000000004,0.08
2022-03-16,0.05,0.05,0.049339999999999995,0.049280000000000004,0.08
2022-03-17,0.3,0.05,0.049339999999999995,0.049280000000000004,0.33
2022-03-18,0.3,0.05832999999999999,0.052110000000000004,0.05067,0.33
2022-03-21,0.29,0.08334,0.06056,0.05484,0.33
2022-03-22,0.28,0.09134,0.06323,0.056170000000000005,0.33
2022-03-23,0.27,0.099,0.06577999999999999,0.05745,0.33
2022-03-24,0.27,0.10634,0.06823,0.058679999999999996,0.33
2022-03-25,0.28,0.11367000000000001,0.07067000000000001,0.0599,0.33
2022-03-28,0.28,0.13667,0.07833999999999999,0.06373,0.33
2022-03-29,0.28,0.14434,0.0809,0.06501,0.33
2022-03-30,0.27,0.15200999999999998,0.08345,0.06629,0.33
2022-03-31,0.29,0.15934,0.0859,0.06751,0.33
2022-04-01,0.3,0.16734000000000002,0.08856,0.06884,0.33
2022-04-04,0.3,0.19235,0.0969,0.07301,0.33
2022-04-05,0.3,0.20068,0.09967999999999999,0.0744,0.33
2022-04-06,0.3,0.20901999999999998,0.10246,0.07579,0.33
2022-04-07,0.3,0.21735,0.10524000000000001,0.07718,0.33
2022-04-08,0.3,0.22569,0.10801,0.07857,0.33
2022-04-11,0.3,0.25069,0.11635,0.08274,0.33
2022-04-12,0.29,0.25903000000000004,0.11913,0.08413,0.33
2022-04-13,0.29,0.26703000000000005,0.1218,0.08546000000000001,0.33
2022-04-14,0.29,0.27503,0.12445999999999999,0.0868,0.33
2022-04-15,,,,,0.33
2022-04-18,0.29,0.29036999999999996,0.13513,0.09224,0.33
2022-04-19,0.28,0.29003,0.1378,0.09369,0.33
2022-04-20,0.27,0.28936999999999996,0.14035999999999998,0.09508,0.33
2022-04-21,0.26,0.2887,0.14290999999999998,0.0963,0.33
2022-04-22,0.27,0.28803,0.14525,0.09747,0.33
2022-04-25,0.27,0.2877,0.15269000000000002,0.10119,0.33
2022-04-26,0.27,0.28736999999999996,0.15514,0.10240999999999999,0.33
2022-04-27,0.28,0.28703,0.1577,0.10364000000000001,0.33
2022-04-28,0.28,0.28703,0.16036,0.10492,0.33
2022-04-29,0.28,0.28703,0.16292,0.10619,0.33
2022-05-02,0.3,0.28636999999999996,0.17059000000000002,0.11002999999999999,0.33
2022-05-03,0.3,0.28636999999999996,0.17337,0.11142,0.33
2022-05-04,0.3,0.28636999999999996,0.17615,0.11281,0.33
2022-05-05,0.79,0.28636999999999996,0.17893,0.1142,0.83
2022-05-06,0.78,0.3027,0.18715,0.11830999999999998,0.83
2022-05-09,0.78,0.35070999999999997,0.2115,0.13049000000000002,0.83
2022-05-10,0.78,0.36672,0.21961,0.13454000000000002,0.83
2022-05-11,0.78,0.38272,0.22784000000000001,0.1386,0.83
2022-05-12,0.79,0.39873000000000003,0.23596,0.14265999999999998,0.83
2022-05-13,0.79,0.4154,0.24418,0.14677,0.83
2022-05-16,0.8,0.46542,0.26886,0.15912,0.83
2022-05-17,0.8,0.48241999999999996,0.2772,0.16329000000000002,0.83
2022-05-18,0.79,0.49943000000000004,0.28554,0.16746,0.83
2022-05-19,0.79,0.5161,0.29377,0.17157,0.83
2022-05-20,0.78,0.5331100000000001,0.302,0.17569,0.83
2022-05-23,0.78,0.5844600000000001,0.32635,0.18786,0.83
2022-05-24,0.78,0.60147,0.33447,0.19192,0.83
2022-05-25,0.78,0.61848,0.34259,0.19598,0.83
2022-05-26,0.78,0.63549,0.3507,0.20004,0.83
2022-05-27,0.78,0.6525,0.35882,0.2041,0.83
2022-05-30,,,,,
2022-05-31,0.79,0.7192,0.3913,0.22034,0.83
2022-06-01,0.8,0.73621,0.39953,0.22446,0.83
2022-06-02,0.79,0.75289,0.40786999999999995,0.22863000000000003,0.83
2022-06-03,0.78,0.76923,0.4161,0.23274,0.83
2022-06-06,0.78,0.78491,0.44046,0.24491999999999997,0.83
2022-06-07,0.77,0.78491,0.44858000000000003,0.24898,0.83
2022-06-08,0.76,0.78457,0.45658999999999994,0.25299,0.83
2022-06-09,0.75,0.78391,0.46448,0.25694,0.83
2022-06-10,0.75,0.7829,0.47226999999999997,0.26083,0.83
2022-06-13,0.73,0.7792399999999999,0.49563,0.27251,0.83
2022-06-14,0.69,0.77723,0.5032,0.2763,0.83
2022-06-15,0.7,0.7739,0.51032,0.27986,0.83
2022-06-16,1.45,0.77056,0.51477,0.28347,1.58
2022-06-17,1.45,0.7922399999999999,0.52756,0.29125999999999996,1.58
2022-06-20,,,,,
2022-06-21,1.45,0.8809600000000001,0.57907,0.32247,1.58
2022-06-22,1.45,0.9033100000000001,0.5922,0.33026,1.58
2022-06-23,1.44,0.92566,0.60533,0.33805999999999997,1.58
2022-06-24,1.46,0.94768,0.61824,0.34579,1.58
2022-06-27,1.5,1.0157200000000002,0.65763,0.36933,1.58
2022-06-28,1.52,1.03975,0.6712100000000001,0.3774,1.58
2022-06-29,1.51,1.06443,0.68512,0.38558000000000003,1.58
2022-06-30,1.5,1.08879,0.6987,0.39371,1.58
2022-07-01,1.52,1.11248,0.71206,0.40178,1.58
2022-07-04,,,,,
2022-07-05,1.54,1.21022,0.76637,0.43451000000000006,1.58
2022-07-06,1.54,1.23558,0.78018,0.44281000000000004,1.58
2022-07-07,1.54,1.26094,0.79398,0.45111,1.58
2022-07-08,1.53,1.28663,0.80779,0.4594,1.58
2022-07-11,1.53,1.36438,0.8488700000000001,0.48413,1.58
2022-07-12,1.54,1.3904100000000001,0.8626799999999999,0.49237,1.58
2022-07-13,1.53,1.41677,0.8766,0.50067,1.58
2022-07-14,1.53,1.44347,0.8904,0.5089100000000001,1.58
2022-07-15,1.54,1.4715,0.9042100000000001,0.51715,1.58
2022-07-18,1.54,1.5055399999999999,0.9459700000000001,0.54205,1.58
2022-07-19,1.54,1.50855,0.96,0.55035,1.58
2022-07-20,1.53,1.51155,0.97415,0.55871,1.58
2022-07-21,1.53,1.5142200000000001,0.9883,0.56695,1.58
2022-07-22,1.52,1.51689,1.00233,0.5752,1.58
2022-07-25,1.53,1.5239,1.0441,0.59982,1.58
2022-07-26,1.53,1.52624,1.0581399999999999,0.6081300000000001,1.58
2022-07-27,1.53,1.52857,1.07206,0.61643,1.58
2022-07-28,2.28,1.52958,1.08599,0.62468,2.33
2022-07-29,2.27,1.55494,1.10827,0.6371,2.32
2022-08-01,2.28,1.63103,1.17456,0.6742199999999999,2.33
2022-08-02,2.3,1.6564,1.1966299999999999,0.68665,2.33
2022-08-03,2.29,1.6824400000000002,1.21892,0.69919,2.33
2022-08-04,2.29,1.7081400000000002,1.23563,0.71168,2.33
2022-08-05,2.28,1.73317,1.2524600000000001,0.72417,2.33
2022-08-08,2.28,1.8076,1.3026200000000001,0.76147,2.33
2022-08-09,2.29,1.83264,1.31934,0.77396,2.33
2022-08-10,2.28,1.85801,1.33617,0.78646,2.33
2022-08-11,2.28,1.88305,1.3527799999999999,0.79889,2.33
2022-08-12,2.28,1.90775,1.3693899999999999,0.81133,2.33
2022-08-15,2.29,1.98253,1.41911,0.84865,2.33
2022-08-16,2.29,2.00757,1.43573,0.86115,2.33
2022-08-17,2.29,2.03261,1.45245,0.87364,2.33
2022-08-18,2.28,2.05765,1.46918,0.8861399999999999,2.33
2022-08-19,2.28,2.08236,1.48591,0.89859,2.33
2022-08-22,2.28,2.15781,1.53609,0.9359200000000001,2.33
2022-08-23,2.27,2.18319,1.55282,0.94837,2.33
2022-08-24,2.27,2.20824,1.56944,0.9607600000000001,2.33
2022-08-25,2.28,2.23295,1.58606,0.97315,2.33
2022-08-26,2.28,2.25799,1.60279,0.9856,2.33
2022-08-29,2.28,2.28337,1.6529900000000002,1.02295,2.33
2022-08-30,2.29,2.2837099999999997,1.6696099999999998,1.0354,2.33
2022-08-31,2.29,2.28437,1.6862400000000002,1.0479100000000001,2.33
2022-09-01,2.29,2.28471,1.70297,1.0604200000000001,2.33
2022-09-02,2.29,2.28437,1.7198200000000001,1.07293,2.33
2022-09-05,,,,,
2022-09-06,2.29,2.28503,1.7873299999999999,1.1229799999999999,2.33
2022-09-07,2.28,2.28536,1.8044,1.1354899999999999,2.33
2022-09-08,2.28,2.28536,1.82148,1.14795,2.33
2022-09-09,2.28,2.28503,1.8385599999999998,1.16041,2.33
2022-09-12,2.28,2.2850200000000003,1.8900099999999997,1.19779,2.33
2022-09-13,2.28,2.28503,1.90776,1.2102600000000001,2.33
2022-09-14,2.27,2.28503,1.9254,1.2213200000000002,2.33
2022-09-15,2.28,2.28436,1.93455,1.23233,2.33
2022-09-16,2.27,2.28403,1.94382,1.2434,2.33
2022-09-19,2.27,2.28269,1.9712900000000002,1.27661,2.33
2022-09-20,2.26,2.2823599999999997,1.9804400000000002,1.28779,2.33
2022-09-21,2.25,2.28169,1.9894900000000002,1.29891,2.33
2022-09-22,2.99,2.2806900000000003,1.99853,1.3099299999999998,3.08
2022-09-23,2.99,2.3047299999999997,2.01562,1.32508,3.08
2022-09-26,2.99,2.3761799999999997,2.06642,1.37055,3.08
2022-09-27,2.98,2.3999,2.08283,1.38576,3.08
2022-09-28,2.98,2.42328,2.09925,1.40081,3.08
2022-09-29,2.96,2.44666,2.11578,1.4158,3.08
2022-09-30,2.98,2.46903,2.13187,1.43069,3.08
2022-10-03,3.0,2.53816,2.18079,1.47567,3.08
2022-10-04,3.04,2.56189,2.1971,1.49078,3.08
2022-10-05,3.04,2.58695,2.21386,1.5061200000000001,3.08
2022-10-06,3.05,2.612,2.23061,1.52145,3.08
2022-10-07,3.05,2.63738,2.2476,1.53685,3.08
2022-10-10,,,,,
2022-10-11,3.05,2.74024,2.31541,1.59854,3.08
2022-10-12,3.04,2.7659599999999998,2.33239,1.61399,3.08
2022-10-13,3.04,2.79135,2.34927,1.62939,3.08
2022-10-14,3.04,2.8167400000000002,2.36603,1.6448,3.08
2022-10-17,3.05,2.89357,2.4163200000000002,1.6910599999999998,3.08
2022-10-18,3.04,2.9196299999999997,2.4332,1.7066400000000002,3.08
2022-10-19,3.04,2.94536,2.45008,1.7222099999999998,3.08
2022-10-20,3.03,2.9710900000000002,2.46696,1.73773,3.08
2022-10-21,3.02,2.99682,2.4838400000000003,1.7532,3.08
2022-10-24,3.01,3.02454,2.53403,1.7994400000000002,3.08
2022-10-25,3.02,3.02522,2.55058,1.8147400000000002,3.08
2022-10-26,3.03,3.02622,2.56724,1.8301,3.08
2022-10-27,3.04,3.02756,2.57563,1.84552,3.08
2022-10-28,3.05,3.02956,2.5842400000000003,1.8609900000000001,3.08
2022-10-31,3.05,3.03724,2.61029,1.90736,3.08
2022-11-01,3.05,3.03959,2.6186700000000003,1.92278,3.08
2022-11-02,3.05,3.04193,2.62717,1.93546,3.08
2022-11-03,3.8,3.0436,2.63567,1.94819,3.83
2022-11-04,3.8,3.0689900000000003,2.65267,1.9651299999999998,3.83
2022-11-07,3.78,3.1445,2.7036599999999997,2.0159599999999998,3.83
2022-11-08,3.78,3.16891,2.72033,2.0327900000000003,3.83
2022-11-09,3.78,3.19332,2.73711,2.04957,3.83
2022-11-10,3.78,3.21771,2.75389,2.06635,3.83
2022-11-11,,,,,
2022-11-14,3.79,3.31624,2.82088,2.13337,3.83
2022-11-15,3.8,3.3413199999999996,2.83766,2.15021,3.83
2022-11-16,3.81,3.3667199999999995,2.8545599999999998,2.1671099999999996,3.83
2022-11-17,3.8,3.39212,2.87168,2.18413,3.83
2022-11-18,3.8,3.4175199999999997,2.88869,2.20109,3.83
2022-11-21,3.8,3.49471,2.93971,2.25197,3.83
2022-11-22,3.8,3.5208,2.95684,2.26894,3.83
2022-11-23,3.79,3.5468699999999997,2.97396,2.28591,3.83
2022-11-24,,,,,
2022-11-25,3.8,3.59867,3.0077599999999998,2.31973,3.83
2022-11-28,3.8,3.67487,3.0588,2.37059,3.83
2022-11-29,3.81,3.69996,3.0757,2.38745,3.83
2022-11-30,3.82,3.72536,3.09272,2.40443,3.83
2022-12-01,3.82,3.7511099999999997,3.10985,2.42152,3.83
2022-12-02,3.81,3.77685,3.12699,2.4386200000000002,3.83
2022-12-05,3.81,3.80292,3.17804,2.48978,3.83
2022-12-06,3.8,3.80327,3.19506,2.50694,3.83
2022-12-07,3.8,3.80327,3.21208,2.5241,3.83
2022-12-08,3.8,3.8039400000000003,3.22911,2.54125,3.83
2022-12-09,3.8,3.8046,3.24614,2.55841,3.83
2022-12-12,3.8,3.8066400000000002,3.2972,2.6103400000000003,3.83
2022-12-13,3.8,3.80732,3.3142300000000002,2.62779,3.83
2022-12-14,3.8,3.80799,3.3313699999999997,2.64102,3.83
2022-12-15,4.32,3.8083199999999997,3.3484,2.65424,4.33
2022-12-16,4.32,3.82571,3.3713699999999998,2.6704,4.33
2022-12-19,4.3,3.87751,3.44026,2.71887,4.33
2022-12-20,4.3,3.89424,3.4631199999999995,2.7349099999999997,4.33
2022-12-21,4.3,3.9109599999999998,3.4860900000000004,2.75102,4.33
2022-12-22,4.3,3.9276800000000005,3.5007699999999997,2.76701,4.33
2022-12-23,4.3,3.9444,3.51546,2.78301,4.33
2022-12-26,,,,,
2022-12-27,4.3,4.0119,3.57427,2.84614,4.33
2022-12-28,4.3,4.02862,3.5890699999999995,2.86192,4.33
2022-12-29,4.3,4.04534,3.6040900000000002,2.87758,4.33
2022-12-30,4.3,4.061730000000001,3.61889,2.89325,4.33
2023-01-02,,,,,
2023-01-03,4.31,4.12655,3.6771599999999998,2.95568,4.33
2023-01-04,4.3,4.143269999999999,3.6914,2.9713,4.33
2023-01-05,4.31,4.15966,3.7054199999999997,2.98692,4.33
2023-01-06,4.31,4.17671,3.71955,3.00259,4.33
2023-01-09,4.31,4.22786,3.7619300000000004,3.04956,4.33
2023-01-10,4.31,4.24493,3.7760599999999998,3.06524,4.33
2023-01-11,4.3,4.26199,3.79031,3.08092,4.33
2023-01-12,4.3,4.27871,3.80444,3.09649,4.33
2023-01-13,4.3,4.29544,3.8185800000000003,3.11206,4.33
2023-01-16,,,,,
2023-01-17,4.31,4.31011,3.87497,3.1743900000000003,4.33
2023-01-18,4.3,4.309769999999999,3.88921,3.19008,4.33
2023-01-19,4.31,4.309769999999999,3.90346,3.2057700000000002,4.33
2023-01-20,4.3,4.31011,3.91794,3.22152,4.33
2023-01-23,4.3,4.31011,3.9611199999999998,3.26848,4.33
2023-01-24,4.3,4.3101400000000005,3.97548,3.2841199999999997,4.33
2023-01-25,4.31,4.31016,3.98973,3.29552,4.33
2023-01-26,4.3,4.31049,4.00398,3.30704,4.33
2023-01-27,4.3,4.31049,4.018009999999999,3.31851,4.33
2023-01-30,4.3,4.31049,4.06008,3.35267,4.33
2023-01-31,4.31,4.31053,4.07411,3.3640199999999996,4.33
2023-02-01,4.31,4.31088,4.08825,3.37543,4.33
2023-02-02,4.56,4.31121,4.09398,3.3869,4.58
2023-02-03,4.55,4.31957,4.10251,3.3997800000000002,4.58
2023-02-06,4.55,4.34397,4.12798,3.43819,4.58
2023-02-07,4.55,4.35201,4.13662,3.4510199999999998,4.58
2023-02-08,4.55,4.360040000000001,4.1452599999999995,3.46385,4.58
2023-02-09,4.55,4.3680699999999995,4.153919999999999,3.4766800000000004,4.57
2023-02-10,4.55,4.3761,4.16257,3.4895099999999997,4.58
2023-02-13,4.55,4.40118,4.18838,3.52788,4.58
2023-02-14,4.55,4.40958,4.1968,3.54065,4.58
2023-02-15,4.55,4.41796,4.2051,3.55349,4.58
2023-02-16,4.55,4.42632,4.21352,3.5663199999999997,4.58
2023-02-17,4.55,4.43435,4.22195,3.57916,4.58
2023-02-20,,,,,
2023-02-21,4.55,4.4674,4.2556,3.6306,4.58
2023-02-22,4.55,4.47577,4.26414,3.64344,4.58
2023-02-23,4.55,4.48413,4.27267,3.65628,4.58
2023-02-24,4.55,4.49249,4.2811,3.6691199999999995,4.58
2023-02-27,4.55,4.5172300000000005,4.30636,3.70759,4.57
2023-02-28,4.55,4.5256099999999995,4.31466,3.7203699999999995,4.57
2023-03-01,4.55,4.53397,4.3228599999999995,3.73316,4.58
2023-03-02,4.55,4.54234,4.33106,3.74595,4.57
2023-03-03,4.55,4.55037,4.33938,3.75874,4.57
2023-03-06,4.55,4.55804,4.3643,3.79711,4.57
2023-03-07,4.55,4.55806,4.372719999999999,3.80996,4.57
2023-03-08,4.55,4.55806,4.38114,3.82281,4.57
2023-03-09,4.55,4.55806,4.38957,3.83566,4.57
2023-03-10,4.55,4.55806,4.398,3.8485199999999997,4.57
2023-03-13,4.55,4.55804,4.42326,3.8870699999999996,4.58
2023-03-14,4.55,4.55806,4.43168,3.8999800000000002,4.58
2023-03-15,4.58,4.55806,4.44011,3.91284,4.58
2023-03-16,4.57,4.55906,4.44303,3.9259199999999996,4.58
2023-03-17,4.55,4.55973,4.44585,3.93895,4.58
2023-03-20,4.55,4.55973,4.45381,3.9777400000000003,4.58
2023-03-21,4.55,4.559769999999999,4.45662,3.9907800000000004,4.58
2023-03-22,4.55,4.5597900000000005,4.45943,3.9996099999999997,4.58
2023-03-23,4.8,4.5597900000000005,4.46224,4.0084599999999995,4.83
2023-03-24,4.8,4.56815,4.46787,4.01871,4.83
2023-03-27,4.81,4.59322,4.484719999999999,4.04953,4.83
2023-03-28,4.84,4.60194,4.49045,4.0599,4.83
2023-03-29,4.83,4.61164,4.49651,4.0705599999999995,4.83
2023-03-30,4.82,4.62101,4.50247,4.08105,4.83
2023-03-31,4.87,4.63004,4.50833,4.091480000000001,4.83
2023-04-03,4.84,4.66213,4.5275300000000005,4.1231599999999995,4.83
2023-04-04,4.83,4.67186,4.5334900000000005,4.13336,4.83
2023-04-05,4.81,4.68123,4.53944,4.14346,4.83
2023-04-06,4.81,4.68992,4.545059999999999,4.15344,4.83
2023-04-07,,,,,4.83
2023-04-10,4.81,4.72463,4.5675099999999995,4.19335,4.83
2023-04-11,4.8,4.73335,4.57313,4.20338,4.83
2023-04-12,4.8,4.74172,4.57874,4.213369999999999,4.83
2023-04-13,4.8,4.7500800000000005,4.58436,4.22335,4.83
2023-04-14,4.8,4.75845,4.59,4.23334,4.83
2023-04-17,4.8,4.78184,4.60685,4.26322,4.83
2023-04-18,4.8,4.79023,4.61236,4.27321,4.83
2023-04-19,4.8,4.79859,4.61798,4.28325,4.83
2023-04-20,4.8,4.80696,4.623480000000001,4.29335,4.83
2023-04-21,4.8,4.81533,4.62911,4.30345,4.83
2023-04-24,4.8,4.82367,4.64596,4.3338,4.83
2023-04-25,4.8,4.82369,4.65158,4.34385,4.83
2023-04-26,4.8,4.82369,4.6570800000000006,4.35384,4.83
2023-04-27,4.81,4.82336,4.6627,4.36378,4.83
2023-04-28,4.81,4.82235,4.66845,4.3737699999999995,4.83
2023-05-01,4.81,4.819319999999999,4.685630000000001,4.40373,4.83
2023-05-02,4.81,4.81734,4.69125,4.41372,4.83
2023-05-03,4.81,4.81533,4.69687,4.41946,4.83
2023-05-04,5.06,4.8143199999999995,4.69968,4.4252,5.08
2023-05-05,5.06,4.822019999999999,4.705419999999999,4.43235,5.08
2023-05-08,5.06,4.84715,4.7226,4.45403,5.08
2023-05-09,5.06,4.85554,4.72834,4.4613,5.08
2023-05-10,5.06,4.86391,4.73407,4.46858,5.08
2023-05-11,5.05,4.872269999999999,4.7398,4.47585,5.08
2023-05-12,5.05,4.8806400000000005,4.745430000000001,4.48306,5.08
2023-05-15,5.06,4.90571,4.7622800000000005,4.504519999999999,5.08
2023-05-16,5.05,4.91443,4.768009999999999,4.51162,5.08
2023-05-17,5.05,4.9228,4.773630000000001,4.51872,5.08
2023-05-18,5.05,4.93116,4.77926,4.52583,5.08
2023-05-19,5.05,4.93953,4.7849,4.53293,5.08
2023-05-22,5.05,4.9646,4.80176,4.55422,5.08
2023-05-23,5.05,4.97299,4.80738,4.561380000000001,5.08
2023-05-24,5.05,4.98136,4.813,4.5685400000000005,5.08
2023-05-25,5.06,4.989719999999999,4.81862,4.57565,5.08
2023-05-26,5.06,4.99843,4.82437,4.58281,5.08
2023-05-29,,,,,
2023-05-30,5.06,5.03215,4.8472599999999995,4.61126,5.08
2023-05-31,5.08,5.04052,4.853,4.6183,5.08
2023-06-01,5.08,5.04955,4.85896,4.62552,5.08
2023-06-02,5.07,5.058590000000001,4.86493,4.63275,5.08
2023-06-05,5.06,5.06794,4.88246,4.6542699999999995,5.08
2023-06-06,5.05,5.06796,4.88819,4.66144,5.08
2023-06-07,5.05,5.06763,4.89381,4.66854,5.08
2023-06-08,5.05,5.06729,4.89944,4.67565,5.08
2023-06-09,5.05,5.06696,4.905069999999999,4.68276,5.08
2023-06-12,5.05,5.0666,4.92192,4.70407,5.08
2023-06-13,5.05,5.0666199999999995,4.92755,4.711180000000001,5.08
2023-06-14,5.05,5.0666199999999995,4.93283,4.715330000000001,5.08
2023-06-15,5.06,5.06629,4.93823,4.71948,5.07
2023-06-16,5.05,5.0666199999999995,4.943980000000001,4.72369,5.08
2023-06-19,,,,,
2023-06-20,5.05,5.06655,4.96643,4.74061,5.07
2023-06-21,5.05,5.06655,4.97206,4.74488,5.07
2023-06-22,5.05,5.06655,4.97487,4.74915,5.07
2023-06-23,5.05,5.06655,4.97769,4.753419999999999,5.07
2023-06-26,5.05,5.06588,4.986,4.76621,5.07
2023-06-27,5.05,5.0656,4.98836,4.77048,5.07
2023-06-28,5.06,5.0652800000000004,4.99084,4.77474,5.07
2023-06-29,5.06,5.0652800000000004,4.99354,4.77907,5.07
2023-06-30,5.09,5.0652800000000004,4.99569,4.7834,5.08
2023-07-03,5.06,5.0666,5.003430000000001,4.796819999999999,5.08
2023-07-04,,,,,
2023-07-05,5.06,5.065930000000001,5.008830000000001,4.8054,5.08
2023-07-06,5.06,5.065930000000001,5.01166,4.80967,5.08
2023-07-07,5.06,5.06626,5.01449,4.8139400000000006,5.08
2023-07-10,5.06,5.06724,5.0229099999999995,4.82673,5.07
2023-07-11,5.06,5.0676,5.02583,4.83105,5.08
2023-07-12,5.05,5.06794,5.02876,4.835380000000001,5.08
2023-07-13,5.06,5.06794,5.031569999999999,4.83965,5.08
2023-07-14,5.05,5.06827,5.03451,4.84398,5.08
2023-07-17,5.06,5.06794,5.04293,4.85672,5.08
2023-07-18,5.06,5.06832,5.04585,4.86104,5.08
2023-07-19,5.05,5.0686800000000005,5.048780000000001,4.86531,5.08
2023-07-20,5.06,5.0686800000000005,5.05159,4.86958,5.08
2023-07-21,5.05,5.06901,5.054530000000001,4.8739099999999995,5.08
2023-07-24,5.05,5.06899,5.06295,4.8867,5.08
2023-07-25,5.06,5.06901,5.06576,4.89091,5.08
2023-07-26,5.06,5.06935,5.06869,4.89524,5.08
2023-07-27,5.31,5.06968,5.0715,4.89957,5.33
2023-07-28,5.3,5.07838,5.07714,4.90532,5.33
2023-07-31,5.31,5.10145,5.09366,4.92232,5.33
2023-08-01,5.31,5.10884,5.09929,4.92801,5.33
2023-08-02,5.3,5.1162,5.10491,4.93228,5.33
2023-08-03,5.3,5.12426,5.10761,4.93656,5.33
2023-08-04,5.3,5.13229,5.11033,4.94083,5.33
2023-08-07,5.3,5.15636,5.11841,4.95362,5.33
2023-08-08,5.3,5.16441,5.12111,4.95789,5.33
2023-08-09,5.3,5.17245,5.12381,4.96216,5.33
2023-08-10,5.3,5.18048,5.12662,4.96644,5.33
2023-08-11,5.3,5.18851,5.12945,4.9707099999999995,5.33
2023-08-14,5.3,5.21325,5.13776,4.98351,5.33
2023-08-15,5.3,5.22165,5.140569999999999,4.98778,5.33
2023-08-16,5.3,5.23001,5.14339,4.99205,5.33
2023-08-17,5.3,5.23805,5.1462,4.99633,5.33
2023-08-18,5.3,5.24608,5.149030000000001,5.00061,5.33
2023-08-21,5.3,5.27082,5.15745,5.0134099999999995,5.33
2023-08-22,5.3,5.27921,5.16026,5.01768,5.33
2023-08-23,5.3,5.28758,5.16308,5.02195,5.33
2023-08-24,5.3,5.29595,5.165780000000001,5.0262199999999995,5.33
2023-08-25,5.3,5.30399,5.1685,5.0305,5.33
2023-08-28,5.3,5.31166,5.1766,5.0433,5.33
2023-08-29,5.3,5.3116900000000005,5.1793,5.0475699999999994,5.33
2023-08-30,5.3,5.3116900000000005,5.181780000000001,5.05184,5.33
2023-08-31,5.31,5.31135,5.18426,5.05612,5.33
2023-09-01,5.31,5.31135,5.18697,5.06045,5.33
2023-09-04,,,,,
2023-09-05,5.31,5.31261,5.1980699999999995,5.07774,5.33
2023-09-06,5.3,5.31295,5.20099,5.08207,5.33
2023-09-07,5.31,5.31295,5.20381,5.08635,5.33
2023-09-08,5.3,5.313280000000001,5.20675,5.09068,5.33
2023-09-11,5.3,5.31325,5.21517,5.10348,5.33
2023-09-12,5.3,5.313280000000001,5.21799,5.1075800000000005,5.33
2023-09-13,5.3,5.313280000000001,5.2208,5.11174,5.33
2023-09-14,5.3,5.313280000000001,5.2235,5.11602,5.33
2023-09-15,5.31,5.313280000000001,5.22634,5.1203,5.33
2023-09-18,5.31,5.31426,5.23511,5.1332699999999996,5.33
2023-09-19,5.31,5.31462,5.23804,5.1376,5.33
2023-09-20,5.3,5.31495,5.24097,5.14051,5.33
2023-09-21,5.3,5.31495,5.24378,5.14337,5.33
2023-09-22,5.3,5.31495,5.2466099999999996,5.14622,5.33
2023-09-25,5.31,5.31493,5.2550300000000005,5.15447,5.33
2023-09-26,5.31,5.31529,5.25796,5.1572,5.33
2023-09-27,5.32,5.31562,5.26077,5.1599900000000005,5.33
2023-09-28,5.31,5.31629,5.2637,5.16256,5.33
2023-09-29,5.31,5.31663,5.26619,5.165080000000001,5.33
2023-10-02,5.32,5.31696,5.27395,5.17298,5.33
2023-10-03,5.33,5.31735,5.27688,5.17589,5.33
2023-10-04,5.32,5.31805,5.27991,5.17886,5.33
2023-10-05,5.32,5.31838,5.28284,5.181780000000001,5.33
2023-10-06,5.31,5.31872,5.28578,5.18469,5.33
2023-10-09,,,,,
2023-10-10,5.31,5.31964,5.297,5.1961699999999995,5.33
2023-10-11,5.31,5.31998,5.299919999999999,5.19908,5.33
2023-10-12,5.31,5.32031,5.30274,5.20199,5.33
2023-10-13,5.31,5.32064,5.305680000000001,5.2049,5.33
2023-10-16,5.31,5.32129,5.31433,5.21361,5.33
2023-10-17,5.31,5.3213099999999995,5.31714,5.21652,5.33
2023-10-18,5.3,5.3213099999999995,5.320069999999999,5.2194199999999995,5.33
2023-10-19,5.3,5.3209800000000005,5.322769999999999,5.2222800000000005,5.33
2023-10-20,5.3,5.32064,5.3256,5.22513,5.33
2023-10-23,5.3,5.32062,5.33403,5.23367,5.33
2023-10-24,5.3,5.32064,5.33673,5.23652,5.33
2023-10-25,5.3,5.32064,5.33943,5.23931,5.33
2023-10-26,5.31,5.32031,5.33932,5.24211,5.33
2023-10-27,5.31,5.32031,5.33945,5.2449699999999995,5.33
2023-10-30,5.31,5.31995,5.33966,5.2535099999999995,5.33
2023-10-31,5.35,5.31998,5.33966,5.25636,5.33
2023-11-01,5.32,5.3213099999999995,5.3402199999999995,5.25801,5.33
2023-11-02,5.33,5.3213099999999995,5.34044,5.2595,5.33
2023-11-03,5.32,5.3213099999999995,5.3408,5.26104,5.33
2023-11-06,5.32,5.32165,5.34146,5.26548,5.33
2023-11-07,5.32,5.32204,5.34168,5.26696,5.33
2023-11-08,5.32,5.3224,5.3419099999999995,5.2685,5.33
2023-11-09,5.32,5.32273,5.34213,5.27005,5.33
2023-11-10,5.32,5.3230699999999995,5.34237,5.27159,5.33
2023-11-13,5.32,5.32404,5.343030000000001,5.27614,5.33
2023-11-14,5.32,5.324409999999999,5.34326,5.27768,5.33
2023-11-15,5.32,5.32474,5.3434800000000005,5.27921,5.33
2023-11-16,5.32,5.325069999999999,5.34371,5.28076,5.33
2023-11-17,5.32,5.32541,5.34395,5.28231,5.33
2023-11-20,5.31,5.32739,5.344609999999999,5.28691,5.33
2023-11-21,5.31,5.32775,5.34472,5.28839,5.33
2023-11-22,5.31,5.32809,5.34483,5.28982,5.33
2023-11-23,,,,,
2023-11-24,5.32,5.32873,5.34507,5.29269,5.33
2023-11-27,5.32,5.33004,5.34572,5.29712,5.33
2023-11-28,5.32,5.3304,5.34595,5.29849,5.33
2023-11-29,5.31,5.3307400000000005,5.34618,5.29986,5.33
2023-11-30,5.33,5.3307400000000005,5.34618,5.30124,5.33
2023-12-01,5.39,5.33007,5.346430000000001,5.30272,5.33
2023-12-04,5.37,5.33674,5.349130000000001,5.30835,5.33
2023-12-05,5.33,5.33844,5.3498,5.31018,5.33
2023-12-06,5.32,5.338769999999999,5.350140000000001,5.311780000000001,5.33
2023-12-07,5.32,5.338769999999999,5.35025,5.31332,5.33
2023-12-08,5.32,5.338769999999999,5.3505,5.31487,5.33
2023-12-11,5.32,5.3387400000000005,5.35115,5.31947,5.33
2023-12-12,5.31,5.338769999999999,5.351380000000001,5.32101,5.33
2023-12-13,5.31,5.33844,5.35149,5.32244,5.33
2023-12-14,5.31,5.3381,5.3516,5.323930000000001,5.33
2023-12-15,5.32,5.33777,5.35162,5.325419999999999,5.33
2023-12-18,5.32,5.33774,5.35194,5.330030000000001,5.33
2023-12-19,5.31,5.33777,5.35205,5.33157,5.33
2023-12-20,5.31,5.33743,5.35217,5.33306,5.33
2023-12-21,5.31,5.33743,5.35228,5.33455,5.33
2023-12-22,5.32,5.33743,5.35241,5.33603,5.33
2023-12-25,,,,,
2023-12-26,5.35,5.33805,5.35304,5.34211,5.33
2023-12-27,5.39,5.33905,5.3533800000000005,5.34376,5.33
2023-12-28,5.4,5.3414,5.35428,5.34548,5.33
2023-12-29,5.38,5.344069999999999,5.35531,5.34725,5.33
2024-01-01,,,,,
2024-01-02,5.4,5.34734,5.35808,5.35436,5.33
2024-01-03,5.39,5.34768,5.35898,5.3563,5.33
2024-01-04,5.32,5.34835,5.35977,5.3581900000000005,5.33
2024-01-05,5.31,5.3480099999999995,5.35991,5.35968,5.33
2024-01-08,5.31,5.34698,5.35991,5.36394,5.33
2024-01-09,5.31,5.34667,5.35991,5.365419999999999,5.33
2024-01-10,5.31,5.3463400000000005,5.35991,5.36685,5.33
2024-01-11,5.31,5.346,5.35991,5.36834,5.33
2024-01-12,5.31,5.346,5.35993,5.36983,5.33
2024-01-15,,,,,
2024-01-16,5.32,5.34526,5.35988,5.37562,5.33
2024-01-17,5.32,5.34526,5.36011,5.3771,5.33
2024-01-18,5.31,5.34526,5.36033,5.37865,5.33
2024-01-19,5.31,5.34526,5.36046,5.38014,5.33
2024-01-22,5.31,5.34492,5.36078,5.384519999999999,5.33
2024-01-23,5.31,5.34464,5.36089,5.38594,5.33
2024-01-24,5.31,5.34433,5.36101,5.38594,5.33
2024-01-25,5.32,5.344,5.36101,5.38601,5.33
2024-01-26,5.32,5.34299,5.36114,5.3861300000000005,5.33
2024-01-29,5.31,5.33596,5.36146,5.386340000000001,5.33
2024-01-30,5.31,5.33367,5.36101,5.3864,5.33
2024-01-31,5.32,5.33136,5.36089,5.38646,5.33
2024-02-01,5.32,5.32935,5.36078,5.38658,5.33
2024-02-02,5.32,5.32667,5.3608,5.3867,5.33
2024-02-05,5.31,5.32463,5.36078,5.38703,5.33
2024-02-06,5.31,5.32466,5.36067,5.38708,5.33
2024-02-07,5.31,5.32466,5.3605599999999995,5.3871400000000005,5.33
2024-02-08,5.31,5.32466,5.3604400000000005,5.38721,5.33
2024-02-09,5.31,5.32466,5.36035,5.38727,5.33
2024-02-12,5.31,5.32466,5.35999,5.38743,5.33
2024-02-13,5.31,5.32471,5.35988,5.38748,5.33
2024-02-14,5.3,5.32474,5.35977,5.38754,5.33
2024-02-15,5.31,5.3244,5.35954,5.38755,5.33
2024-02-16,5.3,5.32407,5.35945,5.38761,5.33
2024-02-19,,,,,
2024-02-20,5.3,5.3223199999999995,5.35873,5.387580000000001,5.33
2024-02-21,5.3,5.32198,5.358630000000001,5.387580000000001,5.33
2024-02-22,5.3,5.32165,5.35851,5.38759,5.33
2024-02-23,5.31,5.3213099999999995,5.3583099999999995,5.3876,5.33
2024-02-26,5.31,5.32062,5.35795,5.38775,5.33
2024-02-27,5.31,5.32031,5.35784,5.38781,5.33
2024-02-28,5.31,5.31998,5.35784,5.38781,5.33
2024-02-29,5.32,5.31998,5.35761,5.38782,5.33
2024-03-01,5.31,5.32031,5.35684,5.3878900000000005,5.33
2024-03-04,5.31,5.31928,5.35435,5.38788,5.33
2024-03-05,5.31,5.318969999999999,5.35412,5.38794,5.33
2024-03-06,5.31,5.31864,5.35401,5.38794,5.33
2024-03-07,5.31,5.31864,5.3539,5.388,5.33
2024-03-08,5.31,5.31864,5.3538,5.38807,5.33
2024-03-11,5.31,5.31861,5.35345,5.38822,5.33
2024-03-12,5.31,5.31864,5.35345,5.38828,5.33
2024-03-13,5.31,5.31864,5.35345,5.38834,5.33
2024-03-14,5.31,5.31864,5.35345,5.38835,5.33
2024-03-15,5.31,5.31864,5.35335,5.38835,5.33
2024-03-18,5.31,5.31931,5.353,5.38834,5.33
2024-03-19,5.31,5.3196900000000005,5.353,5.38839,5.33
2024-03-20,5.31,5.32005,5.353,5.38845,5.33
2024-03-21,5.31,5.32039,5.353,5.38852,5.33
2024-03-22,5.31,5.32072,5.35291,5.38858,5.33
2024-03-25,5.31,5.32137,5.35257,5.3886199999999995,5.33
2024-03-26,5.32,5.32139,5.352119999999999,5.38857,5.33
2024-03-27,5.33,5.3217300000000005,5.35134,5.3886199999999995,5.33
2024-03-28,5.34,5.3224,5.35055,5.38875,5.33
2024-03-29,,,,,5.33
2024-04-01,5.35,5.32597,5.34875,5.38924,5.33
2024-04-02,5.34,5.32734,5.34818,5.38941,5.33
2024-04-03,5.32,5.32834,5.34762,5.38952,5.33
2024-04-04,5.32,5.32868,5.34762,5.38959,5.33
2024-04-05,5.32,5.32901,5.34775,5.38966,5.33
2024-04-08,5.31,5.3299900000000004,5.34807,5.389819999999999,5.33
2024-04-09,5.31,5.330019999999999,5.34807,5.389819999999999,5.33
2024-04-10,5.31,5.330019999999999,5.34807,5.389819999999999,5.33
2024-04-11,5.31,5.330019999999999,5.34807,5.38983,5.33
2024-04-12,5.31,5.330019999999999,5.3481,5.38983,5.33
2024-04-15,5.32,5.3299900000000004,5.3481,5.389819999999999,5.33
2024-04-16,5.31,5.33035,5.3481,5.3899300000000006,5.33
2024-04-17,5.31,5.33035,5.347980000000001,5.38999,5.33
2024-04-18,5.3,5.33035,5.347980000000001,5.39006,5.33
2024-04-19,5.31,5.330019999999999,5.3478900000000005,5.39006,5.33
2024-04-22,5.31,5.3299900000000004,5.3478699999999995,5.390219999999999,5.33
2024-04-23,5.31,5.330019999999999,5.3478699999999995,5.390280000000001,5.33
2024-04-24,5.31,5.330019999999999,5.3478699999999995,5.390280000000001,5.33
2024-04-25,5.31,5.330019999999999,5.34776,5.39029,5.33
2024-04-26,5.32,5.329680000000001,5.347659999999999,5.39029,5.33
2024-04-29,5.32,5.32806,5.34776,5.390219999999999,5.33
2024-04-30,5.34,5.32742,5.3478699999999995,5.390219999999999,5.33
2024-05-01,5.32,5.32742,5.3481,5.390280000000001,5.33
2024-05-02,5.31,5.32641,5.3481,5.39029,5.33
2024-05-03,5.31,5.32541,5.348,5.39023,5.33
2024-05-06,5.31,5.324380000000001,5.34776,5.39005,5.33
2024-05-07,5.31,5.32407,5.34776,5.38999,5.33
2024-05-08,5.31,5.32374,5.34776,5.3899300000000006,5.33
2024-05-09,5.31,5.32374,5.34776,5.38989,5.33
2024-05-10,5.31,5.32374,5.34778,5.38983,5.33
2024-05-13,5.31,5.32371,5.34776,5.38965,5.33
2024-05-14,5.31,5.32374,5.34776,5.38959,5.33
2024-05-15,5.31,5.32374,5.3478699999999995,5.38954,5.33
2024-05-16,5.31,5.3234,5.3478699999999995,5.38949,5.33
2024-05-17,5.31,5.3234,5.3480099999999995,5.38943,5.33
2024-05-20,5.31,5.32371,5.34835,5.38936,5.33
2024-05-21,5.31,5.32374,5.34846,5.3893699999999995,5.33
2024-05-22,5.31,5.32374,5.34857,5.3893699999999995,5.33
2024-05-23,5.31,5.32374,5.34869,5.38932,5.33
2024-05-24,5.32,5.32374,5.3487,5.38927,5.33
2024-05-27,,,,,
2024-05-28,5.32,5.324330000000001,5.34911,5.3893,5.33
2024-05-29,5.33,5.324330000000001,5.34922,5.38924,5.33
2024-05-30,5.33,5.32466,5.34934,5.38891,5.33
2024-05-31,5.34,5.324330000000001,5.3495800000000004,5.38857,5.33
2024-06-03,5.35,5.326980000000001,5.350569999999999,5.38816,5.33
2024-06-04,5.33,5.32834,5.35102,5.388330000000001,5.33
2024-06-05,5.33,5.32901,5.35125,5.38839,5.33
2024-06-06,5.33,5.329680000000001,5.35147,5.38845,5.33
2024-06-07,5.33,5.33035,5.351719999999999,5.38851,5.33
2024-06-10,5.32,5.332330000000001,5.35237,5.388730000000001,5.33
2024-06-11,5.32,5.33269,5.35249,5.38879,5.33
2024-06-12,5.31,5.33303,5.3526,5.38884,5.33
2024-06-13,5.31,5.33303,5.3526,5.38879,5.33
2024-06-14,5.31,5.33303,5.35262,5.38874,5.33
2024-06-17,5.33,5.333,5.3526,5.38861,5.33
2024-06-18,5.33,5.3337,5.3528199999999995,5.388730000000001,5.33
2024-06-19,,,,,
2024-06-20,5.32,5.33501,5.353269999999999,5.38891,5.33
2024-06-21,5.31,5.33535,5.3534,5.38892,5.33
2024-06-24,5.31,5.33501,5.3533800000000005,5.38857,5.33
2024-06-25,5.33,5.33473,5.353269999999999,5.38811,5.33
2024-06-26,5.34,5.33509,5.353269999999999,5.38771,5.33
2024-06-27,5.34,5.33576,5.35329,5.3875,5.33
2024-06-28,5.33,5.33643,5.35331,5.3872800000000005,5.33
2024-07-01,5.4,5.336069999999999,5.3528400000000005,5.3863,5.33
2024-07-02,5.35,5.3381,5.35352,5.38636,5.33
2024-07-03,5.33,5.33844,5.35386,5.3865300000000005,5.33
2024-07-04,,,,,
2024-07-05,5.32,5.33774,5.35409,5.38676,5.33
2024-07-08,5.32,5.33671,5.35419,5.38692,5.33
2024-07-09,5.34,5.3364,5.3543,5.38698,5.33
2024-07-10,5.34,5.33674,5.35464,5.38715,5.33
2024-07-11,5.34,5.33741,5.35497,5.38733,5.33
2024-07-12,5.34,5.338080000000001,5.35533,5.38751,5.33
2024-07-15,5.34,5.34106,5.35621,5.38796,5.33
2024-07-16,5.35,5.34209,5.35655,5.38808,5.33
2024-07-17,5.35,5.343430000000001,5.357,5.3883,5.33
2024-07-18,5.34,5.3441,5.357559999999999,5.38854,5.33
2024-07-19,5.34,5.34446,5.35792,5.388719999999999,5.33
2024-07-22,5.33,5.34644,5.35891,5.38922,5.33
2024-07-23,5.34,5.3471400000000004,5.35914,5.38933,5.33
2024-07-24,5.34,5.34814,5.3594800000000005,5.3894400000000005,5.33
2024-07-25,5.35,5.34915,5.3598099999999995,5.38957,5.33
2024-07-26,5.35,5.349819999999999,5.36017,5.38974,5.33
2024-07-29,5.33,5.35113,5.36116,5.39036,5.33
2024-07-30,5.33,5.35116,5.36105,5.39041,5.33
2024-07-31,5.38,5.35116,5.36116,5.39047,5.33
2024-08-01,5.35,5.35049,5.36195,5.39082,5.33
2024-08-02,5.35,5.35049,5.362419999999999,5.391,5.33
2024-08-05,5.32,5.35283,5.36375,5.39161,5.33
2024-08-06,5.33,5.35286,5.3638699999999995,5.3916699999999995,5.33
2024-08-07,5.33,5.353190000000001,5.36409,5.391780000000001,5.33
2024-08-08,5.34,5.35353,5.364319999999999,5.39191,5.33
2024-08-09,5.34,5.35353,5.364669999999999,5.39208,5.33
2024-08-12,5.34,5.3535,5.36567,5.392580000000001,5.33
2024-08-13,5.34,5.35353,5.366,5.39281,5.33
2024-08-14,5.33,5.35353,5.36634,5.3929800000000006,5.33
2024-08-15,5.35,5.353190000000001,5.366569999999999,5.39317,5.33
2024-08-16,5.32,5.353190000000001,5.36704,5.39346,5.33
2024-08-19,5.32,5.35082,5.36736,5.39379,5.33
2024-08-20,5.32,5.35018,5.36747,5.39391,5.33
2024-08-21,5.31,5.3495099999999995,5.36758,5.394019999999999,5.33
2024-08-22,5.31,5.34884,5.36758,5.39403,5.33
2024-08-23,5.33,5.34784,5.36749,5.39403,5.33
2024-08-26,5.34,5.34614,5.3678300000000005,5.39436,5.33
2024-08-27,5.35,5.34583,5.36806,5.3945300000000005,5.33
2024-08-28,5.35,5.34583,5.36828,5.39471,5.33
2024-08-29,5.33,5.3465,5.36851,5.39494,5.33
2024-08-30,5.32,5.3465,5.36841,5.39506,5.33
2024-09-02,,,,,
2024-09-03,5.34,5.3414,5.36747,5.3952599999999995,5.33
2024-09-04,5.35,5.34106,5.36758,5.39543,5.33
2024-09-05,5.35,5.34207,5.3678099999999995,5.39567,5.33
2024-09-06,5.34,5.34274,5.36805,5.3959,5.33
2024-09-09,5.34,5.34304,5.36848,5.3964,5.33
2024-09-10,5.33,5.34307,5.36871,5.39657,5.33
2024-09-11,5.32,5.34274,5.368930000000001,5.39669,5.33
2024-09-12,5.33,5.34207,5.36904,5.39675,5.33
2024-09-13,5.33,5.34173,5.36929,5.39687,5.33
2024-09-16,5.38,5.3413699999999995,5.36972,5.3972,5.33
2024-09-17,5.38,5.3434099999999995,5.37029,5.3976,5.33
2024-09-18,5.33,5.34541,5.37085,5.398,5.33
2024-09-19,4.82,5.34575,5.37097,5.39812,4.83
2024-09-20,4.83,5.32901,5.365469999999999,5.39533,4.83
2024-09-23,4.83,5.28012,5.34924,5.38705,4.83
2024-09-24,4.84,5.2634099999999995,5.34361,5.3842,4.83
2024-09-25,4.84,5.2470099999999995,5.33798,5.38136,4.83
2024-09-26,4.83,5.23027,5.3323599999999995,5.37852,4.83
2024-09-27,4.84,5.21287,5.32675,5.37561,4.83
2024-09-30,4.96,5.16334,5.3094,5.36699,4.83
2024-10-01,5.05,5.15134,5.30501,5.36493,4.83
2024-10-02,4.92,5.14233,5.30186,5.36339,4.83
2024-10-03,4.85,5.12894,5.29725,5.36112,4.83
2024-10-04,4.83,5.11254,5.29197,5.35844,4.83
2024-10-07,4.83,5.06065,5.27541,5.35016,4.83
2024-10-08,4.84,5.04361,5.26967,5.34743,4.83
2024-10-09,4.83,5.02688,5.26405,5.34475,4.83
2024-10-10,4.82,5.00981,5.25831,5.34202,4.83
2024-10-11,4.81,4.99274,5.25247,5.339230000000001,4.83
2024-10-14,,,,,
2024-10-15,4.86,4.92341,5.22846,5.32774,4.83
2024-10-16,4.86,4.90768,5.22295,5.32523,4.83
2024-10-17,4.85,4.890280000000001,5.21755,5.32268,4.83
2024-10-18,4.84,4.87255,5.21205,5.32006,4.83
2024-10-21,4.82,4.857130000000001,5.19527,5.31201,4.83
2024-10-22,4.83,4.85682,5.18942,5.30921,4.83
2024-10-23,4.83,4.85682,5.183680000000001,5.30647,4.83
2024-10-24,4.83,4.85682,5.17782,5.3036900000000005,4.83
2024-10-25,4.83,4.85648,5.17199,5.3009,4.83
2024-10-28,4.82,4.85579,5.15465,5.29239,4.83
2024-10-29,4.82,4.85515,5.14891,5.289540000000001,4.83
2024-10-30,4.81,4.854480000000001,5.1426099999999995,5.28675,4.83
2024-10-31,4.9,4.84946,5.1365300000000005,5.28391,4.83
2024-11-01,4.86,4.8444400000000005,5.13149,5.281569999999999,4.83
2024-11-04,4.82,4.84375,5.11527,5.27387,4.83
2024-11-05,4.82,4.843430000000001,5.10953,5.27107,4.83
2024-11-06,4.81,4.8431,5.10379,5.26828,4.83
2024-11-07,4.82,4.84243,5.09783,5.26544,4.83
2024-11-08,4.6,4.84176,5.092,5.26265,4.58
2024-11-11,,,,,
2024-11-12,4.6,4.81264,5.058669999999999,5.24644,4.58
2024-11-13,4.59,4.805630000000001,5.05045,5.24239,4.58
2024-11-14,4.58,4.79827,5.0419,5.23829,4.58
2024-11-15,4.57,4.7889,5.0336,5.23414,4.58
2024-11-18,4.57,4.7607800000000005,5.00828,5.22147,4.58
2024-11-19,4.57,4.75176,4.99984,5.21726,4.58
2024-11-20,4.56,4.74273,4.9915199999999995,5.21304,4.58
2024-11-21,4.57,4.734030000000001,4.98308,5.20872,4.58
2024-11-22,4.57,4.7253300000000005,4.97455,5.20445,4.58
2024-11-25,4.58,4.6992199999999995,4.94878,5.19163,4.58
2024-11-26,4.58,4.690869999999999,4.940119999999999,5.18735,4.58
2024-11-27,4.57,4.68251,4.9314599999999995,5.18308,4.58
2024-11-28,,,,,
2024-11-29,4.59,4.66576,4.9145,5.17431,4.58
2024-12-02,4.64,4.63898,4.889880000000001,5.16148,4.58
2024-12-03,4.64,4.63164,4.88201,5.15755,4.58
2024-12-04,4.59,4.624280000000001,4.87402,5.15362,4.58
2024-12-05,4.59,4.61658,4.865480000000001,5.14941,4.58
2024-12-06,4.6,4.60889,4.85706,5.1452,4.58
2024-12-09,4.63,4.5945,4.83209,5.13282,4.58
2024-12-10,4.64,4.59555,4.8242199999999995,5.12895,4.58
2024-12-11,4.62,4.5969,4.81657,5.12513,4.58
2024-12-12,4.62,4.597569999999999,4.808590000000001,5.12121,4.58
2024-12-13,4.6,4.5982400000000005,4.800619999999999,5.11728,4.58
2024-12-16,4.65,4.600230000000001,4.77543,5.10492,4.58
2024-12-17,4.62,4.602930000000001,4.76722,5.10104,4.58
2024-12-18,4.57,4.6046,4.75924,5.09706,4.58
2024-12-19,4.3,4.6046,4.75643,5.09285,4.33
2024-12-20,4.3,4.59556,4.75049,5.0871,4.33
2024-12-23,4.31,4.56879,4.7326,5.069719999999999,4.33
2024-12-24,4.4,4.56011,4.72665,5.06385,4.33
2024-12-25,,,,,
2024-12-26,4.53,4.54838,4.71686,5.05321,4.33
2024-12-27,4.46,4.54671,4.71339,5.04866,4.33
2024-12-30,4.37,4.535,4.6992199999999995,5.03327,4.33
2024-12-31,4.49,4.52766,4.69157,5.02781,4.33
2025-01-01,,,,,
2025-01-02,4.4,4.51928,4.68269,5.01831,4.33
2025-01-03,4.31,4.51125,4.6778699999999995,5.01307,4.33
2025-01-06,4.27,4.4828,4.66032,4.9957,4.33
2025-01-07,4.27,4.47178,4.653919999999999,4.98961,4.33
2025-01-08,4.29,4.46074,4.64762,4.98351,4.33
2025-01-09,4.3,4.44937,4.6416699999999995,4.97754,4.33
2025-01-10,4.3,4.43799,4.63596,4.97163,4.33
2025-01-13,4.29,4.406540000000001,4.61877,4.9538,4.33
2025-01-14,4.28,4.39619,4.61236,4.947769999999999,4.33
2025-01-15,4.28,4.38548,4.60584,4.941730000000001,4.33
2025-01-16,4.29,4.3731,4.59944,4.93571,4.33
2025-01-17,4.29,4.36207,4.5932699999999995,4.92974,4.33
2025-01-20,,,,,
2025-01-21,4.29,4.35165,4.56886,4.905869999999999,4.33
2025-01-22,4.3,4.35131,4.562790000000001,4.89984,4.33
2025-01-23,4.35,4.35098,4.55684,4.89387,4.33
2025-01-24,4.34,4.34932,4.55146,4.88819,4.33
2025-01-27,4.34,4.336930000000001,4.53505,4.871169999999999,4.33
2025-01-28,4.35,4.33293,4.52965,4.86525,4.33
2025-01-29,4.35,4.32926,4.5244800000000005,4.85956,4.33
2025-01-30,4.36,4.32859,4.5183,4.85388,4.33
2025-01-31,4.38,4.32426,4.5127,4.84825,4.33
2025-02-03,4.35,4.32223,4.49696,4.83197,4.33
2025-02-04,4.33,4.32359,4.491680000000001,4.82639,4.33
2025-02-05,4.33,4.32425,4.48629,4.82065,4.33
2025-02-06,4.36,4.3262599999999996,4.48079,4.81491,4.33
2025-02-07,4.35,4.329269999999999,4.47811,4.80934,4.33
2025-02-10,4.35,4.33461,4.46969,4.79244,4.33
2025-02-11,4.34,4.3363,4.466880000000001,4.78686,4.33
2025-02-12,4.32,4.33763,4.4640699999999995,4.78112,4.33
2025-02-13,4.33,4.33864,4.46115,4.775440000000001,4.33
2025-02-14,4.33,4.34031,4.45846,4.769819999999999,4.33
2025-02-17,,,,,
2025-02-18,4.37,4.34598,4.44765,4.747330000000001,4.33
2025-02-19,4.35,4.348669999999999,4.44552,4.74199,4.33
2025-02-20,4.33,4.3506800000000005,4.44305,4.73643,4.33
2025-02-21,4.34,4.35201,4.44036,4.73074,4.33
2025-02-24,4.34,4.353,4.4324900000000005,4.71368,4.33
2025-02-25,4.33,4.35302,4.429790000000001,4.70793,4.33
2025-02-26,4.33,4.35268,4.4271,4.70225,4.33
2025-02-27,4.36,4.35235,4.42441,4.69663,4.33
2025-02-28,4.39,4.35268,4.42184,4.69118,4.33
2025-03-03,4.33,4.35534,4.41453,4.67521,4.33
2025-03-04,4.33,4.35369,4.41104,4.66941,4.33
2025-03-05,4.34,4.35201,4.408119999999999,4.66361,4.33
2025-03-06,4.35,4.35168,4.40531,4.65793,4.33
2025-03-07,4.34,4.35235,4.40252,4.65231,4.33
2025-03-10,4.33,4.35166,4.39341,4.63531,4.33
2025-03-11,4.32,4.35101,4.3899300000000006,4.6296800000000005,4.33
2025-03-12,4.31,4.35001,4.38656,4.62394,4.33
2025-03-13,4.3,4.348669999999999,4.3830800000000005,4.61815,4.33
2025-03-14,4.3,4.34733,4.37972,4.6123,4.33
2025-03-17,4.32,4.34466,4.36904,4.59417,4.33
2025-03-18,4.31,4.34436,4.36567,4.588430000000001,4.33
2025-03-19,4.29,4.34371,4.36275,4.58553,4.33
2025-03-20,4.29,4.34237,4.36264,4.58247,4.33
2025-03-21,4.3,4.33969,4.36254,4.5794,4.33
2025-03-24,4.31,4.33566,4.362419999999999,4.5703,4.33
2025-03-25,4.33,4.33467,4.36141,4.56729,4.33
2025-03-26,4.35,4.33434,4.36062,4.56445,4.33
2025-03-27,4.36,4.33467,4.3586,4.56168,4.33
2025-03-28,4.34,4.33568,4.35749,4.55895,4.33
2025-03-31,4.41,4.33365,4.35445,4.54855,4.33
2025-04-01,4.39,4.33434,4.35356,4.54565,4.33
2025-04-02,4.37,4.33434,4.35243,4.54304,4.33
2025-04-03,4.39,4.33568,4.3521,4.540430000000001,4.33
2025-04-04,4.35,4.33769,4.35301,4.53793,4.33
2025-04-07,4.33,4.3383400000000005,4.35479,4.52969,4.33
2025-04-08,4.4,4.338019999999999,4.3554699999999995,4.52685,4.33
2025-04-09,4.42,4.3400300000000005,4.3567,4.5244599999999995,4.33
2025-04-10,4.37,4.34304,4.35805,4.52226,4.33
2025-04-11,4.33,4.34471,4.35885,4.519769999999999,4.33
2025-04-14,4.33,4.34737,4.35996,4.5113,4.33
2025-04-15,4.36,4.34839,4.360519999999999,4.508290000000001,4.33
2025-04-16,4.31,4.3504,4.36142,4.5055,4.33
2025-04-17,4.32,4.35006,4.36164,4.5025,4.33
2025-04-18,,,,,4.33
2025-04-21,4.32,4.353,4.36299,4.49084,4.33
2025-04-22,4.3,4.35369,4.36333,4.48795,4.33
2025-04-23,4.28,4.35369,4.36333,4.48494,4.33
2025-04-24,4.29,4.35269,4.36254,4.48182,4.33
2025-04-25,4.33,4.35135,4.3619900000000005,4.47876,4.33
2025-04-28,4.36,4.34932,4.36164,4.47034,4.33
2025-04-29,4.36,4.35001,4.36175,4.46779,4.33
2025-04-30,4.41,4.3506800000000005,4.36187,4.46472,4.33
2025-05-01,4.39,4.3506800000000005,4.362430000000001,4.4621699999999995,4.33
2025-05-02,4.36,4.3506800000000005,4.36255,4.45951,4.33
2025-05-05,4.33,4.34966,4.3622,4.45143,4.33
2025-05-06,4.32,4.34901,4.3622,4.44871,4.33
2025-05-07,4.3,4.348,4.36209,4.445869999999999,4.33
2025-05-08,4.29,4.347,4.36142,4.44418,4.33
2025-05-09,4.28,4.343319999999999,4.36075,4.442419999999999,4.33
2025-05-12,4.28,4.33394,4.35839,4.43697,4.33
2025-05-13,4.3,4.33228,4.35771,4.43521,4.33
2025-05-14,4.29,4.3312800000000005,4.35749,4.4336199999999995,4.33
2025-05-15,4.31,4.329940000000001,4.3570400000000005,4.43203,4.33
2025-05-16,4.3,4.32827,4.35683,4.43056,4.33
2025-05-19,4.29,4.326630000000001,4.35582,4.42595,4.33
2025-05-20,4.27,4.32564,4.35492,4.42442,4.33
2025-05-21,4.26,4.32397,4.354019999999999,4.42272,4.33
2025-05-22,4.26,4.321969999999999,4.35324,4.42096,4.33
2025-05-23,4.26,4.32063,4.35235,4.41921,4.33
2025-05-26,,,,,
2025-05-27,4.31,4.31422,4.34884,4.41204,4.33
2025-05-28,4.33,4.31355,4.3486199999999995,4.41056,4.33
2025-05-29,4.33,4.31255,4.34828,4.40909,4.33
2025-05-30,4.35,4.31155,4.34762,4.40762,4.33
2025-06-02,4.35,4.30785,4.34693,4.40296,4.33
2025-06-03,4.32,4.30753,4.34716,4.401590000000001,4.33
2025-06-04,4.28,4.3062,4.34693,4.40006,4.33
2025-06-05,4.29,4.30452,4.34615,4.39825,4.33
2025-06-06,4.29,4.30352,4.3456,4.39649,4.33
2025-06-09,4.29,4.3035,4.34401,4.39081,4.33
2025-06-10,4.28,4.30385,4.34368,4.38893,4.33
2025-06-11,4.28,4.30385,4.34334,4.387,4.33
2025-06-12,4.28,4.30385,4.34311,4.385190000000001,4.33
2025-06-13,4.28,4.30319,4.3429,4.383380000000001,4.33
2025-06-16,4.32,4.301159999999999,4.34199,4.37753,4.33
2025-06-17,4.31,4.30185,4.3421,4.37611,4.33
2025-06-18,4.28,4.30218,4.3423300000000005,4.37616,4.33
2025-06-19,,,,,
2025-06-20,4.29,4.302169999999999,4.342,4.37594,4.33
2025-06-23,4.29,4.3051699999999995,4.34154,4.37514,4.33
2025-06-24,4.3,4.30621,4.34109,4.3745199999999995,4.33
2025-06-25,4.36,4.30757,4.34053,4.37321,4.33
2025-06-26,4.4,4.31091,4.34053,4.37265,4.33
2025-06-27,4.39,4.3139199999999995,4.34121,4.37231,4.33
2025-06-30,4.45,4.31926,4.3421,4.37146,4.33
2025-07-01,4.44,4.32262,4.34277,4.371230000000001,4.33
2025-07-02,4.4,4.32563,4.34356,4.37146,4.33
2025-07-03,4.35,4.3273,4.3436699999999995,4.37197,4.33
2025-07-04,,,,,
2025-07-07,4.33,4.33459,4.34388,4.37332,4.33
2025-07-08,4.34,4.33594,4.34309,4.37355,4.33
2025-07-09,4.32,4.337619999999999,4.34219,4.3737699999999995,4.33
2025-07-10,4.31,4.33862,4.34163,4.37389,4.33
2025-07-11,4.31,4.33962,4.341419999999999,4.37395,4.33
2025-07-14,4.33,4.34262,4.340730000000001,4.37429,4.33
2025-07-15,4.37,4.34431,4.3404,4.374569999999999,4.33
2025-07-16,4.34,4.34732,4.341069999999999,4.37502,4.33
2025-07-17,4.34,4.347980000000001,4.34131,4.375319999999999,4.33
2025-07-18,4.3,4.348990000000001,4.34155,4.37561,4.33
2025-07-21,4.28,4.3506599999999995,4.34086,4.375769999999999,4.33
2025-07-22,4.28,4.35034,4.3406400000000005,4.37566,4.33
2025-07-23,4.28,4.35001,4.3406400000000005,4.37526,4.33
2025-07-24,4.3,4.34967,4.34052,4.3749199999999995,4.33
2025-07-25,4.36,4.34967,4.3402,4.3747,4.33
2025-07-28,4.36,4.34732,4.34086,4.374969999999999,4.33
2025-07-29,4.36,4.34633,4.34086,4.375030000000001,4.33
2025-07-30,4.32,4.345330000000001,4.3403,4.375030000000001,4.33
2025-07-31,4.39,4.34098,4.33951,4.3747,4.33
2025-08-01,4.34,4.33931,4.33986,4.37476,4.33
2025-08-04,4.33,4.33666,4.33951,4.3745199999999995,4.33
2025-08-05,4.34,4.33601,4.3396300000000005,4.3745199999999995,4.33
2025-08-06,4.34,4.33568,4.34008,4.37441,4.33
2025-08-07,4.35,4.33601,4.3406400000000005,4.37436,4.33
2025-08-08,4.35,4.33635,4.34143,4.37436,4.33
2025-08-11,4.34,4.3400099999999995,4.343780000000001,4.37441,4.33
2025-08-12,4.36,4.34103,4.3442300000000005,4.3745199999999995,4.33
2025-08-13,4.33,4.3427,4.34502,4.37469,4.33
2025-08-14,4.34,4.3427,4.34524,4.3747,4.33
2025-08-15,4.36,4.3417,4.3457,4.37476,4.33
2025-08-18,4.34,4.34503,4.34782,4.37504,4.33
2025-08-19,4.33,4.34638,4.34861,4.37498,4.33
2025-08-20,4.31,4.34738,4.3494,4.37498,4.33
2025-08-21,4.32,4.34839,4.34996,4.37482,4.33
2025-08-22,4.36,4.34973,4.35065,4.374709999999999,4.33
2025-08-25,4.37,4.35439,4.354019999999999,4.3751,4.33
2025-08-26,4.38,4.3547400000000005,4.35469,4.375319999999999,4.33
2025-08-27,4.36,4.35541,4.35525,4.37544,4.33
2025-08-28,4.34,4.35541,4.35559,4.3752699999999995,4.33
2025-08-29,4.34,4.3547400000000005,4.3554900000000005,4.37499,4.33
2025-09-01,,,,,
2025-09-02,4.39,4.35369,4.35535,4.3748,4.33
2025-09-03,4.39,4.35536,4.35658,4.375030000000001,4.33
2025-09-04,4.41,4.3573699999999995,4.35771,4.375319999999999,4.33
2025-09-05,4.42,4.35971,4.3590599999999995,4.375719999999999,4.33
2025-09-08,4.4,4.36705,4.36343,4.37725,4.33
2025-09-09,4.4,4.36874,4.3647800000000005,4.377759999999999,4.33
2025-09-10,4.39,4.37041,4.36613,4.3783199999999995,4.33
2025-09-11,4.41,4.37208,4.36736,4.37884,4.33
2025-09-12,4.42,4.37376,4.36883,4.3794699999999995,4.33
2025-09-15,4.51,4.38143,4.37309,4.38133,4.33
2025-09-16,4.39,4.38647,4.3753400000000005,4.38258,4.33
2025-09-17,4.38,4.38747,4.37658,4.38315,4.33
2025-09-18,4.14,4.38881,4.3777,4.38361,4.08
2025-09-19,4.14,4.38245,4.37603,4.3827,4.08
2025-09-22,4.14,4.36337,4.37096,4.37974,4.09
2025-09-23,4.12,4.35603,4.36917,4.37855,4.09
2025-09-24,4.13,4.348,4.36647,4.37719,4.09
2025-09-25,4.18,4.33997,4.36344,4.376,4.09
2025-09-26,4.16,4.33328,4.36109,4.3751,4.09
2025-09-29,4.13,4.31456,4.35266,4.37134,4.09
2025-09-30,4.24,4.30757,4.34918,4.36998,4.09
2025-10-01,4.2,4.30424,4.34738,4.36913,4.09
2025-10-02,4.2,4.29956,4.34571,4.36828,4.09
2025-10-03,4.18,4.2932,4.34404,4.36743,4.09
2025-10-06,4.15,4.27044,4.33853,4.36436,4.09
2025-10-07,4.14,4.26143,4.33639,4.36283,4.09
2025-10-08,4.12,4.25207,4.33437,4.36152,4.1
2025-10-09,4.13,4.2427,4.33224,4.36034,4.1
2025-10-10,4.15,4.23367,4.33023,4.35921,4.1
2025-10-13,,,,,
2025-10-14,4.19,4.19884,4.32212,4.35505,4.1
2025-10-15,4.29,4.19115,4.32043,4.35432,4.1
2025-10-16,4.3,4.18379,4.31987,4.35415,4.11
2025-10-17,4.18,4.18078,4.31988,4.35404,4.11
2025-10-20,4.16,4.17675,4.31605,4.35176,4.11
2025-10-21,4.23,4.17744,4.31471,4.35108,4.11
2025-10-22,4.21,4.18045,4.31414,4.35074,4.11
2025-10-23,4.24,4.18279,4.31313,4.35007,4.11
2025-10-24,4.24,4.1868,4.3118,4.34956,4.11
2025-10-27,4.27,4.19515,4.30774,4.34768,4.12
2025-10-28,4.31,4.19884,4.30673,4.34688,4.12
2025-10-29,4.27,4.20386,4.30662,4.34643,4.12
2025-10-30,4.04,4.20854,4.30527,4.34592,3.87
2025-10-31,4.22,4.20185,4.30192,4.34411,3.86
2025-11-03,4.13,4.20451,4.29798,4.34212,3.87
2025-11-04,4.0,4.20285,4.29562,4.34115,3.87
2025-11-05,3.91,4.19683,4.2918,4.3395,3.87
2025-11-06,3.92,4.18881,4.28686,4.33741,3.87
2025-11-07,3.93,4.18145,4.28204,4.33537,3.87
2025-11-10,3.95,4.16105,4.268,4.32929,3.87
2025-11-11,,,,,
2025-11-12,3.98,4.14771,4.25912,4.32532,3.87
2025-11-13,4.0,4.14202,4.25508,4.32351,3.88
2025-11-14,3.95,4.13567,4.25105,4.32181,3.88
2025-11-17,4.0,4.10489,4.23746,4.31607,3.88
2025-11-18,3.94,4.09888,4.23375,4.31459,3.88
2025-11-19,3.91,4.09086,4.2296,4.31278,3.88
2025-11-20,3.91,4.0825,4.22499,4.3108,3.88
2025-11-21,3.93,4.0718,4.21995,4.30882,3.88
2025-11-24,3.96,4.04169,4.20535,4.30291,3.88
2025-11-25,4.01,4.03234,4.20063,4.30081,3.88
2025-11-26,4.05,4.02465,4.19671,4.299,3.88
2025-11-27,,,,,
2025-11-28,4.12,4.00858,4.19021,4.2956,3.89
2025-12-01,4.12,4.00288,4.1828,4.29184,3.89
2025-12-02,4.01,3.99956,4.17977,4.29094,3.89
2025-12-03,3.95,3.99253,4.1755,4.28935,3.89
2025-12-04,3.92,3.98651,4.17034,4.28742,3.89
2025-12-05,3.93,3.98384,4.16474,4.28533,3.89
2025-12-08,3.95,3.98483,4.14845,4.27925,3.89
2025-12-09,3.93,3.98551,4.1434,4.27738,3.89
2025-12-10,3.9,3.98551,4.13824,4.27539,3.89
2025-12-11,3.66,3.98385,4.13251,4.27324,3.64
2025-12-12,3.67,3.97416,4.124,4.26973,3.64
2025-12-15,3.75,3.94338,4.09772,4.25894,3.64
2025-12-16,3.69,3.93671,4.09054,4.25594,3.64
2025-12-17,3.69,3.92802,4.0828,4.25259,3.64
2025-12-18,3.66,3.91765,4.07775,4.24919,3.64
2025-12-19,3.66,3.90829,4.07237,4.24562,3.64
2025-12-22,3.68,3.88253,4.0562,4.23484,3.64
2025-12-23,3.66,3.87419,4.05126,4.23098,3.64
2025-12-24,3.66,3.86516,4.04599,4.22678,3.64
2025-12-25,,,,,
2025-12-26,3.76,3.84341,4.03455,4.21851,3.64
2025-12-29,3.77,3.81199,4.02141,4.20716,3.64
2025-12-30,3.71,3.8003,4.01614,4.20358,3.64
2025-12-31,3.87,3.78659,4.01064,4.19996,3.64
