ICE BofA US Bond Market Option Volatility Estimate Index | Price History                                          16-Apr-2026 00:57,,,,,,,
,,,,,,,
,,,,,,,
.MOVE,,,,,,,
Interval: Daily,,,,,,,
History Period: 01-Jan-2019 - 13-Apr-2026,,,,,,,
,,,,,,,
,,,,,,,
.MOVE Statistics     Daily     02-Jan-2019 - 13-Apr-2026,,,,,,,
Price,,,Up/Down,,Price Change (Close-Close),,
High,198.71,16-Mar-2023,Up,870,Up,+45.06%,06-Oct-2020
Low,36.62,30-Sep-2020,Down,946,Down,-25.84%,04-Nov-2020
Avg (Close),87.55,,Unch,8,Period,+18.49%,02-Jan-2019 - 13-Apr-2026
Avg (High-Low),117.67,,,,,,
,,,,,,,
,,,,,,,
.MOVE History     Daily     02-Jan-2019 - 13-Apr-2026,,,,,,,
Exchange Date,Close,Net,%Chg,Open,Low,High,
13-Apr-2026,74.42,+2.27,+3.15%,72.15,72.15,74.42,
10-Apr-2026,72.15,-1.86,-2.51%,74.01,72.15,74.01,
09-Apr-2026,74.01,-4.73,-6.01%,78.74,74.01,78.74,
08-Apr-2026,78.74,-4.41,-5.30%,83.15,78.74,83.15,
07-Apr-2026,83.15,+1.47,+1.80%,81.68,81.68,83.15,
06-Apr-2026,81.68,-0.10,-0.12%,81.78,81.68,81.78,
03-Apr-2026,81.78,-2.63,-3.12%,84.41,81.78,84.41,
02-Apr-2026,84.41,-5.78,-6.41%,90.19,84.41,90.19,
01-Apr-2026,90.19,-5.86,-6.10%,96.05,90.19,96.05,
31-Mar-2026,96.05,-12.28,-11.34%,108.33,96.05,108.33,
30-Mar-2026,108.33,-3.62,-3.23%,111.95,108.33,111.95,
27-Mar-2026,111.95,-3.07,-2.67%,115.02,111.95,115.02,
26-Mar-2026,115.02,+17.43,+17.86%,97.59,97.59,115.02,
25-Mar-2026,97.59,-5.42,-5.26%,103.01,97.59,103.01,
24-Mar-2026,103.01,+4.86,+4.95%,98.15,98.15,103.01,
23-Mar-2026,98.15,-10.69,-9.82%,108.84,98.15,108.84,
20-Mar-2026,108.84,+23.96,+28.23%,84.88,84.88,108.84,
19-Mar-2026,84.88,+3.63,+4.47%,81.25,81.25,84.88,
18-Mar-2026,81.25,+2.02,+2.55%,79.23,79.23,81.25,
17-Mar-2026,79.23,-6.02,-7.06%,85.25,79.23,85.25,
16-Mar-2026,85.25,-5.92,-6.49%,91.17,85.25,91.17,
13-Mar-2026,91.17,-4.13,-4.33%,95.30,91.17,95.30,
12-Mar-2026,95.30,+16.71,+21.26%,78.59,78.59,95.30,
11-Mar-2026,78.59,+2.26,+2.96%,76.33,76.33,78.59,
10-Mar-2026,76.33,-3.41,-4.28%,79.74,76.33,79.74,
09-Mar-2026,79.74,-1.52,-1.87%,81.26,79.74,81.26,
06-Mar-2026,81.26,+6.73,+9.03%,74.53,74.53,81.26,
05-Mar-2026,74.53,+4.50,+6.43%,70.03,70.03,74.53,
04-Mar-2026,70.03,-7.72,-9.93%,77.75,70.03,77.75,
03-Mar-2026,77.75,+4.54,+6.20%,73.21,73.21,77.75,
02-Mar-2026,73.21,-0.17,-0.23%,73.38,73.21,73.38,
27-Feb-2026,73.38,+9.45,+14.78%,63.93,63.93,73.38,
26-Feb-2026,63.93,+1.50,+2.40%,62.43,62.43,63.93,
25-Feb-2026,62.43,-2.84,-4.35%,65.27,62.43,65.27,
24-Feb-2026,65.27,-2.76,-4.06%,68.03,65.27,68.03,
23-Feb-2026,68.03,+3.76,+5.85%,64.27,64.27,68.03,
20-Feb-2026,64.27,-3.76,-5.53%,68.03,64.27,68.03,
19-Feb-2026,68.03,+3.84,+5.98%,64.19,64.19,68.03,
18-Feb-2026,64.19,-4.65,-6.75%,68.84,64.19,68.84,
17-Feb-2026,68.84,-1.26,-1.80%,70.10,68.84,70.10,
13-Feb-2026,70.10,+1.53,+2.23%,68.57,68.57,70.10,
12-Feb-2026,68.57,+7.22,+11.77%,61.35,61.35,68.57,
11-Feb-2026,61.35,-3.20,-4.96%,64.55,61.35,64.55,
10-Feb-2026,64.55,+1.81,+2.88%,62.74,62.74,64.55,
09-Feb-2026,62.74,-0.88,-1.38%,63.62,62.74,63.62,
06-Feb-2026,63.62,+1.46,+2.35%,62.16,62.16,63.62,
05-Feb-2026,62.16,+4.65,+8.09%,57.51,57.51,62.16,
04-Feb-2026,57.51,-0.03,-0.05%,57.54,57.51,57.54,
03-Feb-2026,57.54,-1.76,-2.97%,59.30,57.54,59.30,
02-Feb-2026,59.30,+0.10,+0.17%,59.20,59.20,59.30,
30-Jan-2026,59.20,-1.53,-2.52%,60.73,59.20,60.73,
29-Jan-2026,60.73,+3.30,+5.75%,57.43,57.43,60.73,
28-Jan-2026,57.43,+1.31,+2.33%,56.12,56.12,57.43,
27-Jan-2026,56.12,+0.35,+0.63%,55.77,55.77,56.12,
26-Jan-2026,55.77,-0.48,-0.85%,56.25,55.77,56.25,
23-Jan-2026,56.25,-0.25,-0.44%,56.50,56.25,56.50,
22-Jan-2026,56.50,-3.06,-5.14%,59.56,56.50,59.56,
21-Jan-2026,59.56,-7.11,-10.66%,66.67,59.56,66.67,
20-Jan-2026,66.67,+8.62,+14.85%,58.05,58.05,66.67,
16-Jan-2026,58.05,+1.91,+3.40%,58.05,58.05,58.05,
15-Jan-2026,56.14,-1.97,-3.39%,58.11,56.14,58.11,
14-Jan-2026,58.11,-2.68,-4.41%,60.79,58.11,60.79,
13-Jan-2026,60.79,-2.11,-3.35%,62.90,60.79,62.90,
12-Jan-2026,62.90,+1.35,+2.19%,61.55,61.55,62.90,
09-Jan-2026,61.55,-5.39,-8.05%,66.94,61.55,66.94,
08-Jan-2026,66.94,+0.79,+1.19%,66.15,66.15,66.94,
07-Jan-2026,66.15,+0.33,+0.50%,65.82,65.82,66.15,
06-Jan-2026,65.82,+1.11,+1.72%,64.71,64.71,65.82,
05-Jan-2026,64.71,+2.35,+3.77%,62.36,62.36,64.71,
02-Jan-2026,62.36,-1.60,-2.50%,63.96,62.36,63.96,
31-Dec-2025,63.96,-0.02,-0.03%,63.98,63.96,63.98,
30-Dec-2025,63.98,+4.77,+8.06%,59.21,59.21,63.98,
29-Dec-2025,59.21,+0.71,+1.21%,58.50,58.50,59.21,
26-Dec-2025,58.50,-0.98,-1.65%,59.48,58.50,59.48,
24-Dec-2025,59.48,-1.69,-2.76%,61.17,59.48,61.17,
23-Dec-2025,61.17,-0.53,-0.86%,61.70,61.17,61.70,
22-Dec-2025,61.70,+2.29,+3.85%,59.41,59.41,61.70,
19-Dec-2025,59.41,-0.60,-1.00%,60.01,59.41,60.01,
18-Dec-2025,60.01,-2.73,-4.35%,62.74,60.01,62.74,
17-Dec-2025,62.74,-4.40,-6.55%,67.14,62.74,67.14,
16-Dec-2025,67.14,-6.17,-8.42%,73.31,67.14,73.31,
15-Dec-2025,73.31,+4.06,+5.86%,69.25,69.25,73.31,
12-Dec-2025,69.25,+0.01,+0.01%,69.24,69.24,69.25,
11-Dec-2025,69.24,+0.62,+0.90%,68.62,68.62,69.24,
10-Dec-2025,68.62,-6.76,-8.97%,75.38,68.62,75.38,
09-Dec-2025,75.38,+3.08,+4.26%,72.30,72.30,75.38,
08-Dec-2025,72.30,+5.02,+7.46%,67.28,67.28,72.30,
05-Dec-2025,67.28,+1.59,+2.42%,65.69,65.69,67.28,
04-Dec-2025,65.69,-0.77,-1.16%,66.46,65.69,66.46,
03-Dec-2025,66.46,-3.45,-4.93%,69.91,66.46,69.91,
02-Dec-2025,69.91,-1.44,-2.02%,71.35,69.91,71.35,
01-Dec-2025,71.35,+2.40,+3.48%,68.95,68.95,71.35,
28-Nov-2025,68.95,-2.95,-4.10%,71.90,68.95,71.90,
26-Nov-2025,71.90,-0.92,-1.26%,72.82,71.90,72.82,
25-Nov-2025,72.82,-4.00,-5.21%,76.82,72.82,76.82,
24-Nov-2025,76.82,-1.99,-2.53%,78.81,76.82,78.81,
21-Nov-2025,78.81,+1.00,+1.29%,77.81,77.81,78.81,
20-Nov-2025,77.81,-6.51,-7.72%,84.32,77.81,84.32,
19-Nov-2025,84.32,+1.14,+1.37%,83.18,83.18,84.32,
18-Nov-2025,83.18,+0.60,+0.73%,82.58,82.58,83.18,
17-Nov-2025,82.58,+2.87,+3.60%,79.71,79.71,82.58,
14-Nov-2025,79.71,+0.61,+0.77%,79.10,79.10,79.71,
13-Nov-2025,79.10,-2.02,-2.49%,81.12,79.10,81.12,
12-Nov-2025,81.12,+2.26,+2.87%,78.86,78.86,81.12,
10-Nov-2025,78.86,+4.45,+5.98%,74.41,74.41,78.86,
07-Nov-2025,74.41,+1.97,+2.72%,72.44,72.44,74.41,
06-Nov-2025,72.44,+0.02,+0.03%,72.42,72.42,72.44,
05-Nov-2025,72.42,+4.40,+6.47%,68.02,68.02,72.42,
04-Nov-2025,68.02,+0.79,+1.18%,67.23,67.23,68.02,
03-Nov-2025,67.23,+0.62,+0.93%,66.61,66.61,67.23,
31-Oct-2025,66.61,-0.27,-0.40%,66.88,66.61,66.88,
30-Oct-2025,66.88,+1.13,+1.72%,65.75,65.75,66.88,
29-Oct-2025,65.75,-1.55,-2.30%,67.30,65.75,67.30,
28-Oct-2025,67.30,+0.43,+0.64%,66.87,66.87,67.30,
27-Oct-2025,66.87,-2.07,-3.00%,68.94,66.87,68.94,
24-Oct-2025,68.94,-5.11,-6.90%,74.05,68.94,74.05,
23-Oct-2025,74.05,-1.44,-1.91%,75.49,74.05,75.49,
22-Oct-2025,75.49,-1.69,-2.19%,77.18,75.49,77.18,
21-Oct-2025,77.18,-0.04,-0.05%,77.22,77.18,77.22,
20-Oct-2025,77.22,-1.40,-1.78%,78.62,77.22,78.62,
17-Oct-2025,78.62,-2.61,-3.21%,81.23,78.62,81.23,
16-Oct-2025,81.23,+6.12,+8.15%,75.11,75.11,81.23,
15-Oct-2025,75.11,-4.84,-6.05%,79.95,75.11,79.95,
14-Oct-2025,79.95,-1.70,-2.08%,81.65,79.95,81.65,
10-Oct-2025,81.65,+7.53,+10.16%,74.12,74.12,81.65,
09-Oct-2025,74.12,-0.75,-1.00%,74.87,74.12,74.87,
08-Oct-2025,74.87,-0.56,-0.74%,75.43,74.87,75.43,
07-Oct-2025,75.43,+2.44,+3.34%,72.99,72.99,75.43,
06-Oct-2025,72.99,+3.46,+4.98%,69.53,69.53,72.99,
03-Oct-2025,69.53,-1.68,-2.36%,71.21,69.53,71.21,
02-Oct-2025,71.21,-2.29,-3.12%,73.50,71.21,73.50,
01-Oct-2025,73.50,-4.43,-5.68%,77.93,73.50,77.93,
30-Sep-2025,77.93,+2.42,+3.20%,75.51,75.51,77.93,
29-Sep-2025,75.51,+1.13,+1.52%,74.38,74.38,75.51,
26-Sep-2025,74.38,-1.06,-1.41%,75.44,74.38,75.44,
25-Sep-2025,75.44,+0.31,+0.41%,75.13,75.13,75.44,
24-Sep-2025,75.13,-0.53,-0.70%,75.66,75.13,75.66,
23-Sep-2025,75.66,-0.14,-0.18%,75.80,75.66,75.80,
22-Sep-2025,75.80,+3.29,+4.54%,72.51,72.51,75.80,
19-Sep-2025,72.51,+0.60,+0.83%,71.91,71.91,72.51,
18-Sep-2025,71.91,-4.04,-5.32%,75.95,71.91,75.95,
17-Sep-2025,75.95,-1.14,-1.48%,77.09,75.95,77.09,
16-Sep-2025,77.09,+0.21,+0.27%,76.88,76.88,77.09,
15-Sep-2025,76.88,+3.51,+4.78%,73.37,73.37,76.88,
12-Sep-2025,73.37,-1.70,-2.26%,75.07,73.37,75.07,
11-Sep-2025,75.07,-4.51,-5.67%,79.58,75.07,79.58,
10-Sep-2025,79.58,-2.62,-3.19%,82.20,79.58,82.20,
09-Sep-2025,82.20,-1.80,-2.14%,84.00,82.20,84.00,
08-Sep-2025,84.00,-1.29,-1.51%,85.29,84.00,85.29,
05-Sep-2025,85.29,-2.97,-3.37%,88.26,85.29,88.26,
04-Sep-2025,88.26,-1.41,-1.57%,89.67,88.26,89.67,
03-Sep-2025,89.67,+4.39,+5.15%,85.28,85.28,89.67,
02-Sep-2025,85.28,+5.89,+7.42%,79.39,79.39,85.28,
29-Aug-2025,79.39,+1.84,+2.37%,77.55,77.55,79.39,
28-Aug-2025,77.55,-0.11,-0.14%,77.66,77.55,77.66,
27-Aug-2025,77.66,-1.70,-2.14%,79.36,77.66,79.36,
26-Aug-2025,79.36,+1.80,+2.32%,77.56,77.56,79.36,
25-Aug-2025,77.56,-0.54,-0.69%,78.10,77.56,78.10,
22-Aug-2025,78.10,-2.42,-3.01%,80.52,78.10,80.52,
21-Aug-2025,80.52,-0.23,-0.28%,80.75,80.52,80.75,
20-Aug-2025,80.75,-1.40,-1.70%,82.15,80.75,82.15,
19-Aug-2025,82.15,+0.33,+0.40%,81.82,81.82,82.15,
18-Aug-2025,81.82,+5.16,+6.73%,76.66,76.66,81.82,
15-Aug-2025,76.66,-0.11,-0.14%,76.77,76.66,76.77,
14-Aug-2025,76.77,-0.54,-0.70%,77.31,76.77,77.31,
13-Aug-2025,77.31,-0.11,-0.14%,77.42,77.31,77.42,
12-Aug-2025,77.42,-4.34,-5.31%,81.76,77.42,81.76,
11-Aug-2025,81.76,+2.56,+3.23%,79.20,79.20,81.76,
08-Aug-2025,79.20,-0.95,-1.19%,80.15,79.20,80.15,
07-Aug-2025,80.15,-3.74,-4.46%,83.89,80.15,83.89,
06-Aug-2025,83.89,-5.31,-5.95%,89.20,83.89,89.20,
05-Aug-2025,89.20,+1.25,+1.42%,87.95,87.95,89.20,
04-Aug-2025,87.95,+4.12,+4.91%,83.83,83.83,87.95,
01-Aug-2025,83.83,+3.99,+5.00%,79.84,79.84,83.83,
31-Jul-2025,79.84,-2.04,-2.49%,81.88,79.84,81.88,
30-Jul-2025,81.88,-3.19,-3.75%,85.07,81.88,85.07,
29-Jul-2025,85.07,+1.34,+1.60%,83.73,83.73,85.07,
28-Jul-2025,83.73,+1.64,+2.00%,82.09,82.09,83.73,
25-Jul-2025,82.09,-0.66,-0.80%,82.75,82.09,82.75,
24-Jul-2025,82.75,-3.20,-3.72%,85.95,82.75,85.95,
23-Jul-2025,85.95,-3.94,-4.38%,89.89,85.95,89.89,
22-Jul-2025,89.89,+3.27,+3.78%,86.62,86.62,89.89,
21-Jul-2025,86.62,+3.33,+4.00%,83.29,83.29,86.62,
18-Jul-2025,83.29,-2.28,-2.66%,85.57,83.29,85.57,
17-Jul-2025,85.57,-3.95,-4.41%,89.52,85.57,89.52,
16-Jul-2025,89.52,+0.57,+0.64%,88.95,88.95,89.52,
15-Jul-2025,88.95,-1.78,-1.96%,90.73,88.95,90.73,
14-Jul-2025,90.73,+5.25,+6.14%,85.48,85.48,90.73,
11-Jul-2025,85.48,+3.90,+4.78%,81.58,81.58,85.48,
10-Jul-2025,81.58,-2.73,-3.24%,84.31,81.58,84.31,
09-Jul-2025,84.31,-3.74,-4.25%,88.05,84.31,88.05,
08-Jul-2025,88.05,-0.48,-0.54%,88.53,88.05,88.53,
07-Jul-2025,88.53,+2.44,+2.83%,86.09,86.09,88.53,
03-Jul-2025,86.09,-5.28,-5.78%,91.37,86.09,91.37,
02-Jul-2025,91.37,-2.11,-2.26%,93.48,91.37,93.48,
01-Jul-2025,93.48,+3.22,+3.57%,90.26,90.26,93.48,
30-Jun-2025,90.26,+2.33,+2.65%,87.93,87.93,90.26,
27-Jun-2025,87.93,-1.54,-1.72%,89.47,87.93,89.47,
26-Jun-2025,89.47,-1.77,-1.94%,91.24,89.47,91.24,
25-Jun-2025,91.24,-1.38,-1.49%,92.62,91.24,92.62,
24-Jun-2025,92.62,-2.41,-2.54%,95.03,92.62,95.03,
23-Jun-2025,95.03,+4.93,+5.47%,90.10,90.10,95.03,
20-Jun-2025,90.10,-3.54,-3.78%,93.64,90.10,93.64,
18-Jun-2025,93.64,-3.54,-3.64%,97.18,93.64,97.18,
17-Jun-2025,97.18,+3.70,+3.96%,93.48,93.48,97.18,
16-Jun-2025,93.48,-1.83,-1.92%,95.31,93.48,95.31,
13-Jun-2025,95.31,+6.32,+7.10%,88.99,88.99,95.31,
12-Jun-2025,88.99,-0.37,-0.41%,89.36,88.99,89.36,
11-Jun-2025,89.36,-1.86,-2.04%,91.22,89.36,91.22,
10-Jun-2025,91.22,-1.40,-1.51%,92.62,91.22,92.62,
09-Jun-2025,92.62,+2.97,+3.31%,89.65,89.65,92.62,
06-Jun-2025,89.65,-5.00,-5.28%,94.65,89.65,94.65,
05-Jun-2025,94.65,-2.33,-2.40%,96.98,94.65,96.98,
04-Jun-2025,96.98,-3.02,-3.02%,100.00,96.98,100.00,
03-Jun-2025,100.00,+4.24,+4.43%,95.76,95.76,100.00,
02-Jun-2025,95.76,+3.65,+3.96%,92.11,92.11,95.76,
30-May-2025,92.11,-0.56,-0.60%,92.67,92.11,92.67,
29-May-2025,92.67,-0.53,-0.57%,93.20,92.67,93.20,
28-May-2025,93.20,-4.73,-4.83%,97.93,93.20,97.93,
27-May-2025,97.93,-2.98,-2.95%,100.91,97.93,100.91,
23-May-2025,100.91,+1.44,+1.45%,99.47,99.47,100.91,
22-May-2025,99.47,-2.63,-2.58%,102.10,99.47,102.10,
21-May-2025,102.10,+0.73,+0.72%,101.37,101.37,102.10,
20-May-2025,101.37,-2.44,-2.35%,103.81,101.37,103.81,
19-May-2025,103.81,+7.11,+7.35%,96.70,96.70,103.81,
16-May-2025,96.70,-1.95,-1.98%,98.65,96.70,98.65,
15-May-2025,98.65,-2.08,-2.06%,100.73,98.65,100.73,
14-May-2025,100.73,+0.60,+0.60%,100.13,100.13,100.73,
13-May-2025,100.13,-2.77,-2.69%,102.90,100.13,102.90,
12-May-2025,102.90,+2.50,+2.49%,100.40,100.40,102.90,
09-May-2025,100.40,+1.74,+1.76%,98.66,98.66,100.40,
08-May-2025,98.66,-1.21,-1.21%,99.87,98.66,99.87,
07-May-2025,99.87,-6.31,-5.94%,106.18,99.87,106.18,
06-May-2025,106.18,+1.73,+1.66%,104.45,104.45,106.18,
05-May-2025,104.45,+3.05,+3.01%,101.40,101.40,104.45,
02-May-2025,101.40,-5.93,-5.53%,107.33,101.40,107.33,
01-May-2025,107.33,-5.15,-4.58%,112.48,107.33,112.48,
30-Apr-2025,112.48,+0.21,+0.19%,112.27,112.27,112.48,
29-Apr-2025,112.27,+2.26,+2.05%,110.01,110.01,112.27,
28-Apr-2025,110.01,+4.22,+3.99%,105.79,105.79,110.01,
25-Apr-2025,105.79,-2.49,-2.30%,108.28,105.79,108.28,
24-Apr-2025,108.28,-8.32,-7.14%,116.60,108.28,116.60,
23-Apr-2025,116.60,-1.75,-1.48%,118.35,116.60,118.35,
22-Apr-2025,118.35,-10.21,-7.94%,128.56,118.35,128.56,
21-Apr-2025,128.56,+13.92,+12.14%,114.64,114.64,128.56,
17-Apr-2025,114.64,-4.76,-3.99%,119.40,114.64,119.40,
16-Apr-2025,119.40,-3.16,-2.58%,122.56,119.40,122.56,
15-Apr-2025,122.56,-9.90,-7.47%,132.46,122.56,132.46,
14-Apr-2025,132.46,-4.80,-3.50%,137.26,132.46,137.26,
11-Apr-2025,137.26,+8.91,+6.94%,128.35,128.35,137.26,
10-Apr-2025,128.35,-0.48,-0.37%,128.83,128.35,128.83,
09-Apr-2025,128.83,-11.05,-7.90%,139.88,128.83,139.88,
08-Apr-2025,139.88,+2.58,+1.88%,137.30,137.30,139.88,
07-Apr-2025,137.30,+11.59,+9.22%,125.71,125.71,137.30,
04-Apr-2025,125.71,+13.71,+12.24%,112.00,112.00,125.71,
03-Apr-2025,112.00,+5.61,+5.27%,106.39,106.39,112.00,
02-Apr-2025,106.39,+1.66,+1.59%,104.73,104.73,106.39,
01-Apr-2025,104.73,+3.38,+3.33%,101.35,101.35,104.73,
31-Mar-2025,101.35,+4.52,+4.67%,96.83,96.83,101.35,
28-Mar-2025,96.83,+5.80,+6.37%,91.03,91.03,96.83,
27-Mar-2025,91.03,-0.38,-0.42%,91.41,91.03,91.41,
26-Mar-2025,91.41,-2.16,-2.31%,93.57,91.41,93.57,
25-Mar-2025,93.57,-1.65,-1.73%,95.22,93.57,95.22,
24-Mar-2025,95.22,+0.68,+0.72%,94.54,94.54,95.22,
21-Mar-2025,94.54,-1.20,-1.25%,95.74,94.54,95.74,
20-Mar-2025,95.74,+4.34,+4.75%,91.40,91.40,95.74,
19-Mar-2025,91.40,-5.28,-5.46%,96.68,91.40,96.68,
18-Mar-2025,96.68,-3.10,-3.11%,99.78,96.68,99.78,
17-Mar-2025,99.78,-1.23,-1.22%,101.01,99.78,101.01,
14-Mar-2025,101.01,-5.18,-4.88%,106.19,101.01,106.19,
13-Mar-2025,106.19,+2.08,+2.00%,104.11,104.11,106.19,
12-Mar-2025,104.11,-10.49,-9.15%,114.60,104.11,114.60,
11-Mar-2025,114.60,+2.10,+1.87%,112.50,112.50,114.60,
10-Mar-2025,112.50,+8.09,+7.75%,104.41,104.41,112.50,
07-Mar-2025,104.41,-4.54,-4.17%,108.95,104.41,108.95,
06-Mar-2025,108.95,+4.63,+4.44%,104.32,104.32,108.95,
05-Mar-2025,104.32,-4.55,-4.18%,108.87,104.32,108.87,
04-Mar-2025,108.87,+3.22,+3.05%,105.65,105.65,108.87,
03-Mar-2025,105.65,+1.19,+1.14%,104.46,104.46,105.65,
28-Feb-2025,104.46,+8.19,+8.51%,96.27,96.27,104.46,
27-Feb-2025,96.27,-1.25,-1.28%,97.52,96.27,97.52,
26-Feb-2025,97.52,+0.91,+0.94%,96.61,96.61,97.52,
25-Feb-2025,96.61,+8.17,+9.24%,88.44,88.44,96.61,
24-Feb-2025,88.44,-3.39,-3.69%,91.83,88.44,91.83,
21-Feb-2025,91.83,+5.57,+6.46%,86.26,86.26,91.83,
20-Feb-2025,86.26,+2.40,+2.86%,83.86,83.86,86.26,
19-Feb-2025,83.86,-0.65,-0.77%,84.51,83.86,84.51,
18-Feb-2025,84.51,-0.16,-0.19%,84.67,84.51,84.67,
14-Feb-2025,84.67,+0.10,+0.12%,84.57,84.57,84.67,
13-Feb-2025,84.57,-2.01,-2.32%,86.58,84.57,86.58,
12-Feb-2025,86.58,+1.00,+1.17%,85.58,85.58,86.58,
11-Feb-2025,85.58,-2.10,-2.40%,87.68,85.58,87.68,
10-Feb-2025,87.68,-5.45,-5.85%,93.13,87.68,93.13,
07-Feb-2025,93.13,-0.77,-0.82%,93.90,93.13,93.90,
06-Feb-2025,93.90,-0.78,-0.82%,94.68,93.90,94.68,
05-Feb-2025,94.68,+4.40,+4.87%,90.28,90.28,94.68,
04-Feb-2025,90.28,-3.87,-4.11%,94.15,90.28,94.15,
03-Feb-2025,94.15,+2.39,+2.60%,91.76,91.76,94.15,
31-Jan-2025,91.76,+1.22,+1.35%,90.54,90.54,91.76,
30-Jan-2025,90.54,-0.19,-0.21%,90.73,90.54,90.73,
29-Jan-2025,90.73,-2.10,-2.26%,92.83,90.73,92.83,
28-Jan-2025,92.83,-2.22,-2.34%,95.05,92.83,95.05,
27-Jan-2025,95.05,+8.30,+9.57%,86.75,86.75,95.05,
24-Jan-2025,86.75,-1.76,-1.99%,88.51,86.75,88.51,
23-Jan-2025,88.51,-1.39,-1.55%,89.90,88.51,89.90,
22-Jan-2025,89.90,-6.88,-7.11%,96.78,89.90,96.78,
21-Jan-2025,96.78,+1.18,+1.23%,95.60,95.60,96.78,
17-Jan-2025,95.60,+2.88,+3.11%,92.72,92.72,95.60,
16-Jan-2025,92.72,-0.38,-0.41%,93.10,92.72,93.10,
15-Jan-2025,93.10,-8.89,-8.72%,101.99,93.10,101.99,
14-Jan-2025,101.99,-1.52,-1.47%,103.51,101.99,103.51,
13-Jan-2025,103.51,+6.94,+7.19%,96.57,96.57,103.51,
10-Jan-2025,96.57,-3.16,-3.17%,99.73,96.57,99.73,
09-Jan-2025,99.73,-1.03,-1.02%,100.76,99.73,100.76,
08-Jan-2025,100.76,-2.02,-1.97%,102.78,100.76,102.78,
07-Jan-2025,102.78,+4.89,+5.00%,97.89,97.89,102.78,
06-Jan-2025,97.89,+4.54,+4.86%,93.35,93.35,97.89,
03-Jan-2025,93.35,-3.32,-3.43%,96.67,93.35,96.67,
02-Jan-2025,96.67,-2.13,-2.16%,98.80,96.67,98.80,
31-Dec-2024,98.80,-0.28,-0.28%,99.08,98.80,99.08,
30-Dec-2024,99.08,+4.28,+4.51%,94.80,94.80,99.08,
27-Dec-2024,94.80,-0.40,-0.42%,95.20,94.80,95.20,
26-Dec-2024,95.20,-1.75,-1.81%,96.95,95.20,96.95,
24-Dec-2024,96.95,+1.10,+1.15%,95.85,95.85,96.95,
23-Dec-2024,95.85,+4.10,+4.47%,91.75,91.75,95.85,
20-Dec-2024,91.75,+1.34,+1.48%,90.41,90.41,91.75,
19-Dec-2024,90.41,+3.20,+3.67%,87.21,87.21,90.41,
18-Dec-2024,87.21,-3.21,-3.55%,90.42,87.21,90.42,
17-Dec-2024,90.42,-0.46,-0.51%,90.88,90.42,90.88,
16-Dec-2024,90.88,+5.22,+6.09%,85.66,85.66,90.88,
13-Dec-2024,85.66,+3.00,+3.63%,82.66,82.66,85.66,
12-Dec-2024,82.66,+0.26,+0.32%,82.40,82.40,82.66,
11-Dec-2024,82.40,-7.70,-8.55%,90.10,82.40,90.10,
10-Dec-2024,90.10,+4.47,+5.22%,85.63,85.63,90.10,
09-Dec-2024,85.63,+2.43,+2.92%,83.20,83.20,85.63,
06-Dec-2024,83.20,-8.28,-9.05%,91.48,83.20,91.48,
05-Dec-2024,91.48,-0.77,-0.83%,92.25,91.48,92.25,
04-Dec-2024,92.25,-3.35,-3.50%,95.60,92.25,95.60,
03-Dec-2024,95.60,-2.21,-2.26%,97.81,95.60,97.81,
02-Dec-2024,97.81,+2.59,+2.72%,95.22,95.22,97.81,
29-Nov-2024,95.22,-2.52,-2.58%,97.74,95.22,97.74,
27-Nov-2024,97.74,-1.44,-1.45%,99.18,97.74,99.18,
26-Nov-2024,99.18,-0.78,-0.78%,99.96,99.18,99.96,
25-Nov-2024,99.96,+0.82,+0.83%,99.14,99.14,99.96,
22-Nov-2024,99.14,-2.76,-2.71%,101.90,99.14,101.90,
21-Nov-2024,101.90,-4.79,-4.49%,106.69,101.90,106.69,
20-Nov-2024,106.69,+1.57,+1.49%,105.12,105.12,106.69,
19-Nov-2024,105.12,+3.11,+3.05%,102.01,102.01,105.12,
18-Nov-2024,102.01,-0.46,-0.45%,102.47,102.01,102.47,
15-Nov-2024,102.47,+3.04,+3.06%,99.43,99.43,102.47,
14-Nov-2024,99.43,-2.65,-2.60%,102.08,99.43,102.08,
13-Nov-2024,102.08,-6.47,-5.96%,108.55,102.08,108.55,
12-Nov-2024,108.55,+8.70,+8.71%,99.85,99.85,108.55,
08-Nov-2024,99.85,-4.23,-4.06%,104.08,99.85,104.08,
07-Nov-2024,104.08,-13.56,-11.53%,117.64,104.08,117.64,
06-Nov-2024,117.64,-12.79,-9.81%,130.43,117.64,130.43,
05-Nov-2024,130.43,-5.82,-4.27%,136.25,130.43,136.25,
04-Nov-2024,136.25,+3.67,+2.77%,132.58,132.58,136.25,
01-Nov-2024,132.58,-2.60,-1.92%,135.18,132.58,135.18,
31-Oct-2024,135.18,+4.38,+3.35%,130.80,130.80,135.18,
30-Oct-2024,130.80,-1.07,-0.81%,131.87,130.80,131.87,
29-Oct-2024,131.87,+0.95,+0.73%,130.92,130.92,131.87,
28-Oct-2024,130.92,+2.52,+1.96%,128.40,128.40,130.92,
25-Oct-2024,128.40,+0.92,+0.72%,127.48,127.48,128.40,
24-Oct-2024,127.48,-1.57,-1.22%,129.05,127.48,129.05,
23-Oct-2024,129.05,-0.21,-0.16%,129.26,129.05,129.26,
22-Oct-2024,129.26,+0.31,+0.24%,128.95,128.95,129.26,
21-Oct-2024,128.95,+5.82,+4.73%,123.13,123.13,128.95,
18-Oct-2024,123.13,+0.99,+0.81%,122.14,122.14,123.13,
17-Oct-2024,122.14,+0.28,+0.23%,121.86,121.86,122.14,
16-Oct-2024,121.86,-5.37,-4.22%,127.23,121.86,127.23,
15-Oct-2024,127.23,+8.76,+7.39%,118.47,118.47,127.23,
11-Oct-2024,118.47,+1.91,+1.64%,116.56,116.56,118.47,
10-Oct-2024,116.56,-5.83,-4.76%,122.39,116.56,122.39,
09-Oct-2024,122.39,-1.38,-1.11%,123.77,122.39,123.77,
08-Oct-2024,123.77,-0.46,-0.37%,124.23,123.77,124.23,
07-Oct-2024,124.23,+24.08,+24.04%,100.15,100.15,124.23,
04-Oct-2024,100.15,-1.01,-1.00%,101.16,100.15,101.16,
03-Oct-2024,101.16,-1.01,-0.99%,102.17,101.16,102.17,
02-Oct-2024,102.17,-1.97,-1.89%,104.14,102.17,104.14,
01-Oct-2024,104.14,+9.53,+10.07%,94.61,94.61,104.14,
30-Sep-2024,94.61,+2.08,+2.25%,92.53,92.53,94.61,
27-Sep-2024,92.53,+2.39,+2.65%,90.14,90.14,92.53,
26-Sep-2024,90.14,-1.50,-1.64%,91.64,90.14,91.64,
25-Sep-2024,91.64,-1.66,-1.78%,93.30,91.64,93.30,
24-Sep-2024,93.30,-0.57,-0.61%,93.87,93.30,93.87,
23-Sep-2024,93.87,+2.87,+3.15%,91.00,91.00,93.87,
20-Sep-2024,91.00,-1.64,-1.77%,92.64,91.00,92.64,
19-Sep-2024,92.64,-5.97,-6.05%,98.61,92.64,98.61,
18-Sep-2024,98.61,-2.97,-2.92%,101.58,98.61,101.58,
17-Sep-2024,101.58,+0.36,+0.36%,101.22,101.22,101.58,
16-Sep-2024,101.22,+0.62,+0.62%,100.60,100.60,101.22,
13-Sep-2024,100.60,+2.57,+2.62%,98.03,98.03,100.60,
12-Sep-2024,98.03,-5.76,-5.55%,103.79,98.03,103.79,
11-Sep-2024,103.79,-4.57,-4.22%,108.36,103.79,108.36,
10-Sep-2024,108.36,+3.75,+3.58%,104.61,104.61,108.36,
09-Sep-2024,104.61,-2.63,-2.45%,107.24,104.61,107.24,
06-Sep-2024,107.24,-7.57,-6.59%,114.81,107.24,114.81,
05-Sep-2024,114.81,-4.34,-3.64%,119.15,114.81,119.15,
04-Sep-2024,119.15,+4.95,+4.33%,114.20,114.20,119.15,
03-Sep-2024,114.20,+6.43,+5.97%,107.77,107.77,114.20,
30-Aug-2024,107.77,+1.07,+1.00%,106.70,106.70,107.77,
29-Aug-2024,106.70,-2.06,-1.89%,108.76,106.70,108.76,
28-Aug-2024,108.76,-0.46,-0.42%,109.22,108.76,109.22,
27-Aug-2024,109.22,+2.56,+2.40%,106.66,106.66,109.22,
26-Aug-2024,106.66,+1.03,+0.98%,105.63,105.63,106.66,
23-Aug-2024,105.63,-2.87,-2.65%,108.50,105.63,108.50,
22-Aug-2024,108.50,-2.88,-2.59%,111.38,108.50,111.38,
21-Aug-2024,111.38,-0.19,-0.17%,111.57,111.38,111.57,
20-Aug-2024,111.57,+1.44,+1.31%,110.13,110.13,111.57,
19-Aug-2024,110.13,+7.32,+7.12%,102.81,102.81,110.13,
16-Aug-2024,102.81,-0.93,-0.90%,103.74,102.81,103.74,
15-Aug-2024,103.74,-2.60,-2.44%,106.34,103.74,106.34,
14-Aug-2024,106.34,-12.10,-10.22%,118.44,106.34,118.44,
13-Aug-2024,118.44,+0.18,+0.15%,118.26,118.26,118.44,
12-Aug-2024,118.26,+10.00,+9.24%,108.26,108.26,118.26,
09-Aug-2024,108.26,-2.16,-1.96%,110.42,108.26,110.42,
08-Aug-2024,110.42,-2.27,-2.01%,112.69,110.42,112.69,
07-Aug-2024,112.69,-6.55,-5.49%,119.24,112.69,119.24,
06-Aug-2024,119.24,-1.98,-1.63%,121.22,119.24,121.22,
05-Aug-2024,121.22,+8.96,+7.98%,112.26,112.26,121.22,
02-Aug-2024,112.26,+10.44,+10.25%,101.82,101.82,112.26,
01-Aug-2024,101.82,+2.41,+2.42%,99.41,99.41,101.82,
31-Jul-2024,99.41,-1.01,-1.01%,100.42,99.41,100.42,
30-Jul-2024,100.42,+1.77,+1.79%,98.65,98.65,100.42,
29-Jul-2024,98.65,+0.89,+0.91%,97.76,97.76,98.65,
26-Jul-2024,97.76,-1.32,-1.33%,99.08,97.76,99.08,
25-Jul-2024,99.08,+4.27,+4.50%,94.81,94.81,99.08,
24-Jul-2024,94.81,-0.23,-0.24%,95.04,94.81,95.04,
23-Jul-2024,95.04,+0.59,+0.62%,94.45,94.45,95.04,
22-Jul-2024,94.45,+0.16,+0.17%,94.29,94.29,94.45,
19-Jul-2024,94.29,+2.32,+2.52%,91.97,91.97,94.29,
18-Jul-2024,91.97,+0.97,+1.07%,91.00,91.00,91.97,
17-Jul-2024,91.00,-2.87,-3.06%,93.87,91.00,93.87,
16-Jul-2024,93.87,-0.63,-0.67%,94.50,93.87,94.50,
15-Jul-2024,94.50,+7.71,+8.88%,86.79,86.79,94.50,
12-Jul-2024,86.79,-2.88,-3.21%,89.67,86.79,89.67,
11-Jul-2024,89.67,-3.30,-3.55%,92.97,89.67,92.97,
10-Jul-2024,92.97,-2.65,-2.77%,95.62,92.97,95.62,
09-Jul-2024,95.62,-2.34,-2.39%,97.96,95.62,97.96,
08-Jul-2024,97.96,-0.82,-0.83%,98.78,97.96,98.78,
05-Jul-2024,98.78,-4.05,-3.94%,102.83,98.78,102.83,
03-Jul-2024,102.83,-4.68,-4.35%,107.51,102.83,107.51,
02-Jul-2024,107.51,+1.28,+1.20%,106.23,106.23,107.51,
01-Jul-2024,106.23,+7.64,+7.75%,98.59,98.59,106.23,
28-Jun-2024,98.59,+2.90,+3.03%,95.69,95.69,98.59,
27-Jun-2024,95.69,-2.22,-2.27%,97.91,95.69,97.91,
26-Jun-2024,97.91,+0.94,+0.97%,96.97,96.97,97.91,
25-Jun-2024,96.97,+1.77,+1.86%,95.20,95.20,96.97,
24-Jun-2024,95.20,+1.11,+1.18%,94.09,94.09,95.20,
21-Jun-2024,94.09,-0.05,-0.05%,94.14,94.09,94.14,
20-Jun-2024,94.14,-3.85,-3.93%,97.99,94.14,97.99,
18-Jun-2024,97.99,-1.08,-1.09%,99.07,97.99,99.07,
17-Jun-2024,99.07,-1.09,-1.09%,100.16,99.07,100.16,
14-Jun-2024,100.16,+8.23,+8.95%,91.93,91.93,100.16,
13-Jun-2024,91.93,+0.20,+0.22%,91.73,91.73,91.93,
12-Jun-2024,91.73,-5.54,-5.70%,97.27,91.73,97.27,
11-Jun-2024,97.27,+3.11,+3.30%,94.16,94.16,97.27,
10-Jun-2024,94.16,+2.34,+2.55%,91.82,91.82,94.16,
07-Jun-2024,91.82,-9.17,-9.08%,100.99,91.82,100.99,
06-Jun-2024,100.99,-1.44,-1.41%,102.43,100.99,102.43,
05-Jun-2024,102.43,+2.32,+2.32%,100.11,100.11,102.43,
04-Jun-2024,100.11,+6.19,+6.59%,93.92,93.92,100.11,
03-Jun-2024,93.92,+2.78,+3.05%,91.14,91.14,93.92,
31-May-2024,91.14,+0.05,+0.05%,91.09,91.09,91.14,
30-May-2024,91.09,-2.36,-2.53%,93.45,91.09,93.45,
29-May-2024,93.45,+3.78,+4.22%,89.67,89.67,93.45,
28-May-2024,89.67,+6.10,+7.30%,83.57,83.57,89.67,
24-May-2024,83.57,-2.58,-2.99%,86.15,83.57,86.15,
23-May-2024,86.15,+3.66,+4.44%,82.49,82.49,86.15,
22-May-2024,82.49,-2.85,-3.34%,85.34,82.49,85.34,
21-May-2024,85.34,-2.79,-3.17%,88.13,85.34,88.13,
20-May-2024,88.13,-1.22,-1.37%,89.35,88.13,89.35,
17-May-2024,89.35,-2.48,-2.70%,91.83,89.35,91.83,
16-May-2024,91.83,-1.95,-2.08%,93.78,91.83,93.78,
15-May-2024,93.78,-12.77,-11.98%,106.55,93.78,106.55,
14-May-2024,106.55,+1.20,+1.14%,105.35,105.35,106.55,
13-May-2024,105.35,+11.12,+11.80%,94.23,94.23,105.35,
10-May-2024,94.23,+0.38,+0.40%,93.85,93.85,94.23,
09-May-2024,93.85,-1.73,-1.81%,95.58,93.85,95.58,
08-May-2024,95.58,-2.46,-2.51%,98.04,95.58,98.04,
07-May-2024,98.04,+3.54,+3.75%,94.50,94.50,98.04,
06-May-2024,94.50,-1.46,-1.52%,95.96,94.50,95.96,
03-May-2024,95.96,-4.74,-4.71%,100.70,95.96,100.70,
02-May-2024,100.70,+0.06,+0.06%,100.64,100.64,100.70,
01-May-2024,100.64,-6.82,-6.35%,107.46,100.64,107.46,
30-Apr-2024,107.46,+2.04,+1.94%,105.42,105.42,107.46,
29-Apr-2024,105.42,+1.02,+0.98%,104.40,104.40,105.42,
26-Apr-2024,104.40,-4.15,-3.82%,108.55,104.40,108.55,
25-Apr-2024,108.55,-1.66,-1.51%,110.21,108.55,110.21,
24-Apr-2024,110.21,+3.36,+3.14%,106.85,106.85,110.21,
23-Apr-2024,106.85,-1.71,-1.58%,108.56,106.85,108.56,
22-Apr-2024,108.56,-2.70,-2.43%,111.26,108.56,111.26,
19-Apr-2024,111.26,+2.60,+2.39%,108.66,108.66,111.26,
18-Apr-2024,108.66,-4.63,-4.09%,113.29,108.66,113.29,
17-Apr-2024,113.29,-6.30,-5.27%,119.59,113.29,119.59,
16-Apr-2024,119.59,-1.56,-1.29%,121.15,119.59,121.15,
15-Apr-2024,121.15,+8.33,+7.38%,112.82,112.82,121.15,
12-Apr-2024,112.82,+3.96,+3.64%,108.86,108.86,112.82,
11-Apr-2024,108.86,-0.73,-0.67%,109.59,108.86,109.59,
10-Apr-2024,109.59,+10.86,+11.00%,98.73,98.73,109.59,
09-Apr-2024,98.73,-0.64,-0.64%,99.37,98.73,99.37,
08-Apr-2024,99.37,+5.06,+5.37%,96.13,96.13,99.37,
05-Apr-2024,94.31,-1.82,-1.89%,96.13,94.31,96.13,
04-Apr-2024,96.13,-1.75,-1.79%,97.88,96.13,97.88,
03-Apr-2024,97.88,+1.31,+1.36%,96.57,96.57,97.88,
02-Apr-2024,96.57,+2.37,+2.52%,94.20,94.20,96.57,
01-Apr-2024,94.20,+7.82,+9.05%,86.38,86.38,94.20,
28-Mar-2024,86.38,+0.10,+0.12%,86.28,86.28,86.38,
27-Mar-2024,86.28,-4.35,-4.80%,90.63,86.28,90.63,
26-Mar-2024,90.63,-1.61,-1.75%,92.24,90.63,92.24,
25-Mar-2024,92.24,+1.20,+1.32%,90.82,90.82,92.24,
22-Mar-2024,91.04,+0.22,+0.24%,90.82,90.82,91.04,
21-Mar-2024,90.82,-1.90,-2.05%,92.72,90.82,92.72,
20-Mar-2024,92.72,-7.27,-7.27%,99.99,92.72,99.99,
19-Mar-2024,99.99,-2.88,-2.80%,102.87,99.99,102.87,
18-Mar-2024,102.87,+5.05,+5.16%,97.82,97.82,102.87,
15-Mar-2024,97.82,-0.85,-0.86%,98.67,97.82,98.67,
14-Mar-2024,98.67,+1.64,+1.69%,97.03,97.03,98.67,
13-Mar-2024,97.03,-4.33,-4.27%,101.36,97.03,101.36,
12-Mar-2024,101.36,-5.27,-4.94%,106.63,101.36,106.63,
11-Mar-2024,106.63,+5.75,+5.70%,105.45,105.45,106.63,
08-Mar-2024,100.88,-4.57,-4.33%,105.45,100.88,105.45,
07-Mar-2024,105.45,+0.12,+0.11%,105.33,105.33,105.45,
06-Mar-2024,105.33,-5.00,-4.53%,110.33,105.33,110.33,
05-Mar-2024,110.33,+0.76,+0.69%,109.57,109.57,110.33,
04-Mar-2024,109.57,+3.09,+2.90%,109.10,109.10,109.57,
01-Mar-2024,106.48,-2.62,-2.40%,109.10,106.48,109.10,
29-Feb-2024,109.10,+0.39,+0.36%,108.71,108.71,109.10,
28-Feb-2024,108.71,-2.09,-1.89%,110.80,108.71,110.80,
27-Feb-2024,110.80,+0.03,+0.03%,110.77,110.77,110.80,
26-Feb-2024,110.77,+2.46,+2.27%,115.59,110.77,115.59,
23-Feb-2024,108.31,-7.28,-6.30%,115.59,108.31,115.59,
22-Feb-2024,115.59,+1.32,+1.16%,114.27,114.27,115.59,
21-Feb-2024,114.27,+3.25,+2.93%,111.02,111.02,114.27,
20-Feb-2024,111.02,+1.82,+1.67%,109.20,109.20,111.02,
16-Feb-2024,109.20,-2.89,-2.58%,112.09,109.20,112.09,
15-Feb-2024,112.09,+0.12,+0.11%,111.97,111.97,112.09,
14-Feb-2024,111.97,-1.25,-1.10%,113.22,111.97,113.22,
13-Feb-2024,113.22,+3.44,+3.13%,109.78,109.78,113.22,
12-Feb-2024,109.78,+3.57,+3.36%,108.60,108.60,109.78,
09-Feb-2024,106.21,-2.39,-2.20%,108.60,106.21,108.60,
08-Feb-2024,108.60,+0.74,+0.69%,107.86,107.86,108.60,
07-Feb-2024,107.86,-2.74,-2.48%,110.60,107.86,110.60,
06-Feb-2024,110.60,+1.92,+1.77%,108.68,108.68,110.60,
05-Feb-2024,108.68,+1.96,+1.84%,113.92,108.68,113.92,
02-Feb-2024,106.72,-7.20,-6.32%,113.92,106.72,113.92,
01-Feb-2024,113.92,+6.64,+6.19%,107.28,107.28,113.92,
31-Jan-2024,107.28,+3.02,+2.90%,104.26,104.26,107.28,
30-Jan-2024,104.26,-2.08,-1.96%,106.34,104.26,106.34,
29-Jan-2024,106.34,+6.11,+6.10%,105.89,105.89,106.34,
26-Jan-2024,100.23,-5.66,-5.35%,105.89,100.23,105.89,
25-Jan-2024,105.89,+0.11,+0.10%,105.78,105.78,105.89,
24-Jan-2024,105.78,-1.92,-1.78%,107.70,105.78,107.70,
23-Jan-2024,107.70,+0.83,+0.78%,106.87,106.87,107.70,
22-Jan-2024,106.87,+1.90,+1.81%,107.22,106.87,107.22,
19-Jan-2024,104.97,-2.25,-2.10%,107.22,104.97,107.22,
18-Jan-2024,107.22,+1.36,+1.28%,105.86,105.86,107.22,
17-Jan-2024,105.86,-7.58,-6.68%,113.44,105.86,113.44,
16-Jan-2024,113.44,+6.93,+6.51%,106.51,106.51,113.44,
12-Jan-2024,106.51,+3.06,+2.96%,103.45,103.45,106.51,
11-Jan-2024,103.45,-6.18,-5.64%,109.63,103.45,109.63,
10-Jan-2024,109.63,-5.29,-4.60%,114.92,109.63,114.92,
09-Jan-2024,114.92,-2.80,-2.38%,117.72,114.92,117.72,
08-Jan-2024,117.72,+1.53,+1.32%,121.12,117.72,121.12,
05-Jan-2024,116.19,-4.93,-4.07%,121.12,116.19,121.12,
04-Jan-2024,121.12,-3.45,-2.77%,124.57,121.12,124.57,
03-Jan-2024,124.57,-2.45,-1.93%,127.02,124.57,127.02,
02-Jan-2024,127.02,+12.40,+10.82%,114.62,114.62,127.02,
29-Dec-2023,114.62,+0.84,+0.74%,113.78,113.78,114.62,
28-Dec-2023,113.78,-0.75,-0.65%,114.53,113.78,114.53,
27-Dec-2023,114.53,-1.47,-1.27%,116.00,114.53,116.00,
26-Dec-2023,116.00,+4.62,+4.15%,111.38,111.38,116.00,
22-Dec-2023,111.38,-0.55,-0.49%,111.93,111.38,111.93,
21-Dec-2023,111.93,+0.06,+0.05%,111.87,111.87,111.93,
20-Dec-2023,111.87,-3.16,-2.75%,115.03,111.87,115.03,
19-Dec-2023,115.03,-3.43,-2.90%,118.46,115.03,118.46,
18-Dec-2023,118.46,+2.71,+2.34%,118.04,118.04,118.46,
15-Dec-2023,115.75,-2.29,-1.94%,118.04,115.75,118.04,
14-Dec-2023,118.04,+4.27,+3.75%,113.77,113.77,118.04,
13-Dec-2023,113.77,-4.85,-4.09%,118.62,113.77,118.62,
12-Dec-2023,118.62,-8.04,-6.35%,126.66,118.62,126.66,
11-Dec-2023,126.66,+5.01,+4.12%,129.74,126.66,129.74,
08-Dec-2023,121.65,-8.09,-6.24%,129.74,121.65,129.74,
07-Dec-2023,129.74,+4.76,+3.81%,124.98,124.98,129.74,
06-Dec-2023,124.98,-2.22,-1.75%,127.20,124.98,127.20,
05-Dec-2023,127.20,+8.95,+7.57%,118.25,118.25,127.20,
04-Dec-2023,118.25,+6.74,+6.04%,115.32,115.32,118.25,
01-Dec-2023,111.51,-3.81,-3.30%,115.32,111.51,115.32,
30-Nov-2023,115.32,+0.73,+0.64%,114.59,114.59,115.32,
29-Nov-2023,114.59,+4.53,+4.12%,110.06,110.06,114.59,
28-Nov-2023,110.06,+0.75,+0.69%,109.31,109.31,110.06,
27-Nov-2023,109.31,+1.88,+1.75%,111.57,109.31,111.57,
24-Nov-2023,107.43,-4.14,-3.71%,111.57,107.43,111.57,
22-Nov-2023,111.57,-1.22,-1.08%,112.79,111.57,112.79,
21-Nov-2023,112.79,-2.30,-2.00%,115.09,112.79,115.09,
20-Nov-2023,115.09,+1.98,+1.75%,116.08,115.09,116.08,
17-Nov-2023,113.11,-2.97,-2.56%,116.08,113.11,116.08,
16-Nov-2023,116.08,-6.11,-5.00%,122.19,116.08,122.19,
15-Nov-2023,122.19,-1.92,-1.55%,124.11,122.19,124.11,
14-Nov-2023,124.11,-0.36,-0.29%,124.47,124.11,124.47,
13-Nov-2023,124.47,+7.68,+6.58%,117.05,117.05,124.47,
10-Nov-2023,116.79,-0.26,-0.22%,117.05,116.79,117.05,
09-Nov-2023,117.05,-0.05,-0.04%,117.10,117.05,117.10,
08-Nov-2023,117.10,-2.99,-2.49%,120.09,117.10,120.09,
07-Nov-2023,120.09,-1.65,-1.36%,121.74,120.09,121.74,
06-Nov-2023,121.74,+3.00,+2.53%,118.64,118.64,121.74,
03-Nov-2023,118.74,+0.10,+0.08%,118.64,118.64,118.74,
02-Nov-2023,118.64,-1.91,-1.58%,120.55,118.64,120.55,
01-Nov-2023,120.55,-6.31,-4.97%,126.86,120.55,126.86,
31-Oct-2023,126.86,-5.04,-3.82%,131.90,126.86,131.90,
30-Oct-2023,131.90,+2.74,+2.12%,130.94,130.94,131.90,
27-Oct-2023,129.16,-1.78,-1.36%,130.94,129.16,130.94,
26-Oct-2023,130.94,-0.27,-0.21%,131.21,130.94,131.21,
25-Oct-2023,131.21,+3.08,+2.40%,128.13,128.13,131.21,
24-Oct-2023,128.13,-3.70,-2.81%,131.83,128.13,131.83,
23-Oct-2023,131.83,-3.62,-2.67%,134.62,131.83,134.62,
20-Oct-2023,135.45,+0.83,+0.62%,134.62,134.62,135.45,
19-Oct-2023,134.62,+5.45,+4.22%,129.17,129.17,134.62,
18-Oct-2023,129.17,-1.00,-0.77%,130.17,129.17,130.17,
17-Oct-2023,130.17,+0.01,+0.01%,130.16,130.16,130.17,
16-Oct-2023,130.16,+1.83,+1.43%,126.37,126.37,130.16,
13-Oct-2023,128.33,+1.96,+1.55%,126.37,126.37,128.33,
12-Oct-2023,126.37,-0.81,-0.64%,127.18,126.37,127.18,
11-Oct-2023,127.18,-8.99,-6.60%,136.17,127.18,136.17,
10-Oct-2023,136.17,+9.53,+7.53%,126.64,126.64,136.17,
06-Oct-2023,126.64,-3.54,-2.72%,130.18,126.64,130.18,
05-Oct-2023,130.18,+1.95,+1.52%,128.23,128.23,130.18,
04-Oct-2023,128.23,-13.44,-9.49%,141.67,128.23,141.67,
03-Oct-2023,141.67,+14.08,+11.04%,127.59,127.59,141.67,
02-Oct-2023,127.59,+14.04,+12.36%,115.24,115.24,127.59,
29-Sep-2023,113.55,-1.69,-1.47%,115.24,113.55,115.24,
28-Sep-2023,115.24,-6.85,-5.61%,122.09,115.24,122.09,
27-Sep-2023,122.09,+4.37,+3.71%,117.72,117.72,122.09,
26-Sep-2023,117.72,+0.39,+0.33%,117.33,117.33,117.72,
25-Sep-2023,117.33,+16.22,+16.04%,106.00,106.00,117.33,
22-Sep-2023,101.11,-4.89,-4.61%,106.00,101.11,106.00,
21-Sep-2023,106.00,+8.96,+9.23%,97.04,97.04,106.00,
20-Sep-2023,97.04,-4.27,-4.21%,101.31,97.04,101.31,
19-Sep-2023,101.31,+1.99,+2.00%,99.32,99.32,101.31,
18-Sep-2023,99.32,+2.71,+2.81%,97.11,97.11,99.32,
15-Sep-2023,96.61,-0.50,-0.51%,97.11,96.61,97.11,
14-Sep-2023,97.11,-4.75,-4.66%,101.86,97.11,101.86,
13-Sep-2023,101.86,-3.25,-3.09%,105.11,101.86,105.11,
12-Sep-2023,105.11,-2.12,-1.98%,107.23,105.11,107.23,
11-Sep-2023,107.23,+2.89,+2.77%,105.20,105.20,107.23,
08-Sep-2023,104.34,-0.86,-0.82%,105.20,104.34,105.20,
07-Sep-2023,105.20,-6.11,-5.49%,111.31,105.20,111.31,
06-Sep-2023,111.31,+1.67,+1.52%,109.64,109.64,111.31,
05-Sep-2023,109.64,+6.72,+6.53%,102.92,102.92,109.64,
01-Sep-2023,102.92,-5.01,-4.64%,107.93,102.92,107.93,
31-Aug-2023,107.93,-1.91,-1.74%,109.84,107.93,109.84,
30-Aug-2023,109.84,-0.84,-0.76%,110.68,109.84,110.68,
29-Aug-2023,110.68,+0.23,+0.21%,110.45,110.45,110.68,
28-Aug-2023,110.45,+0.08,+0.07%,117.56,110.45,117.56,
25-Aug-2023,110.37,-7.19,-6.12%,117.56,110.37,117.56,
24-Aug-2023,117.56,-0.84,-0.71%,118.40,117.56,118.40,
23-Aug-2023,118.40,-8.25,-6.51%,126.65,118.40,126.65,
22-Aug-2023,126.65,-4.04,-3.09%,130.69,126.65,130.69,
21-Aug-2023,130.69,+10.18,+8.45%,121.14,121.14,130.69,
18-Aug-2023,120.51,-0.63,-0.52%,121.14,120.51,121.14,
17-Aug-2023,121.14,+3.90,+3.33%,117.24,117.24,121.14,
16-Aug-2023,117.24,-4.56,-3.74%,121.80,117.24,121.80,
15-Aug-2023,121.80,+1.86,+1.55%,119.94,119.94,121.80,
14-Aug-2023,119.94,+7.81,+6.97%,108.64,108.64,119.94,
11-Aug-2023,112.13,+3.49,+3.21%,108.64,108.64,112.13,
10-Aug-2023,108.64,-3.91,-3.47%,112.55,108.64,112.55,
09-Aug-2023,112.55,-6.19,-5.21%,118.74,112.55,118.74,
08-Aug-2023,118.74,-2.20,-1.82%,120.94,118.74,120.94,
07-Aug-2023,120.94,+5.03,+4.34%,124.60,120.94,124.60,
04-Aug-2023,115.91,-8.69,-6.97%,124.60,115.91,124.60,
03-Aug-2023,124.60,+9.45,+8.21%,115.15,115.15,124.60,
02-Aug-2023,115.15,-1.23,-1.06%,116.38,115.15,116.38,
01-Aug-2023,116.38,+4.35,+3.88%,112.03,112.03,116.38,
31-Jul-2023,112.03,+2.27,+2.07%,109.76,109.76,112.03,
28-Jul-2023,109.76,-1.39,-1.25%,111.15,109.76,111.15,
27-Jul-2023,111.15,+6.27,+5.98%,104.88,104.88,111.15,
26-Jul-2023,104.88,-8.14,-7.20%,113.02,104.88,113.02,
25-Jul-2023,113.02,+3.07,+2.79%,109.95,109.95,113.02,
24-Jul-2023,109.95,+3.29,+3.08%,106.66,106.66,109.95,
21-Jul-2023,106.66,-6.19,-5.49%,112.85,106.66,112.85,
20-Jul-2023,112.85,+5.66,+5.28%,107.19,107.19,112.85,
19-Jul-2023,107.19,-5.26,-4.68%,112.45,107.19,112.45,
18-Jul-2023,112.45,-1.05,-0.93%,113.50,112.45,113.50,
17-Jul-2023,113.50,+1.02,+0.91%,112.48,112.48,113.50,
14-Jul-2023,112.48,+0.73,+0.65%,111.75,111.75,112.48,
13-Jul-2023,111.75,-2.32,-2.03%,114.07,111.75,114.07,
12-Jul-2023,114.07,-13.00,-10.23%,127.07,114.07,127.07,
11-Jul-2023,127.07,-4.66,-3.54%,131.73,127.07,131.73,
10-Jul-2023,131.73,+1.32,+1.01%,130.41,130.41,131.73,
07-Jul-2023,130.41,-4.22,-3.13%,134.63,130.41,134.63,
06-Jul-2023,134.63,+24.10,+21.80%,110.53,110.53,134.63,
05-Jul-2023,110.53,-0.24,-0.22%,110.77,110.53,110.77,
03-Jul-2023,110.77,+0.13,+0.12%,113.45,110.77,113.45,
30-Jun-2023,110.64,-2.81,-2.48%,113.45,110.64,113.45,
29-Jun-2023,113.45,+5.15,+4.76%,108.30,108.30,113.45,
28-Jun-2023,108.30,-2.55,-2.30%,110.85,108.30,110.85,
27-Jun-2023,110.85,+1.83,+1.68%,109.02,109.02,110.85,
26-Jun-2023,109.02,+3.28,+3.10%,105.74,105.74,109.02,
23-Jun-2023,105.74,-1.96,-1.82%,107.70,105.74,107.70,
22-Jun-2023,107.70,-3.14,-2.83%,110.84,107.70,110.84,
21-Jun-2023,110.84,-3.35,-2.93%,114.19,110.84,114.19,
20-Jun-2023,114.19,+9.76,+9.35%,104.43,104.43,114.19,
16-Jun-2023,104.43,-2.91,-2.71%,107.34,104.43,107.34,
15-Jun-2023,107.34,-7.03,-6.15%,114.37,107.34,114.37,
14-Jun-2023,114.37,-4.43,-3.73%,118.80,114.37,118.80,
13-Jun-2023,118.80,-1.00,-0.83%,119.80,118.80,119.80,
12-Jun-2023,119.80,+4.03,+3.48%,115.77,115.77,119.80,
09-Jun-2023,115.77,+0.66,+0.57%,115.11,115.11,115.77,
08-Jun-2023,115.11,-5.39,-4.47%,120.50,115.11,120.50,
07-Jun-2023,120.50,+6.08,+5.31%,114.42,114.42,120.50,
06-Jun-2023,114.42,-4.66,-3.91%,119.08,114.42,119.08,
05-Jun-2023,119.08,-1.87,-1.55%,120.95,119.08,120.95,
02-Jun-2023,120.95,-3.68,-2.95%,124.63,120.95,124.63,
01-Jun-2023,124.63,-11.39,-8.37%,136.02,124.63,136.02,
31-May-2023,136.02,-5.34,-3.78%,141.36,136.02,141.36,
30-May-2023,141.36,-4.01,-2.76%,145.37,141.36,145.37,
26-May-2023,145.37,+5.83,+4.18%,139.54,139.54,145.37,
25-May-2023,139.54,+7.25,+5.48%,132.29,132.29,139.54,
24-May-2023,132.29,+0.59,+0.45%,131.70,131.70,132.29,
23-May-2023,131.70,-0.59,-0.45%,132.29,131.70,132.29,
22-May-2023,132.29,+4.78,+3.75%,127.51,127.51,132.29,
19-May-2023,127.51,+5.01,+4.09%,122.50,122.50,127.51,
18-May-2023,122.50,+1.72,+1.42%,120.78,120.78,122.50,
17-May-2023,120.78,-9.52,-7.31%,130.30,120.78,130.30,
16-May-2023,130.30,+2.41,+1.88%,127.89,127.89,130.30,
15-May-2023,127.89,+7.37,+6.12%,120.52,120.52,127.89,
12-May-2023,120.52,-7.69,-6.00%,128.21,120.52,128.21,
11-May-2023,128.21,+2.61,+2.08%,125.60,125.60,128.21,
10-May-2023,125.60,-8.33,-6.22%,133.93,125.60,133.93,
09-May-2023,133.93,-1.14,-0.84%,135.07,133.93,135.07,
08-May-2023,135.07,+4.86,+3.73%,130.21,130.21,135.07,
05-May-2023,130.21,-10.50,-7.46%,140.71,130.21,140.71,
04-May-2023,140.71,+6.21,+4.62%,134.50,134.50,140.71,
03-May-2023,134.50,-3.05,-2.22%,137.55,134.50,137.55,
02-May-2023,137.55,+9.37,+7.31%,128.18,128.18,137.55,
01-May-2023,128.18,+5.72,+4.67%,122.46,122.46,128.18,
28-Apr-2023,122.46,+0.03,+0.02%,122.43,122.43,122.46,
27-Apr-2023,122.43,-7.96,-6.10%,130.39,122.43,130.39,
26-Apr-2023,130.39,-6.74,-4.92%,137.13,130.39,137.13,
25-Apr-2023,137.13,+10.85,+8.59%,126.28,126.28,137.13,
24-Apr-2023,126.28,+5.44,+4.50%,120.84,120.84,126.28,
21-Apr-2023,120.84,+0.23,+0.19%,120.61,120.61,120.84,
20-Apr-2023,120.61,-3.41,-2.75%,124.02,120.61,124.02,
19-Apr-2023,124.02,+1.24,+1.01%,122.78,122.78,124.02,
18-Apr-2023,122.78,+0.09,+0.07%,122.69,122.69,122.78,
17-Apr-2023,122.69,+3.85,+3.24%,118.84,118.84,122.69,
14-Apr-2023,118.84,-1.11,-0.93%,119.95,118.84,119.95,
13-Apr-2023,119.95,-9.73,-7.50%,129.68,119.95,129.68,
12-Apr-2023,129.68,-10.10,-7.23%,139.78,129.68,139.78,
11-Apr-2023,139.78,-3.22,-2.25%,143.00,139.78,143.00,
10-Apr-2023,143.00,+3.80,+2.73%,139.20,139.20,143.00,
07-Apr-2023,139.20,-8.53,-5.77%,147.73,139.20,147.73,
06-Apr-2023,147.73,-6.17,-4.01%,153.90,147.73,153.90,
05-Apr-2023,153.90,+6.15,+4.16%,147.75,147.75,153.90,
04-Apr-2023,147.75,+9.58,+6.93%,138.17,138.17,147.75,
03-Apr-2023,138.17,+2.24,+1.65%,135.93,135.93,138.17,
31-Mar-2023,135.93,-5.31,-3.76%,141.24,135.93,141.24,
30-Mar-2023,141.24,-9.34,-6.20%,150.58,141.24,150.58,
29-Mar-2023,150.58,-5.38,-3.45%,155.96,150.58,155.96,
28-Mar-2023,155.96,-5.71,-3.53%,161.67,155.96,161.67,
27-Mar-2023,161.67,-11.99,-6.90%,173.66,161.67,173.66,
24-Mar-2023,173.66,+22.26,+14.70%,151.40,151.40,173.66,
23-Mar-2023,151.40,+8.56,+5.99%,142.84,142.84,151.40,
22-Mar-2023,142.84,-19.47,-12.00%,162.31,142.84,162.31,
21-Mar-2023,162.31,-20.33,-11.13%,182.64,162.31,182.64,
20-Mar-2023,182.64,+2.53,+1.40%,180.11,180.11,182.64,
17-Mar-2023,180.11,+12.15,+7.23%,167.96,167.96,180.11,
16-Mar-2023,167.96,-30.75,-15.47%,198.71,167.96,198.71,
15-Mar-2023,198.71,+29.06,+17.13%,169.65,169.65,198.71,
14-Mar-2023,169.65,-3.94,-2.27%,173.59,169.65,173.59,
13-Mar-2023,173.59,+33.53,+23.94%,140.06,140.06,173.59,
10-Mar-2023,140.06,+10.78,+8.34%,129.28,129.28,140.06,
09-Mar-2023,129.28,-0.48,-0.37%,129.76,129.28,129.76,
08-Mar-2023,129.76,-3.57,-2.68%,133.33,129.76,133.33,
07-Mar-2023,133.33,+5.14,+4.01%,128.19,128.19,133.33,
06-Mar-2023,128.19,+5.67,+4.63%,122.52,122.52,128.19,
03-Mar-2023,122.52,-1.60,-1.29%,124.12,122.52,124.12,
02-Mar-2023,124.12,+3.04,+2.51%,121.08,121.08,124.12,
01-Mar-2023,121.08,-2.52,-2.04%,123.60,121.08,123.60,
28-Feb-2023,123.60,+3.57,+2.97%,120.03,120.03,123.60,
27-Feb-2023,120.03,-2.81,-2.29%,122.84,120.03,122.84,
24-Feb-2023,122.84,+5.39,+4.59%,117.45,117.45,122.84,
23-Feb-2023,117.45,-0.76,-0.64%,118.21,117.45,118.21,
22-Feb-2023,118.21,-1.41,-1.18%,119.62,118.21,119.62,
21-Feb-2023,119.62,+9.51,+8.64%,110.11,110.11,119.62,
17-Feb-2023,110.11,-0.90,-0.81%,111.01,110.11,111.01,
16-Feb-2023,111.01,+2.37,+2.18%,108.64,108.64,111.01,
15-Feb-2023,108.64,-1.95,-1.76%,110.59,108.64,110.59,
14-Feb-2023,110.59,-0.08,-0.07%,110.67,110.59,110.67,
13-Feb-2023,110.67,+1.04,+0.95%,109.63,109.63,110.67,
10-Feb-2023,109.63,+7.18,+7.01%,102.45,102.45,109.63,
09-Feb-2023,102.45,+1.70,+1.69%,100.75,100.75,102.45,
08-Feb-2023,100.75,-2.40,-2.33%,103.15,100.75,103.15,
07-Feb-2023,103.15,-2.48,-2.35%,105.63,103.15,105.63,
06-Feb-2023,105.63,+6.64,+6.71%,98.99,98.99,105.63,
03-Feb-2023,98.99,+1.23,+1.26%,97.76,97.76,98.99,
02-Feb-2023,97.76,+0.43,+0.44%,97.33,97.33,97.76,
01-Feb-2023,97.33,-2.21,-2.22%,99.54,97.33,99.54,
31-Jan-2023,99.54,-4.23,-4.08%,103.77,99.54,103.77,
30-Jan-2023,103.77,+3.07,+3.05%,100.70,100.70,103.77,
27-Jan-2023,100.70,-3.58,-3.43%,104.28,100.70,104.28,
26-Jan-2023,104.28,-3.46,-3.21%,107.74,104.28,107.74,
25-Jan-2023,107.74,-5.02,-4.45%,112.76,107.74,112.76,
24-Jan-2023,112.76,-1.93,-1.68%,114.69,112.76,114.69,
23-Jan-2023,114.69,-0.07,-0.06%,114.76,114.69,114.76,
20-Jan-2023,114.76,+0.23,+0.20%,114.53,114.53,114.76,
19-Jan-2023,114.53,+1.92,+1.70%,112.61,112.61,114.53,
18-Jan-2023,112.61,-9.66,-7.90%,122.27,112.61,122.27,
17-Jan-2023,122.27,+8.72,+7.68%,113.55,113.55,122.27,
13-Jan-2023,113.55,+1.21,+1.08%,112.34,112.34,113.55,
12-Jan-2023,112.34,-2.83,-2.46%,115.17,112.34,115.17,
11-Jan-2023,115.17,-4.35,-3.64%,119.52,115.17,119.52,
10-Jan-2023,119.52,+2.85,+2.44%,116.67,116.67,119.52,
09-Jan-2023,116.67,+2.80,+2.46%,113.87,113.87,116.67,
06-Jan-2023,113.87,-5.66,-4.74%,119.53,113.87,119.53,
05-Jan-2023,119.53,-6.25,-4.97%,125.78,119.53,125.78,
04-Jan-2023,125.78,-4.19,-3.22%,129.97,125.78,129.97,
03-Jan-2023,129.97,+8.36,+6.87%,121.61,121.61,129.97,
30-Dec-2022,121.61,+1.36,+1.13%,120.25,120.25,121.61,
29-Dec-2022,120.25,+0.18,+0.15%,120.07,120.07,120.25,
28-Dec-2022,120.07,-4.82,-3.86%,124.89,120.07,124.89,
27-Dec-2022,124.89,+11.72,+10.36%,113.17,113.17,124.89,
23-Dec-2022,113.17,+1.12,+1.00%,112.05,112.05,113.17,
22-Dec-2022,112.05,-2.95,-2.57%,115.00,112.05,115.00,
21-Dec-2022,115.00,-4.92,-4.10%,119.92,115.00,119.92,
20-Dec-2022,119.92,+1.60,+1.35%,118.32,118.32,119.92,
19-Dec-2022,118.32,+4.67,+4.11%,113.65,113.65,118.32,
16-Dec-2022,113.65,+2.39,+2.15%,111.26,111.26,113.65,
15-Dec-2022,111.26,-9.00,-7.48%,120.26,111.26,120.26,
14-Dec-2022,120.26,-14.82,-10.97%,135.08,120.26,135.08,
13-Dec-2022,135.08,-6.85,-4.83%,141.93,135.08,141.93,
12-Dec-2022,141.93,+9.14,+6.88%,132.79,132.79,141.93,
09-Dec-2022,132.79,+3.25,+2.51%,129.54,129.54,132.79,
08-Dec-2022,129.54,-1.56,-1.19%,131.10,129.54,131.10,
07-Dec-2022,131.10,+2.01,+1.56%,129.09,129.09,131.10,
06-Dec-2022,129.09,+2.59,+2.05%,126.50,126.50,129.09,
05-Dec-2022,126.50,+7.88,+6.64%,118.62,118.62,126.50,
02-Dec-2022,118.62,-1.15,-0.96%,119.77,118.62,119.77,
01-Dec-2022,119.77,-7.50,-5.89%,127.27,119.77,127.27,
30-Nov-2022,127.27,-3.96,-3.02%,131.23,127.27,131.23,
29-Nov-2022,131.23,-0.50,-0.38%,131.73,131.23,131.73,
28-Nov-2022,131.73,+2.13,+1.64%,129.60,129.60,131.73,
25-Nov-2022,129.60,-6.60,-4.85%,136.20,129.60,136.20,
23-Nov-2022,136.20,+2.67,+2.00%,133.53,133.53,136.20,
22-Nov-2022,133.53,+1.40,+1.06%,132.13,132.13,133.53,
21-Nov-2022,132.13,+2.80,+2.17%,129.33,129.33,132.13,
18-Nov-2022,129.33,-2.85,-2.16%,129.33,129.33,129.33,
17-Nov-2022,132.18,+1.35,+1.03%,132.18,132.18,132.18,
16-Nov-2022,130.83,+2.21,+1.72%,128.62,128.62,130.83,
15-Nov-2022,128.62,+8.63,+7.19%,128.62,128.62,128.62,
14-Nov-2022,119.99,+8.30,+7.43%,119.99,119.99,119.99,
10-Nov-2022,111.69,-12.71,-10.22%,124.40,111.69,124.40,
09-Nov-2022,124.40,-1.93,-1.53%,126.33,124.40,126.33,
08-Nov-2022,126.33,-2.00,-1.56%,128.33,126.33,128.33,
07-Nov-2022,128.33,-0.11,-0.09%,136.28,128.33,136.28,
04-Nov-2022,128.44,-7.84,-5.75%,136.28,128.44,136.28,
03-Nov-2022,136.28,-4.89,-3.46%,141.17,136.28,141.17,
02-Nov-2022,141.17,-7.25,-4.88%,148.42,141.17,148.42,
01-Nov-2022,148.42,+0.50,+0.34%,147.92,147.92,148.42,
31-Oct-2022,147.92,+3.32,+2.30%,142.78,142.78,147.92,
28-Oct-2022,144.60,+1.82,+1.27%,142.78,142.78,144.60,
27-Oct-2022,142.78,+2.58,+1.84%,140.20,140.20,142.78,
26-Oct-2022,140.20,-7.58,-5.13%,147.78,140.20,147.78,
25-Oct-2022,147.78,-6.24,-4.05%,154.02,147.78,154.02,
24-Oct-2022,154.02,-2.93,-1.87%,155.61,154.02,155.61,
21-Oct-2022,156.95,+1.34,+0.86%,155.61,155.61,156.95,
20-Oct-2022,155.61,+7.88,+5.33%,147.73,147.73,155.61,
19-Oct-2022,147.73,+1.94,+1.33%,145.79,145.79,147.73,
18-Oct-2022,145.79,-4.63,-3.08%,150.42,145.79,150.42,
17-Oct-2022,150.42,-2.47,-1.62%,155.08,150.42,155.08,
14-Oct-2022,152.89,-2.19,-1.41%,155.08,152.89,155.08,
13-Oct-2022,155.08,-5.64,-3.51%,160.72,155.08,160.72,
12-Oct-2022,160.72,+5.15,+3.31%,155.57,155.57,160.72,
11-Oct-2022,155.57,+7.11,+4.79%,148.46,148.46,155.57,
07-Oct-2022,148.46,-4.83,-3.15%,153.29,148.46,153.29,
06-Oct-2022,153.29,+1.28,+0.84%,152.01,152.01,153.29,
05-Oct-2022,152.01,+0.80,+0.53%,151.21,151.21,152.01,
04-Oct-2022,151.21,-1.73,-1.13%,152.94,151.21,152.94,
03-Oct-2022,152.94,+11.05,+7.79%,148.14,148.14,152.94,
30-Sep-2022,141.89,-6.25,-4.22%,148.14,141.89,148.14,
29-Sep-2022,148.14,-10.85,-6.82%,158.99,148.14,158.99,
28-Sep-2022,158.99,+0.87,+0.55%,158.12,158.12,158.99,
27-Sep-2022,158.12,+4.51,+2.94%,153.61,153.61,158.12,
26-Sep-2022,153.61,+16.33,+11.90%,131.93,131.93,153.61,
23-Sep-2022,137.28,+5.35,+4.06%,131.93,131.93,137.28,
22-Sep-2022,131.93,+1.39,+1.06%,130.54,130.54,131.93,
21-Sep-2022,130.54,-4.12,-3.06%,134.66,130.54,134.66,
20-Sep-2022,134.66,+0.87,+0.65%,133.79,133.79,134.66,
19-Sep-2022,133.79,+8.84,+7.07%,124.07,124.07,133.79,
16-Sep-2022,124.95,+0.88,+0.71%,124.07,124.07,124.95,
15-Sep-2022,124.07,-1.28,-1.02%,125.35,124.07,125.35,
14-Sep-2022,125.35,-3.52,-2.73%,128.87,125.35,128.87,
13-Sep-2022,128.87,+5.80,+4.71%,123.07,123.07,128.87,
12-Sep-2022,123.07,+1.53,+1.26%,124.14,123.07,124.14,
09-Sep-2022,121.54,-2.60,-2.09%,124.14,121.54,124.14,
08-Sep-2022,124.14,-8.98,-6.75%,133.12,124.14,133.12,
07-Sep-2022,133.12,-0.42,-0.31%,133.54,133.12,133.54,
06-Sep-2022,133.54,+12.82,+10.62%,120.72,120.72,133.54,
02-Sep-2022,120.72,-5.86,-4.63%,126.58,120.72,126.58,
01-Sep-2022,126.58,+1.74,+1.39%,124.84,124.84,126.58,
31-Aug-2022,124.84,-2.85,-2.23%,127.69,124.84,127.69,
30-Aug-2022,127.69,-2.45,-1.88%,130.14,127.69,130.14,
29-Aug-2022,130.14,+7.19,+5.85%,126.33,126.33,130.14,
26-Aug-2022,122.95,-3.38,-2.68%,126.33,122.95,126.33,
25-Aug-2022,126.33,-6.80,-5.11%,133.13,126.33,133.13,
24-Aug-2022,133.13,-0.72,-0.54%,133.85,133.13,133.85,
23-Aug-2022,133.85,-2.04,-1.50%,135.89,133.85,135.89,
22-Aug-2022,135.89,+12.08,+9.76%,120.26,120.26,135.89,
19-Aug-2022,123.81,+3.55,+2.95%,120.26,120.26,123.81,
18-Aug-2022,120.26,+2.56,+2.18%,117.70,117.70,120.26,
17-Aug-2022,117.70,+0.87,+0.74%,116.83,116.83,117.70,
16-Aug-2022,116.83,+3.01,+2.64%,113.82,113.82,116.83,
15-Aug-2022,113.82,+7.54,+7.09%,111.11,111.11,113.82,
12-Aug-2022,106.28,-4.83,-4.35%,111.11,106.28,111.11,
11-Aug-2022,111.11,-4.15,-3.60%,115.26,111.11,115.26,
10-Aug-2022,115.26,-9.86,-7.88%,125.12,115.26,125.12,
09-Aug-2022,125.12,+1.00,+0.81%,124.12,124.12,125.12,
08-Aug-2022,124.12,+1.54,+1.26%,120.57,120.57,124.12,
05-Aug-2022,122.58,+2.01,+1.67%,120.57,120.57,122.58,
04-Aug-2022,120.57,-1.47,-1.20%,122.04,120.57,122.04,
03-Aug-2022,122.04,-7.19,-5.56%,129.23,122.04,129.23,
02-Aug-2022,129.23,+8.73,+7.24%,120.50,120.50,129.23,
01-Aug-2022,120.50,+4.14,+3.56%,119.93,119.93,120.50,
29-Jul-2022,116.36,-3.57,-2.98%,119.93,116.36,119.93,
28-Jul-2022,119.93,+2.65,+2.26%,117.28,117.28,119.93,
27-Jul-2022,117.28,-11.27,-8.77%,128.55,117.28,128.55,
26-Jul-2022,128.55,+0.28,+0.22%,128.27,128.27,128.55,
25-Jul-2022,128.27,+4.57,+3.69%,121.15,121.15,128.27,
22-Jul-2022,123.70,+2.55,+2.10%,121.15,121.15,123.70,
21-Jul-2022,121.15,-1.75,-1.42%,122.90,121.15,122.90,
20-Jul-2022,122.90,-1.80,-1.44%,124.70,122.90,124.70,
19-Jul-2022,124.70,-2.99,-2.34%,127.69,124.70,127.69,
18-Jul-2022,127.69,-2.16,-1.66%,137.76,127.69,137.76,
15-Jul-2022,129.85,-7.91,-5.74%,137.76,129.85,137.76,
14-Jul-2022,137.76,+1.66,+1.22%,136.10,136.10,137.76,
13-Jul-2022,136.10,-12.01,-8.11%,148.11,136.10,148.11,
12-Jul-2022,148.11,+0.39,+0.26%,147.72,147.72,148.11,
11-Jul-2022,147.72,+2.47,+1.70%,149.71,147.72,149.71,
08-Jul-2022,145.25,-4.46,-2.98%,149.71,145.25,149.71,
07-Jul-2022,149.71,-1.43,-0.95%,151.14,149.71,151.14,
06-Jul-2022,151.14,-5.02,-3.21%,156.16,151.14,156.16,
05-Jul-2022,156.16,+11.99,+8.32%,144.17,144.17,156.16,
01-Jul-2022,144.17,+8.67,+6.40%,135.50,135.50,144.17,
30-Jun-2022,135.50,+5.07,+3.89%,130.43,130.43,135.50,
29-Jun-2022,130.43,-4.79,-3.54%,135.22,130.43,135.22,
28-Jun-2022,135.22,+2.00,+1.50%,133.22,133.22,135.22,
27-Jun-2022,133.22,+6.22,+4.90%,125.98,125.98,133.22,
24-Jun-2022,127.00,+1.02,+0.81%,125.98,125.98,127.00,
23-Jun-2022,125.98,-3.96,-3.05%,129.94,125.98,129.94,
22-Jun-2022,129.94,-8.97,-6.46%,138.91,129.94,138.91,
21-Jun-2022,138.91,+5.16,+3.86%,133.75,133.75,138.91,
17-Jun-2022,133.75,-4.35,-3.15%,138.10,133.75,138.10,
16-Jun-2022,138.10,+2.17,+1.60%,135.93,135.93,138.10,
15-Jun-2022,135.93,-8.16,-5.66%,144.09,135.93,144.09,
14-Jun-2022,144.09,+4.88,+3.51%,139.21,139.21,144.09,
13-Jun-2022,139.21,+24.98,+21.87%,114.23,114.23,139.21,
10-Jun-2022,114.23,+8.94,+8.49%,105.29,105.29,114.23,
09-Jun-2022,105.29,0.00,0.00%,105.29,105.29,105.29,
08-Jun-2022,105.29,+2.68,+2.61%,102.61,102.61,105.29,
07-Jun-2022,102.61,+0.35,+0.34%,102.26,102.26,102.61,
06-Jun-2022,102.26,+4.53,+4.64%,99.27,99.27,102.26,
03-Jun-2022,97.73,-1.54,-1.55%,99.27,97.73,99.27,
02-Jun-2022,99.27,-10.11,-9.24%,109.38,99.27,109.38,
01-Jun-2022,109.38,+2.26,+2.11%,107.12,107.12,109.38,
31-May-2022,107.12,+8.64,+8.77%,98.48,98.48,107.12,
27-May-2022,98.48,-4.01,-3.91%,102.49,98.48,102.49,
26-May-2022,102.49,-3.20,-3.03%,105.69,102.49,105.69,
25-May-2022,105.69,-5.46,-4.91%,111.15,105.69,111.15,
24-May-2022,111.15,+0.96,+0.87%,110.19,110.19,111.15,
23-May-2022,110.19,-0.91,-0.82%,115.05,110.19,115.05,
20-May-2022,111.10,-3.95,-3.43%,115.05,111.10,115.05,
19-May-2022,115.05,+0.19,+0.17%,114.86,114.86,115.05,
18-May-2022,114.86,-4.60,-3.85%,119.46,114.86,119.46,
17-May-2022,119.46,+1.51,+1.28%,117.95,117.95,119.46,
16-May-2022,117.95,+3.34,+2.91%,118.73,117.95,118.73,
13-May-2022,114.61,-4.12,-3.47%,118.73,114.61,118.73,
12-May-2022,118.73,+0.68,+0.58%,118.05,118.05,118.73,
11-May-2022,118.05,-8.71,-6.87%,126.76,118.05,126.76,
10-May-2022,126.76,+1.54,+1.23%,125.22,125.22,126.76,
09-May-2022,125.22,+3.80,+3.13%,122.72,122.72,125.22,
06-May-2022,121.42,-1.30,-1.06%,122.72,121.42,122.72,
05-May-2022,122.72,+0.73,+0.60%,121.99,121.99,122.72,
04-May-2022,121.99,-4.47,-3.53%,126.46,121.99,126.46,
03-May-2022,126.46,-8.71,-6.44%,135.17,126.46,135.17,
02-May-2022,135.17,+6.77,+5.27%,128.74,128.74,135.17,
29-Apr-2022,128.40,-0.34,-0.26%,128.74,128.40,128.74,
28-Apr-2022,128.74,-1.37,-1.05%,130.11,128.74,130.11,
27-Apr-2022,130.11,+0.84,+0.65%,129.27,129.27,130.11,
26-Apr-2022,129.27,-2.36,-1.79%,131.63,129.27,131.63,
25-Apr-2022,131.63,+3.51,+2.74%,130.69,130.69,131.63,
22-Apr-2022,128.12,-2.57,-1.97%,130.69,128.12,130.69,
21-Apr-2022,130.69,+5.57,+4.45%,125.12,125.12,130.69,
20-Apr-2022,125.12,+2.38,+1.94%,122.74,122.74,125.12,
19-Apr-2022,122.74,+0.42,+0.34%,122.32,122.32,122.74,
18-Apr-2022,122.32,+2.66,+2.22%,119.66,119.66,122.32,
14-Apr-2022,119.66,+3.33,+2.86%,116.33,116.33,119.66,
13-Apr-2022,116.33,-1.46,-1.24%,117.79,116.33,117.79,
12-Apr-2022,117.79,-12.08,-9.30%,129.87,117.79,129.87,
11-Apr-2022,129.87,+5.01,+4.01%,122.67,122.67,129.87,
08-Apr-2022,124.86,+2.19,+1.79%,122.67,122.67,124.86,
07-Apr-2022,122.67,-1.25,-1.01%,123.92,122.67,123.92,
06-Apr-2022,123.92,+7.55,+6.49%,116.37,116.37,123.92,
05-Apr-2022,116.37,+8.00,+7.38%,108.37,108.37,116.37,
04-Apr-2022,108.37,+0.03,+0.03%,106.88,106.88,108.37,
01-Apr-2022,108.34,+1.46,+1.37%,106.88,106.88,108.34,
31-Mar-2022,106.88,-6.10,-5.40%,112.98,106.88,112.98,
30-Mar-2022,112.98,-4.94,-4.19%,117.92,112.98,117.92,
29-Mar-2022,117.92,-11.36,-8.79%,129.28,117.92,129.28,
28-Mar-2022,129.28,+4.01,+3.20%,113.14,113.14,129.28,
25-Mar-2022,125.27,+12.13,+10.72%,113.14,113.14,125.27,
24-Mar-2022,113.14,+7.42,+7.02%,105.72,105.72,113.14,
23-Mar-2022,105.72,+0.34,+0.32%,105.38,105.38,105.72,
22-Mar-2022,105.38,+3.44,+3.37%,101.94,101.94,105.38,
21-Mar-2022,101.94,+10.17,+11.08%,91.76,91.76,101.94,
18-Mar-2022,91.77,+0.01,+0.01%,91.76,91.76,91.77,
17-Mar-2022,91.76,-8.81,-8.76%,100.57,91.76,100.57,
16-Mar-2022,100.57,-0.46,-0.46%,101.03,100.57,101.03,
15-Mar-2022,101.03,-4.05,-3.85%,105.08,101.03,105.08,
14-Mar-2022,105.08,+6.05,+6.11%,99.03,99.03,105.08,
11-Mar-2022,99.03,-6.28,-5.96%,105.31,99.03,105.31,
10-Mar-2022,105.31,-5.59,-5.04%,110.90,105.31,110.90,
09-Mar-2022,110.90,-22.47,-16.85%,133.37,110.90,133.37,
08-Mar-2022,133.37,-6.66,-4.76%,140.03,133.37,140.03,
07-Mar-2022,140.03,+8.21,+6.23%,115.18,115.18,140.03,
04-Mar-2022,131.82,+16.64,+14.45%,115.18,115.18,131.82,
03-Mar-2022,115.18,+4.90,+4.44%,110.28,110.28,115.18,
02-Mar-2022,110.28,-7.98,-6.75%,118.26,110.28,118.26,
01-Mar-2022,118.26,+17.86,+17.79%,100.40,100.40,118.26,
28-Feb-2022,100.40,+7.06,+7.56%,100.75,100.40,100.75,
25-Feb-2022,93.34,-7.41,-7.35%,100.75,93.34,100.75,
24-Feb-2022,100.75,+5.60,+5.89%,95.15,95.15,100.75,
23-Feb-2022,95.15,-0.39,-0.41%,95.54,95.15,95.54,
22-Feb-2022,95.54,+1.18,+1.25%,94.36,94.36,95.54,
18-Feb-2022,94.36,-1.81,-1.88%,96.17,94.36,96.17,
17-Feb-2022,96.17,+3.43,+3.70%,92.74,92.74,96.17,
16-Feb-2022,92.74,-1.26,-1.34%,94.00,92.74,94.00,
15-Feb-2022,94.00,-8.28,-8.10%,102.28,94.00,102.28,
14-Feb-2022,102.28,+8.25,+8.77%,88.52,88.52,102.28,
11-Feb-2022,94.03,+5.51,+6.22%,88.52,88.52,94.03,
10-Feb-2022,88.52,+6.76,+8.27%,81.76,81.76,88.52,
09-Feb-2022,81.76,-0.96,-1.16%,82.72,81.76,82.72,
08-Feb-2022,82.72,-4.72,-5.40%,87.44,82.72,87.44,
07-Feb-2022,87.44,-0.24,-0.27%,85.74,85.74,87.44,
04-Feb-2022,87.68,+1.94,+2.26%,85.74,85.74,87.68,
03-Feb-2022,85.74,+0.89,+1.05%,84.85,84.85,85.74,
02-Feb-2022,84.85,-0.37,-0.43%,85.22,84.85,85.22,
01-Feb-2022,85.22,+0.08,+0.09%,85.14,85.14,85.22,
31-Jan-2022,85.14,-0.15,-0.18%,85.62,85.14,85.62,
28-Jan-2022,85.29,-0.33,-0.39%,85.62,85.29,85.62,
27-Jan-2022,85.62,-0.13,-0.15%,85.75,85.62,85.75,
26-Jan-2022,85.75,+1.18,+1.40%,84.57,84.57,85.75,
25-Jan-2022,84.57,+0.80,+0.95%,83.77,83.77,84.57,
24-Jan-2022,83.77,+2.74,+3.38%,80.96,80.96,83.77,
21-Jan-2022,81.03,+0.07,+0.09%,80.96,80.96,81.03,
20-Jan-2022,80.96,+0.82,+1.02%,80.14,80.14,80.96,
19-Jan-2022,80.14,-4.49,-5.31%,84.63,80.14,84.63,
18-Jan-2022,84.63,+8.04,+10.50%,76.59,76.59,84.63,
14-Jan-2022,76.59,+4.02,+5.54%,72.57,72.57,76.59,
13-Jan-2022,72.57,-1.98,-2.66%,74.55,72.57,74.55,
12-Jan-2022,74.55,-3.30,-4.24%,77.85,74.55,77.85,
11-Jan-2022,77.85,-0.27,-0.35%,78.12,77.85,78.12,
10-Jan-2022,78.12,+3.43,+4.59%,77.73,77.73,78.12,
07-Jan-2022,74.69,-3.04,-3.91%,77.73,74.69,77.73,
06-Jan-2022,77.73,-0.95,-1.21%,78.68,77.73,78.68,
05-Jan-2022,78.68,-4.43,-5.33%,83.11,78.68,83.11,
04-Jan-2022,83.11,-0.97,-1.15%,84.08,83.11,84.08,
03-Jan-2022,84.08,+6.98,+9.05%,77.62,77.62,84.08,
31-Dec-2021,77.10,-0.52,-0.67%,77.62,77.10,77.62,
30-Dec-2021,77.62,-0.38,-0.49%,78.00,77.62,78.00,
29-Dec-2021,78.00,+0.48,+0.62%,77.52,77.52,78.00,
28-Dec-2021,77.52,-2.60,-3.25%,80.12,77.52,80.12,
27-Dec-2021,80.12,+2.83,+3.66%,77.29,77.29,80.12,
23-Dec-2021,77.29,+0.44,+0.57%,76.85,76.85,77.29,
22-Dec-2021,76.85,-2.67,-3.36%,79.52,76.85,79.52,
21-Dec-2021,79.52,+2.50,+3.25%,77.02,77.02,79.52,
20-Dec-2021,77.02,+4.56,+6.29%,69.10,69.10,77.02,
17-Dec-2021,72.46,+3.36,+4.86%,69.10,69.10,72.46,
16-Dec-2021,69.10,-4.96,-6.70%,74.06,69.10,74.06,
15-Dec-2021,74.06,-4.92,-6.23%,78.98,74.06,78.98,
14-Dec-2021,78.98,+2.57,+3.36%,76.41,76.41,78.98,
13-Dec-2021,76.41,+2.05,+2.76%,79.54,76.41,79.54,
10-Dec-2021,74.36,-5.18,-6.51%,79.54,74.36,79.54,
09-Dec-2021,79.54,-0.75,-0.93%,80.29,79.54,80.29,
08-Dec-2021,80.29,-7.85,-8.91%,88.14,80.29,88.14,
07-Dec-2021,88.14,+0.25,+0.28%,87.89,87.89,88.14,
06-Dec-2021,87.89,+8.75,+11.06%,82.55,82.55,87.89,
03-Dec-2021,79.14,-3.41,-4.13%,82.55,79.14,82.55,
02-Dec-2021,82.55,-0.42,-0.51%,82.97,82.55,82.97,
01-Dec-2021,82.97,-1.07,-1.27%,84.04,82.97,84.04,
30-Nov-2021,84.04,-5.37,-6.01%,89.41,84.04,89.41,
29-Nov-2021,89.41,-0.04,-0.04%,83.15,83.15,89.41,
26-Nov-2021,89.45,+6.30,+7.58%,83.15,83.15,89.45,
24-Nov-2021,83.15,+2.58,+3.20%,80.57,80.57,83.15,
23-Nov-2021,80.57,+1.36,+1.72%,79.21,79.21,80.57,
22-Nov-2021,79.21,+5.82,+7.93%,74.51,74.51,79.21,
19-Nov-2021,73.39,-1.12,-1.50%,74.51,73.39,74.51,
18-Nov-2021,74.51,-7.07,-8.67%,81.58,74.51,81.58,
17-Nov-2021,81.58,0.00,0.00%,81.58,81.58,81.58,
16-Nov-2021,81.58,-0.01,-0.01%,81.59,81.58,81.59,
15-Nov-2021,81.59,+2.98,+3.79%,78.31,78.31,81.59,
12-Nov-2021,78.61,+0.30,+0.38%,78.31,78.31,78.61,
10-Nov-2021,78.31,+5.29,+7.24%,73.02,73.02,78.31,
09-Nov-2021,73.02,+2.05,+2.89%,70.97,70.97,73.02,
08-Nov-2021,70.97,+4.07,+6.08%,64.61,64.61,70.97,
05-Nov-2021,66.90,+2.29,+3.54%,64.61,64.61,66.90,
04-Nov-2021,64.61,-6.61,-9.28%,71.22,64.61,71.22,
03-Nov-2021,71.22,+0.18,+0.25%,71.04,71.04,71.22,
02-Nov-2021,71.04,-7.30,-9.32%,78.34,71.04,78.34,
01-Nov-2021,78.34,+2.89,+3.83%,71.96,71.96,78.34,
29-Oct-2021,75.45,+3.49,+4.85%,71.96,71.96,75.45,
28-Oct-2021,71.96,+1.90,+2.71%,70.06,70.06,71.96,
27-Oct-2021,70.06,+3.36,+5.04%,66.70,66.70,70.06,
26-Oct-2021,66.70,-2.26,-3.28%,68.96,66.70,68.96,
25-Oct-2021,68.96,-3.08,-4.28%,69.42,68.96,69.42,
22-Oct-2021,72.04,+2.62,+3.77%,69.42,69.42,72.04,
21-Oct-2021,69.42,+3.95,+6.03%,65.47,65.47,69.42,
20-Oct-2021,65.47,-2.78,-4.07%,68.25,65.47,68.25,
19-Oct-2021,68.25,-2.52,-3.56%,70.77,68.25,70.77,
18-Oct-2021,70.77,+8.07,+12.87%,59.35,59.35,70.77,
15-Oct-2021,62.70,+3.35,+5.64%,59.35,59.35,62.70,
14-Oct-2021,59.35,-1.49,-2.45%,60.84,59.35,60.84,
13-Oct-2021,60.84,-2.11,-3.35%,62.95,60.84,62.95,
12-Oct-2021,62.95,+3.30,+5.53%,59.65,59.65,62.95,
08-Oct-2021,59.65,-1.26,-2.07%,60.91,59.65,60.91,
07-Oct-2021,60.91,+0.26,+0.43%,60.65,60.65,60.91,
06-Oct-2021,60.65,-2.18,-3.47%,62.83,60.65,62.83,
05-Oct-2021,62.83,+2.22,+3.66%,60.61,60.61,62.83,
04-Oct-2021,60.61,+3.23,+5.63%,61.07,60.61,61.07,
01-Oct-2021,57.38,-3.69,-6.04%,61.07,57.38,61.07,
30-Sep-2021,61.07,-0.14,-0.23%,61.21,61.07,61.21,
29-Sep-2021,61.21,-1.50,-2.39%,62.71,61.21,62.71,
28-Sep-2021,62.71,+2.21,+3.65%,60.50,60.50,62.71,
27-Sep-2021,60.50,+2.04,+3.49%,56.79,56.79,60.50,
24-Sep-2021,58.46,+1.67,+2.94%,56.79,56.79,58.46,
23-Sep-2021,56.79,+0.87,+1.56%,55.92,55.92,56.79,
22-Sep-2021,55.92,-3.28,-5.54%,59.20,55.92,59.20,
21-Sep-2021,59.20,-0.38,-0.64%,59.58,59.20,59.58,
20-Sep-2021,59.58,+3.52,+6.28%,56.06,56.06,59.58,
17-Sep-2021,56.06,+2.36,+4.39%,53.70,53.70,56.06,
16-Sep-2021,53.70,-0.23,-0.43%,53.93,53.70,53.93,
15-Sep-2021,53.93,+2.20,+4.25%,51.73,51.73,53.93,
14-Sep-2021,51.73,-1.37,-2.58%,53.10,51.73,53.10,
13-Sep-2021,53.10,+1.37,+2.65%,52.61,52.61,53.10,
10-Sep-2021,51.73,-0.88,-1.67%,52.61,51.73,52.61,
09-Sep-2021,52.61,-4.41,-7.73%,57.02,52.61,57.02,
08-Sep-2021,57.02,-0.03,-0.05%,57.05,57.02,57.05,
07-Sep-2021,57.05,+3.79,+7.12%,53.26,53.26,57.05,
03-Sep-2021,53.26,-2.54,-4.55%,55.80,53.26,55.80,
02-Sep-2021,55.80,-2.29,-3.94%,58.09,55.80,58.09,
01-Sep-2021,58.09,-1.45,-2.44%,59.54,58.09,59.54,
31-Aug-2021,59.54,-0.60,-1.00%,60.14,59.54,60.14,
30-Aug-2021,60.14,+2.16,+3.73%,63.41,60.14,63.41,
27-Aug-2021,57.98,-5.43,-8.56%,63.41,57.98,63.41,
26-Aug-2021,63.41,-1.10,-1.71%,64.51,63.41,64.51,
25-Aug-2021,64.51,+1.48,+2.35%,63.03,63.03,64.51,
24-Aug-2021,63.03,+0.80,+1.29%,62.23,62.23,63.03,
23-Aug-2021,62.23,+2.28,+3.80%,59.38,59.38,62.23,
20-Aug-2021,59.95,+0.57,+0.96%,59.38,59.38,59.95,
19-Aug-2021,59.38,+1.33,+2.29%,58.05,58.05,59.38,
18-Aug-2021,58.05,-2.23,-3.70%,60.28,58.05,60.28,
17-Aug-2021,60.28,+0.88,+1.48%,59.40,59.40,60.28,
16-Aug-2021,59.40,+3.95,+7.12%,55.45,55.45,59.40,
13-Aug-2021,55.45,-1.94,-3.38%,57.39,55.45,57.39,
12-Aug-2021,57.39,-3.27,-5.39%,60.66,57.39,60.66,
11-Aug-2021,60.66,-5.89,-8.85%,66.55,60.66,66.55,
10-Aug-2021,66.55,+0.83,+1.26%,65.72,65.72,66.55,
09-Aug-2021,65.72,+3.08,+4.92%,63.57,63.57,65.72,
06-Aug-2021,62.64,-0.93,-1.46%,63.57,62.64,63.57,
05-Aug-2021,63.57,+0.90,+1.44%,62.67,62.67,63.57,
04-Aug-2021,62.67,-2.75,-4.20%,65.42,62.67,65.42,
03-Aug-2021,65.42,+1.13,+1.76%,64.29,64.29,65.42,
02-Aug-2021,64.29,+3.10,+5.07%,62.08,62.08,64.29,
30-Jul-2021,61.19,-0.89,-1.43%,62.08,61.19,62.08,
29-Jul-2021,62.08,-0.32,-0.51%,62.40,62.08,62.40,
28-Jul-2021,62.40,-7.67,-10.95%,70.07,62.40,70.07,
27-Jul-2021,70.07,+1.04,+1.51%,69.03,69.03,70.07,
26-Jul-2021,69.03,+3.75,+5.74%,64.96,64.96,69.03,
23-Jul-2021,65.28,+0.32,+0.49%,64.96,64.96,65.28,
22-Jul-2021,64.96,-0.32,-0.49%,65.28,64.96,65.28,
21-Jul-2021,65.28,-4.03,-5.81%,69.31,65.28,69.31,
20-Jul-2021,69.31,+1.73,+2.56%,67.58,67.58,69.31,
19-Jul-2021,67.58,+9.34,+16.04%,56.98,56.98,67.58,
16-Jul-2021,58.24,+1.26,+2.21%,56.98,56.98,58.24,
15-Jul-2021,56.98,-0.33,-0.58%,57.31,56.98,57.31,
14-Jul-2021,57.31,-3.49,-5.74%,60.80,57.31,60.80,
13-Jul-2021,60.80,+0.02,+0.03%,60.78,60.78,60.80,
12-Jul-2021,60.78,+0.86,+1.44%,61.68,60.78,61.68,
09-Jul-2021,59.92,-1.76,-2.85%,61.68,59.92,61.68,
08-Jul-2021,61.68,+1.03,+1.70%,60.65,60.65,61.68,
07-Jul-2021,60.65,+4.10,+7.25%,56.55,56.55,60.65,
06-Jul-2021,56.55,+4.14,+7.90%,52.41,52.41,56.55,
02-Jul-2021,52.41,-5.11,-8.88%,57.52,52.41,57.52,
01-Jul-2021,57.52,+0.25,+0.44%,57.27,57.27,57.52,
30-Jun-2021,57.27,+0.47,+0.83%,56.80,56.80,57.27,
29-Jun-2021,56.80,+0.47,+0.83%,56.33,56.33,56.80,
28-Jun-2021,56.33,+0.75,+1.35%,54.83,54.83,56.33,
25-Jun-2021,55.58,+0.75,+1.37%,54.83,54.83,55.58,
24-Jun-2021,54.83,-0.77,-1.38%,55.60,54.83,55.60,
23-Jun-2021,55.60,-3.04,-5.18%,58.64,55.60,58.64,
22-Jun-2021,58.64,-3.22,-5.21%,61.86,58.64,61.86,
21-Jun-2021,61.86,+1.41,+2.33%,54.91,54.91,61.86,
18-Jun-2021,60.45,+5.54,+10.09%,54.91,54.91,60.45,
17-Jun-2021,54.91,+0.63,+1.16%,54.28,54.28,54.91,
16-Jun-2021,54.28,+1.36,+2.57%,52.92,52.92,54.28,
15-Jun-2021,52.92,-1.11,-2.05%,54.03,52.92,54.03,
14-Jun-2021,54.03,+3.18,+6.25%,48.26,48.26,54.03,
11-Jun-2021,50.85,+2.59,+5.37%,48.26,48.26,50.85,
10-Jun-2021,48.26,-4.58,-8.67%,52.84,48.26,52.84,
09-Jun-2021,52.84,+2.91,+5.83%,49.93,49.93,52.84,
08-Jun-2021,49.93,+0.38,+0.77%,49.55,49.55,49.93,
07-Jun-2021,49.55,-0.23,-0.46%,53.96,49.55,53.96,
04-Jun-2021,49.78,-4.18,-7.75%,53.96,49.78,53.96,
03-Jun-2021,53.96,-1.25,-2.26%,55.21,53.96,55.21,
02-Jun-2021,55.21,+0.22,+0.40%,54.99,54.99,55.21,
01-Jun-2021,54.99,+2.95,+5.67%,52.04,52.04,54.99,
28-May-2021,52.04,-1.43,-2.67%,53.47,52.04,53.47,
27-May-2021,53.47,+0.65,+1.23%,52.82,52.82,53.47,
26-May-2021,52.82,-0.90,-1.68%,53.72,52.82,53.72,
25-May-2021,53.72,-1.22,-2.22%,54.94,53.72,54.94,
24-May-2021,54.94,+0.35,+0.64%,54.59,54.59,54.94,
21-May-2021,54.59,-0.45,-0.82%,55.04,54.59,55.04,
20-May-2021,55.04,-2.27,-3.96%,57.31,55.04,57.31,
19-May-2021,57.31,+0.13,+0.23%,57.18,57.18,57.31,
18-May-2021,57.18,-1.41,-2.41%,58.59,57.18,58.59,
17-May-2021,58.59,+3.60,+6.55%,54.99,54.99,58.59,
14-May-2021,54.99,-1.60,-2.83%,56.59,54.99,56.59,
13-May-2021,56.59,-1.88,-3.22%,58.47,56.59,58.47,
12-May-2021,58.47,+0.46,+0.79%,58.01,58.01,58.47,
11-May-2021,58.01,+2.53,+4.56%,55.48,55.48,58.01,
10-May-2021,55.48,+1.35,+2.49%,54.13,54.13,55.48,
07-May-2021,54.13,-3.62,-6.27%,57.75,54.13,57.75,
06-May-2021,57.75,+0.82,+1.44%,56.93,56.93,57.75,
05-May-2021,56.93,-1.58,-2.70%,58.51,56.93,58.51,
04-May-2021,58.51,+1.18,+2.06%,57.33,57.33,58.51,
03-May-2021,57.33,-0.80,-1.38%,58.13,57.33,58.13,
30-Apr-2021,58.13,-0.89,-1.51%,59.02,58.13,59.02,
29-Apr-2021,59.02,-1.29,-2.14%,60.31,59.02,60.31,
28-Apr-2021,60.31,+0.16,+0.27%,60.15,60.15,60.31,
27-Apr-2021,60.15,-0.83,-1.36%,60.98,60.15,60.98,
26-Apr-2021,60.98,+1.00,+1.67%,59.98,59.98,60.98,
23-Apr-2021,59.98,+0.36,+0.60%,59.62,59.62,59.98,
22-Apr-2021,59.62,-2.65,-4.26%,62.27,59.62,62.27,
21-Apr-2021,62.27,-2.08,-3.23%,64.35,62.27,64.35,
20-Apr-2021,64.35,+0.39,+0.61%,63.96,63.96,64.35,
19-Apr-2021,63.96,+1.39,+2.22%,62.57,62.57,63.96,
16-Apr-2021,62.57,+3.52,+5.96%,59.05,59.05,62.57,
15-Apr-2021,59.05,-1.03,-1.71%,60.08,59.05,60.08,
14-Apr-2021,60.08,-1.12,-1.83%,61.20,60.08,61.20,
13-Apr-2021,61.20,-2.30,-3.62%,63.50,61.20,63.50,
12-Apr-2021,63.50,+2.29,+3.74%,61.21,61.21,63.50,
09-Apr-2021,61.21,+1.13,+1.88%,60.08,60.08,61.21,
08-Apr-2021,60.08,-2.46,-3.93%,62.54,60.08,62.54,
07-Apr-2021,62.54,+2.25,+3.73%,60.29,60.29,62.54,
06-Apr-2021,60.29,-1.50,-2.43%,61.79,60.29,61.79,
05-Apr-2021,61.79,-1.92,-3.01%,63.71,61.79,63.71,
02-Apr-2021,63.71,-1.28,-1.97%,64.99,63.71,64.99,
01-Apr-2021,64.99,-6.28,-8.81%,71.27,64.99,71.27,
31-Mar-2021,71.27,+3.83,+5.68%,67.44,67.44,71.27,
30-Mar-2021,67.44,+1.48,+2.24%,65.96,65.96,67.44,
29-Mar-2021,65.96,+4.47,+7.27%,61.49,61.49,65.96,
26-Mar-2021,61.49,+1.95,+3.28%,59.54,59.54,61.49,
25-Mar-2021,59.54,-1.17,-1.93%,60.71,59.54,60.71,
24-Mar-2021,60.71,-0.06,-0.10%,60.77,60.71,60.77,
23-Mar-2021,60.77,-6.85,-10.13%,67.62,60.77,67.62,
22-Mar-2021,67.62,-1.18,-1.72%,68.80,67.62,68.80,
19-Mar-2021,68.80,-1.68,-2.38%,70.48,68.80,70.48,
18-Mar-2021,70.48,+3.73,+5.59%,66.75,66.75,70.48,
17-Mar-2021,66.75,-4.06,-5.73%,70.81,66.75,70.81,
16-Mar-2021,70.81,+0.02,+0.03%,70.79,70.79,70.81,
15-Mar-2021,70.79,-0.04,-0.06%,70.83,70.79,70.83,
12-Mar-2021,70.83,+6.93,+10.85%,63.90,63.90,70.83,
11-Mar-2021,63.90,+0.71,+1.12%,63.19,63.19,63.90,
10-Mar-2021,63.19,-4.25,-6.30%,67.44,63.19,67.44,
09-Mar-2021,67.44,-4.21,-5.88%,71.65,67.44,71.65,
08-Mar-2021,71.65,+2.28,+3.29%,69.37,69.37,71.65,
05-Mar-2021,69.37,+1.24,+1.82%,68.13,68.13,69.37,
04-Mar-2021,68.13,+2.30,+3.49%,65.83,65.83,68.13,
03-Mar-2021,65.83,+8.13,+14.09%,57.70,57.70,65.83,
02-Mar-2021,57.70,-11.03,-16.05%,68.73,57.70,68.73,
01-Mar-2021,68.73,-6.93,-9.16%,75.66,68.73,75.66,
26-Feb-2021,75.66,+1.50,+2.02%,74.16,74.16,75.66,
25-Feb-2021,74.16,+12.24,+19.77%,61.92,61.92,74.16,
24-Feb-2021,61.92,+0.19,+0.31%,61.73,61.73,61.92,
23-Feb-2021,61.73,-0.69,-1.11%,62.42,61.73,62.42,
22-Feb-2021,62.42,+1.99,+3.29%,60.43,60.43,62.42,
19-Feb-2021,60.43,+4.31,+7.68%,56.12,56.12,60.43,
18-Feb-2021,56.12,+0.15,+0.27%,55.97,55.97,56.12,
17-Feb-2021,55.97,-0.81,-1.43%,56.78,55.97,56.78,
16-Feb-2021,56.78,+9.77,+20.78%,47.01,47.01,56.78,
12-Feb-2021,47.01,+1.06,+2.31%,45.95,45.95,47.01,
11-Feb-2021,45.95,-0.32,-0.69%,46.27,45.95,46.27,
10-Feb-2021,46.27,-0.48,-1.03%,46.75,46.27,46.75,
09-Feb-2021,46.75,-1.70,-3.51%,48.45,46.75,48.45,
08-Feb-2021,48.45,+1.25,+2.65%,47.20,47.20,48.45,
05-Feb-2021,47.20,-0.05,-0.11%,47.25,47.20,47.25,
04-Feb-2021,47.25,+0.32,+0.68%,46.93,46.93,47.25,
03-Feb-2021,46.93,+1.02,+2.22%,45.91,45.91,46.93,
02-Feb-2021,45.91,-0.37,-0.80%,46.28,45.91,46.28,
01-Feb-2021,46.28,-1.13,-2.38%,47.41,46.28,47.41,
29-Jan-2021,47.41,+1.88,+4.13%,45.53,45.53,47.41,
28-Jan-2021,45.53,+1.37,+3.10%,44.16,44.16,45.53,
27-Jan-2021,44.16,+1.02,+2.36%,43.14,43.14,44.16,
26-Jan-2021,43.14,+0.06,+0.14%,43.08,43.08,43.14,
25-Jan-2021,43.08,-0.01,-0.02%,43.09,43.08,43.09,
22-Jan-2021,43.09,+0.08,+0.19%,43.01,43.01,43.09,
21-Jan-2021,43.01,+0.48,+1.13%,42.53,42.53,43.01,
20-Jan-2021,42.53,-2.70,-5.97%,45.23,42.53,45.23,
19-Jan-2021,45.23,+0.09,+0.20%,45.14,45.14,45.23,
15-Jan-2021,45.14,-1.09,-2.36%,46.23,45.14,46.23,
14-Jan-2021,46.23,+0.63,+1.38%,45.60,45.60,46.23,
13-Jan-2021,45.60,-4.52,-9.02%,50.12,45.60,50.12,
12-Jan-2021,50.12,+2.35,+4.92%,47.77,47.77,50.12,
11-Jan-2021,47.77,+2.96,+6.61%,44.81,44.81,47.77,
08-Jan-2021,44.81,-0.39,-0.86%,45.20,44.81,45.20,
07-Jan-2021,45.20,+0.56,+1.25%,44.64,44.64,45.20,
06-Jan-2021,44.64,-4.31,-8.80%,48.95,44.64,48.95,
05-Jan-2021,48.95,-0.64,-1.29%,49.59,48.95,49.59,
04-Jan-2021,49.59,+0.61,+1.25%,48.98,48.98,49.59,
31-Dec-2020,48.98,+1.79,+3.79%,47.19,47.19,48.98,
30-Dec-2020,47.19,+1.09,+2.36%,46.10,46.10,47.19,
29-Dec-2020,46.10,+0.84,+1.86%,45.26,45.26,46.10,
28-Dec-2020,45.26,+3.15,+7.48%,42.11,42.11,45.26,
24-Dec-2020,42.11,-0.63,-1.47%,42.74,42.11,42.74,
23-Dec-2020,42.74,-0.83,-1.90%,43.57,42.74,43.57,
22-Dec-2020,43.57,-3.09,-6.62%,46.66,43.57,46.66,
21-Dec-2020,46.66,+2.02,+4.53%,44.64,44.64,46.66,
18-Dec-2020,44.64,+0.49,+1.11%,44.15,44.15,44.64,
17-Dec-2020,44.15,-2.81,-5.98%,46.96,44.15,46.96,
16-Dec-2020,46.96,-1.18,-2.45%,48.14,46.96,48.14,
15-Dec-2020,48.14,-1.08,-2.19%,49.22,48.14,49.22,
14-Dec-2020,49.22,+1.70,+3.58%,47.52,47.52,49.22,
11-Dec-2020,47.52,+0.37,+0.78%,47.15,47.15,47.52,
10-Dec-2020,47.15,-1.33,-2.74%,48.48,47.15,48.48,
09-Dec-2020,48.48,-0.62,-1.26%,49.10,48.48,49.10,
08-Dec-2020,49.10,-0.57,-1.15%,49.67,49.10,49.67,
07-Dec-2020,49.67,+5.78,+13.17%,43.89,43.89,49.67,
04-Dec-2020,43.89,+1.36,+3.20%,42.53,42.53,43.89,
03-Dec-2020,42.53,-1.39,-3.16%,43.92,42.53,43.92,
02-Dec-2020,43.92,+2.39,+5.75%,41.53,41.53,43.92,
01-Dec-2020,41.53,+0.69,+1.69%,40.84,40.84,41.53,
30-Nov-2020,40.84,+1.20,+3.03%,39.64,39.64,40.84,
27-Nov-2020,39.64,+0.02,+0.05%,39.62,39.62,39.64,
25-Nov-2020,39.62,-2.76,-6.51%,42.38,39.62,42.38,
24-Nov-2020,42.38,-0.66,-1.53%,43.04,42.38,43.04,
23-Nov-2020,43.04,+0.73,+1.73%,42.31,42.31,43.04,
20-Nov-2020,42.31,-1.22,-2.80%,43.53,42.31,43.53,
19-Nov-2020,43.53,-0.09,-0.21%,43.62,43.53,43.62,
18-Nov-2020,43.62,+0.54,+1.25%,43.08,43.08,43.62,
17-Nov-2020,43.08,+0.59,+1.39%,42.49,42.49,43.08,
16-Nov-2020,42.49,-0.46,-1.07%,42.95,42.49,42.95,
13-Nov-2020,42.95,-1.22,-2.76%,44.17,42.95,44.17,
12-Nov-2020,44.17,-2.02,-4.37%,46.19,44.17,46.19,
10-Nov-2020,46.19,+1.25,+2.78%,44.94,44.94,46.19,
09-Nov-2020,44.94,+5.06,+12.69%,39.88,39.88,44.94,
06-Nov-2020,39.88,-3.88,-8.87%,43.76,39.88,43.76,
05-Nov-2020,43.76,-3.98,-8.34%,47.74,43.76,47.74,
04-Nov-2020,47.74,-16.63,-25.84%,64.37,47.74,64.37,
03-Nov-2020,64.37,+0.81,+1.27%,63.56,63.56,64.37,
02-Nov-2020,63.56,+1.65,+2.67%,61.91,61.91,63.56,
30-Oct-2020,61.91,+0.61,+1.00%,61.30,61.30,61.91,
29-Oct-2020,61.30,+4.17,+7.30%,57.13,57.13,61.30,
28-Oct-2020,57.13,-0.75,-1.30%,57.88,57.13,57.88,
27-Oct-2020,57.88,-1.07,-1.82%,58.95,57.88,58.95,
26-Oct-2020,58.95,+0.49,+0.84%,58.46,58.46,58.95,
23-Oct-2020,58.46,-1.27,-2.13%,59.73,58.46,59.73,
22-Oct-2020,59.73,+0.66,+1.12%,59.07,59.07,59.73,
21-Oct-2020,59.07,-1.35,-2.23%,60.42,59.07,60.42,
20-Oct-2020,60.42,-0.74,-1.21%,61.16,60.42,61.16,
19-Oct-2020,61.16,+3.91,+6.83%,57.25,57.25,61.16,
16-Oct-2020,57.25,+1.63,+2.93%,55.62,55.62,57.25,
15-Oct-2020,55.62,+2.12,+3.96%,53.50,53.50,55.62,
14-Oct-2020,53.50,-2.09,-3.76%,55.59,53.50,55.59,
13-Oct-2020,55.59,-1.93,-3.36%,57.52,55.59,57.52,
09-Oct-2020,57.52,+0.21,+0.37%,57.31,57.31,57.52,
08-Oct-2020,57.31,+0.33,+0.58%,56.98,56.98,57.31,
07-Oct-2020,56.98,-0.77,-1.33%,57.75,56.98,57.75,
06-Oct-2020,57.75,+17.94,+45.06%,39.81,39.81,57.75,
05-Oct-2020,39.81,-0.16,-0.40%,39.97,39.81,39.97,
02-Oct-2020,39.97,+1.32,+3.42%,38.65,38.65,39.97,
01-Oct-2020,38.65,-0.56,-1.43%,39.21,38.65,39.21,
30-Sep-2020,39.21,+2.59,+7.07%,36.62,36.62,39.21,
29-Sep-2020,36.62,-0.78,-2.09%,37.40,36.62,37.40,
28-Sep-2020,37.40,+0.43,+1.16%,36.97,36.97,37.40,
25-Sep-2020,36.97,-0.25,-0.67%,37.22,36.97,37.22,
24-Sep-2020,37.22,-1.41,-3.65%,38.63,37.22,38.63,
23-Sep-2020,38.63,-0.72,-1.83%,39.35,38.63,39.35,
22-Sep-2020,39.35,+0.72,+1.86%,38.63,38.63,39.35,
21-Sep-2020,38.63,+1.39,+3.73%,37.24,37.24,38.63,
18-Sep-2020,37.24,-1.21,-3.15%,38.45,37.24,38.45,
17-Sep-2020,38.45,-3.98,-9.38%,42.43,38.45,42.43,
16-Sep-2020,42.43,-0.63,-1.46%,43.06,42.43,43.06,
15-Sep-2020,43.06,-1.15,-2.60%,44.21,43.06,44.21,
14-Sep-2020,44.21,+1.09,+2.53%,43.12,43.12,44.21,
11-Sep-2020,43.12,-2.09,-4.62%,45.21,43.12,45.21,
10-Sep-2020,45.21,-3.61,-7.39%,48.82,45.21,48.82,
09-Sep-2020,48.82,-1.86,-3.67%,50.68,48.82,50.68,
08-Sep-2020,50.68,+3.64,+7.74%,47.04,47.04,50.68,
04-Sep-2020,47.04,+1.28,+2.80%,45.76,45.76,47.04,
03-Sep-2020,45.76,+0.90,+2.01%,44.86,44.86,45.76,
02-Sep-2020,44.86,+0.56,+1.26%,44.30,44.30,44.86,
01-Sep-2020,44.30,-2.72,-5.78%,47.02,44.30,47.02,
31-Aug-2020,47.02,-1.17,-2.43%,48.19,47.02,48.19,
28-Aug-2020,48.19,-1.10,-2.23%,49.29,48.19,49.29,
27-Aug-2020,49.29,+1.30,+2.71%,47.99,47.99,49.29,
26-Aug-2020,47.99,+0.10,+0.21%,47.89,47.89,47.99,
25-Aug-2020,47.89,+1.56,+3.37%,46.33,46.33,47.89,
24-Aug-2020,46.33,+1.19,+2.64%,45.14,45.14,46.33,
21-Aug-2020,45.14,+0.56,+1.26%,44.58,44.58,45.14,
20-Aug-2020,44.58,-0.02,-0.04%,44.60,44.58,44.60,
19-Aug-2020,44.60,-1.46,-3.17%,46.06,44.60,46.06,
18-Aug-2020,46.06,+0.25,+0.55%,45.81,45.81,46.06,
17-Aug-2020,45.81,+2.72,+6.31%,43.09,43.09,45.81,
14-Aug-2020,43.09,-1.99,-4.42%,43.09,43.09,43.09,
13-Aug-2020,45.08,+0.86,+1.93%,45.08,45.08,45.08,
12-Aug-2020,44.23,-1.04,-2.29%,44.23,44.23,44.23,
11-Aug-2020,45.26,+3.05,+7.23%,45.26,45.26,45.26,
10-Aug-2020,42.21,+0.75,+1.81%,42.21,42.21,42.21,
07-Aug-2020,41.46,-1.14,-2.68%,41.46,41.46,41.46,
06-Aug-2020,42.60,+0.85,+2.05%,42.60,42.60,42.60,
05-Aug-2020,41.75,-2.36,-5.34%,41.75,41.75,41.75,
04-Aug-2020,44.11,+0.97,+2.25%,44.11,44.11,44.11,
03-Aug-2020,43.13,+1.15,+2.75%,43.13,43.13,43.13,
31-Jul-2020,41.98,+1.32,+3.25%,41.98,41.98,41.98,
30-Jul-2020,40.66,-0.97,-2.33%,41.63,40.66,41.63,
29-Jul-2020,41.63,+0.36,+0.87%,41.63,41.63,41.63,
28-Jul-2020,41.27,-1.34,-3.14%,41.27,41.27,41.27,
27-Jul-2020,42.61,+0.13,+0.31%,42.61,42.61,42.61,
24-Jul-2020,42.48,-1.45,-3.30%,43.93,42.48,43.93,
23-Jul-2020,43.93,-1.39,-3.07%,45.32,43.93,45.32,
22-Jul-2020,45.32,-1.13,-2.43%,46.45,45.32,46.45,
21-Jul-2020,46.45,-0.37,-0.79%,46.82,46.45,46.82,
20-Jul-2020,46.82,+1.14,+2.50%,45.68,45.68,46.82,
17-Jul-2020,45.68,-0.75,-1.62%,45.68,45.68,45.68,
16-Jul-2020,46.43,-0.65,-1.38%,47.08,46.43,47.08,
15-Jul-2020,47.08,-3.73,-7.34%,50.81,47.08,50.81,
14-Jul-2020,50.81,+1.26,+2.54%,49.55,49.55,50.81,
13-Jul-2020,49.55,+0.36,+0.73%,49.19,49.19,49.55,
10-Jul-2020,49.19,-0.88,-1.76%,50.07,49.19,50.07,
09-Jul-2020,50.07,+0.27,+0.54%,49.80,49.80,50.07,
08-Jul-2020,49.80,-1.18,-2.31%,50.98,49.80,50.98,
07-Jul-2020,50.98,-1.05,-2.02%,52.03,50.98,52.03,
06-Jul-2020,52.03,+1.07,+2.10%,50.96,50.96,52.03,
02-Jul-2020,50.96,-2.32,-4.35%,53.28,50.96,53.28,
01-Jul-2020,53.28,-0.85,-1.57%,54.13,53.28,54.13,
30-Jun-2020,54.13,+1.17,+2.21%,52.96,52.96,54.13,
29-Jun-2020,52.96,+1.75,+3.42%,51.21,51.21,52.96,
26-Jun-2020,51.21,-0.36,-0.70%,51.21,51.21,51.21,
25-Jun-2020,51.57,-3.32,-6.05%,51.57,51.57,51.57,
24-Jun-2020,54.89,+0.85,+1.57%,54.89,54.89,54.89,
23-Jun-2020,54.04,+0.11,+0.20%,54.04,54.04,54.04,
22-Jun-2020,53.93,+0.48,+0.90%,53.93,53.93,53.93,
19-Jun-2020,53.45,-1.70,-3.08%,53.45,53.45,53.45,
18-Jun-2020,55.15,-3.01,-5.18%,55.15,55.15,55.15,
17-Jun-2020,58.16,-2.33,-3.85%,58.16,58.16,58.16,
16-Jun-2020,60.49,+2.40,+4.13%,60.49,60.49,60.49,
15-Jun-2020,58.09,+2.28,+4.09%,58.09,58.09,58.09,
12-Jun-2020,55.81,-0.66,-1.17%,55.81,55.81,55.81,
11-Jun-2020,56.47,-3.55,-5.91%,56.47,56.47,56.47,
10-Jun-2020,60.02,-2.92,-4.64%,60.02,60.02,60.02,
09-Jun-2020,62.94,+0.17,+0.27%,62.94,62.94,62.94,
08-Jun-2020,62.77,+0.80,+1.29%,62.77,62.77,62.77,
05-Jun-2020,61.97,+0.79,+1.29%,61.97,61.97,61.97,
04-Jun-2020,61.18,-0.06,-0.10%,61.18,61.18,61.18,
03-Jun-2020,61.24,+5.89,+10.64%,61.24,61.24,61.24,
02-Jun-2020,55.35,+0.28,+0.51%,55.35,55.35,55.35,
01-Jun-2020,55.07,+3.52,+6.83%,55.07,55.07,55.07,
29-May-2020,51.55,+0.98,+1.94%,51.55,51.55,51.55,
28-May-2020,50.57,-2.41,-4.55%,50.57,50.57,50.57,
27-May-2020,52.98,+0.76,+1.46%,52.98,52.98,52.98,
26-May-2020,52.22,+0.55,+1.06%,52.22,52.22,52.22,
25-May-2020,51.67,0.00,0.00%,51.67,51.67,51.67,
22-May-2020,51.67,-3.95,-7.10%,51.67,51.67,51.67,
21-May-2020,55.62,-3.23,-5.49%,55.62,55.62,55.62,
20-May-2020,58.85,-1.24,-2.06%,58.85,58.85,58.85,
19-May-2020,60.09,+1.39,+2.37%,60.09,60.09,60.09,
18-May-2020,58.70,+2.17,+3.84%,58.70,58.70,58.70,
15-May-2020,56.53,-2.52,-4.27%,56.53,56.53,56.53,
14-May-2020,59.05,+1.49,+2.59%,59.05,59.05,59.05,
13-May-2020,57.56,-3.70,-6.04%,57.56,57.56,57.56,
12-May-2020,61.26,-0.34,-0.55%,61.26,61.26,61.26,
11-May-2020,61.60,+4.20,+7.32%,61.60,61.60,61.60,
08-May-2020,57.40,+2.47,+4.50%,57.40,57.40,57.40,
07-May-2020,54.93,+3.62,+7.06%,54.93,54.93,54.93,
06-May-2020,51.31,+1.66,+3.34%,51.31,51.31,51.31,
05-May-2020,49.65,+0.40,+0.81%,49.65,49.65,49.65,
04-May-2020,49.25,+1.14,+2.37%,49.25,49.25,49.25,
01-May-2020,48.11,-5.48,-10.23%,48.11,48.11,48.11,
30-Apr-2020,53.59,-3.56,-6.23%,53.59,53.59,53.59,
29-Apr-2020,57.15,-1.74,-2.95%,57.15,57.15,57.15,
28-Apr-2020,58.89,-3.81,-6.08%,58.89,58.89,58.89,
27-Apr-2020,62.70,-3.39,-5.13%,62.70,62.70,62.70,
24-Apr-2020,66.09,-1.16,-1.72%,66.09,66.09,66.09,
23-Apr-2020,67.25,-5.04,-6.97%,67.25,67.25,67.25,
22-Apr-2020,72.29,-1.54,-2.09%,72.29,72.29,72.29,
21-Apr-2020,73.83,+3.23,+4.58%,73.83,73.83,73.83,
20-Apr-2020,70.60,+0.76,+1.09%,70.60,70.60,70.60,
17-Apr-2020,69.84,-0.09,-0.13%,69.84,69.84,69.84,
16-Apr-2020,69.93,-0.57,-0.81%,69.93,69.93,69.93,
15-Apr-2020,70.50,+0.98,+1.41%,70.50,70.50,70.50,
14-Apr-2020,69.52,-6.33,-8.35%,69.52,69.52,69.52,
13-Apr-2020,75.85,+1.46,+1.96%,75.85,75.85,75.85,
09-Apr-2020,74.39,-1.32,-1.74%,74.39,74.39,74.39,
08-Apr-2020,75.71,+3.50,+4.85%,75.71,75.71,75.71,
07-Apr-2020,72.21,+5.93,+8.95%,72.21,72.21,72.21,
06-Apr-2020,66.28,+1.27,+1.95%,66.28,66.28,66.28,
03-Apr-2020,65.01,-6.98,-9.70%,65.01,65.01,65.01,
02-Apr-2020,71.99,-11.14,-13.40%,71.99,71.99,71.99,
01-Apr-2020,83.13,-0.74,-0.88%,83.13,83.13,83.13,
31-Mar-2020,83.87,-6.83,-7.53%,83.87,83.87,83.87,
30-Mar-2020,90.70,+2.37,+2.68%,90.70,90.70,90.70,
27-Mar-2020,88.33,-0.15,-0.17%,88.33,88.33,88.33,
26-Mar-2020,88.48,+1.34,+1.54%,88.48,88.48,88.48,
25-Mar-2020,87.14,-23.95,-21.56%,87.14,87.14,87.14,
24-Mar-2020,111.09,-24.29,-17.94%,111.09,111.09,111.09,
23-Mar-2020,135.38,+2.01,+1.51%,135.38,135.38,135.38,
20-Mar-2020,133.37,-7.76,-5.50%,133.37,133.37,133.37,
19-Mar-2020,141.13,+16.99,+13.69%,141.13,141.13,141.13,
18-Mar-2020,124.14,+14.29,+13.01%,124.14,124.14,124.14,
17-Mar-2020,109.85,-14.68,-11.79%,109.85,109.85,109.85,
16-Mar-2020,124.53,-13.87,-10.02%,124.53,124.53,124.53,
13-Mar-2020,138.40,-14.22,-9.32%,138.40,138.40,138.40,
12-Mar-2020,152.62,+24.78,+19.38%,152.62,152.62,152.62,
11-Mar-2020,127.84,+4.12,+3.33%,127.84,127.84,127.84,
10-Mar-2020,123.72,-39.98,-24.42%,123.72,123.72,123.72,
09-Mar-2020,163.70,+38.49,+30.74%,163.70,163.70,163.70,
06-Mar-2020,125.21,+28.25,+29.14%,125.21,125.21,125.21,
05-Mar-2020,96.96,+7.37,+8.23%,96.96,96.96,96.96,
04-Mar-2020,89.59,-13.38,-12.99%,89.59,89.59,89.59,
03-Mar-2020,102.97,-1.92,-1.83%,102.97,102.97,102.97,
02-Mar-2020,104.89,-4.78,-4.36%,104.89,104.89,104.89,
28-Feb-2020,109.67,+17.08,+18.45%,109.67,109.67,109.67,
27-Feb-2020,92.59,+5.59,+6.43%,92.59,92.59,92.59,
26-Feb-2020,87.00,-0.38,-0.43%,87.00,87.00,87.00,
25-Feb-2020,87.38,+0.46,+0.53%,87.38,87.38,87.38,
24-Feb-2020,86.92,+12.38,+16.61%,86.92,86.92,86.92,
21-Feb-2020,74.54,+4.94,+7.10%,74.54,74.54,74.54,
20-Feb-2020,69.60,+1.56,+2.29%,69.60,69.60,69.60,
19-Feb-2020,68.04,+0.38,+0.56%,68.04,68.04,68.04,
18-Feb-2020,67.66,+5.28,+8.46%,67.66,67.66,67.66,
14-Feb-2020,62.38,-1.13,-1.78%,62.38,62.38,62.38,
13-Feb-2020,63.51,-0.01,-0.02%,63.51,63.51,63.51,
12-Feb-2020,63.52,-1.37,-2.11%,63.52,63.52,63.52,
11-Feb-2020,64.89,-3.24,-4.76%,64.89,64.89,64.89,
10-Feb-2020,68.13,+2.54,+3.87%,68.13,68.13,68.13,
07-Feb-2020,65.59,+4.35,+7.10%,65.59,65.59,65.59,
06-Feb-2020,61.24,-2.83,-4.42%,61.24,61.24,61.24,
05-Feb-2020,64.07,-4.10,-6.01%,64.07,64.07,64.07,
04-Feb-2020,68.17,-4.64,-6.37%,68.17,68.17,68.17,
03-Feb-2020,72.81,-0.17,-0.23%,72.81,72.81,72.81,
31-Jan-2020,72.98,+1.91,+2.69%,72.98,72.98,72.98,
30-Jan-2020,71.07,+4.90,+7.41%,71.07,71.07,71.07,
29-Jan-2020,66.17,+0.57,+0.87%,66.17,66.17,66.17,
28-Jan-2020,65.60,-1.13,-1.69%,65.60,65.60,65.60,
27-Jan-2020,66.73,+6.79,+11.33%,66.73,66.73,66.73,
24-Jan-2020,59.94,+4.60,+8.31%,59.94,59.94,59.94,
23-Jan-2020,55.34,+4.03,+7.85%,55.34,55.34,55.34,
22-Jan-2020,51.31,-2.11,-3.95%,51.31,51.31,51.31,
21-Jan-2020,53.42,+3.75,+7.55%,53.42,53.42,53.42,
20-Jan-2020,49.67,0.00,0.00%,49.67,49.67,49.67,
17-Jan-2020,49.67,-0.70,-1.39%,49.67,49.67,49.67,
16-Jan-2020,50.37,-0.17,-0.34%,50.37,50.37,50.37,
15-Jan-2020,50.54,-1.81,-3.46%,50.54,50.54,50.54,
14-Jan-2020,52.35,-0.92,-1.73%,52.35,52.35,52.35,
13-Jan-2020,53.27,-0.05,-0.09%,53.27,53.27,53.27,
10-Jan-2020,53.32,-4.34,-7.53%,53.32,53.32,53.32,
09-Jan-2020,57.66,-2.83,-4.68%,57.66,57.66,57.66,
08-Jan-2020,60.49,-2.14,-3.42%,60.49,60.49,60.49,
07-Jan-2020,62.63,-0.16,-0.25%,62.63,62.63,62.63,
06-Jan-2020,62.79,+2.67,+4.44%,62.79,62.79,62.79,
03-Jan-2020,60.12,+2.92,+5.10%,60.12,60.12,60.12,
02-Jan-2020,57.20,-1.08,-1.85%,57.20,57.20,57.20,
01-Jan-2020,58.28,0.00,0.00%,58.28,58.28,58.28,
31-Dec-2019,58.28,-1.35,-2.26%,58.28,58.28,58.28,
30-Dec-2019,59.63,+4.33,+7.83%,59.63,59.63,59.63,
27-Dec-2019,55.30,-1.12,-1.99%,55.30,55.30,55.30,
26-Dec-2019,56.42,-1.90,-3.26%,56.42,56.42,56.42,
25-Dec-2019,58.32,0.00,0.00%,58.32,58.32,58.32,
24-Dec-2019,58.32,+3.01,+5.44%,58.32,58.32,58.32,
23-Dec-2019,55.31,+1.12,+2.07%,55.31,55.31,55.31,
20-Dec-2019,54.19,+0.49,+0.91%,54.19,54.19,54.19,
19-Dec-2019,53.70,+0.29,+0.54%,53.70,53.70,53.70,
18-Dec-2019,53.41,-1.97,-3.56%,53.41,53.41,53.41,
17-Dec-2019,55.38,-0.75,-1.34%,55.38,55.38,55.38,
16-Dec-2019,56.13,-0.31,-0.55%,56.13,56.13,56.13,
13-Dec-2019,56.44,-5.19,-8.42%,56.44,56.44,56.44,
12-Dec-2019,61.63,+0.33,+0.54%,61.63,61.63,61.63,
11-Dec-2019,61.30,-5.79,-8.63%,61.30,61.30,61.30,
10-Dec-2019,67.09,-0.20,-0.30%,67.09,67.09,67.09,
09-Dec-2019,67.29,+3.22,+5.03%,67.29,67.29,67.29,
06-Dec-2019,64.07,+0.34,+0.53%,64.07,64.07,64.07,
05-Dec-2019,63.73,+0.72,+1.14%,63.73,63.73,63.73,
04-Dec-2019,63.01,-1.61,-2.49%,63.01,63.01,63.01,
03-Dec-2019,64.62,+5.20,+8.75%,64.62,64.62,64.62,
02-Dec-2019,59.42,+2.85,+5.04%,59.42,59.42,59.42,
29-Nov-2019,56.57,-1.05,-1.82%,56.57,56.57,56.57,
28-Nov-2019,57.62,0.00,0.00%,57.62,57.62,57.62,
27-Nov-2019,57.62,-2.77,-4.59%,57.62,57.62,57.62,
26-Nov-2019,60.39,-1.16,-1.88%,60.39,60.39,60.39,
25-Nov-2019,61.55,-0.62,-1.00%,61.55,61.55,61.55,
22-Nov-2019,62.17,+0.34,+0.55%,62.17,62.17,62.17,
21-Nov-2019,61.83,-3.75,-5.72%,61.83,61.83,61.83,
20-Nov-2019,65.58,+2.94,+4.69%,65.58,65.58,65.58,
19-Nov-2019,62.64,-1.49,-2.32%,62.64,62.64,62.64,
18-Nov-2019,64.13,+2.43,+3.94%,64.13,64.13,64.13,
15-Nov-2019,61.70,-2.47,-3.85%,61.70,61.70,61.70,
14-Nov-2019,64.17,-1.93,-2.92%,64.17,64.17,64.17,
13-Nov-2019,66.10,-3.72,-5.33%,66.10,66.10,66.10,
12-Nov-2019,69.82,+5.38,+8.35%,69.82,69.82,69.82,
11-Nov-2019,64.44,0.00,0.00%,64.44,64.44,64.44,
08-Nov-2019,64.44,-2.64,-3.94%,64.44,64.44,64.44,
07-Nov-2019,67.08,+5.35,+8.67%,67.08,67.08,67.08,
06-Nov-2019,61.73,+0.25,+0.41%,61.73,61.73,61.73,
05-Nov-2019,61.48,+1.30,+2.16%,61.48,61.48,61.48,
04-Nov-2019,60.18,+2.90,+5.06%,60.18,60.18,60.18,
01-Nov-2019,57.28,-8.60,-13.05%,57.28,57.28,57.28,
31-Oct-2019,65.88,+2.56,+4.04%,65.88,65.88,65.88,
30-Oct-2019,63.32,-4.29,-6.35%,63.32,63.32,63.32,
29-Oct-2019,67.61,+0.20,+0.30%,67.61,67.61,67.61,
28-Oct-2019,67.41,+0.34,+0.51%,67.41,67.41,67.41,
25-Oct-2019,67.07,-1.90,-2.75%,67.07,67.07,67.07,
24-Oct-2019,68.97,-4.06,-5.56%,68.97,68.97,68.97,
23-Oct-2019,73.03,-5.70,-7.24%,73.03,73.03,73.03,
22-Oct-2019,78.73,-1.52,-1.89%,78.73,78.73,78.73,
21-Oct-2019,80.25,+1.90,+2.43%,80.25,80.25,80.25,
18-Oct-2019,78.35,+0.74,+0.95%,78.35,78.35,78.35,
17-Oct-2019,77.61,-0.33,-0.42%,77.61,77.61,77.61,
16-Oct-2019,77.94,-2.12,-2.65%,77.94,77.94,77.94,
15-Oct-2019,80.06,+0.20,+0.25%,80.06,80.06,80.06,
11-Oct-2019,79.86,-0.28,-0.35%,79.86,79.86,79.86,
10-Oct-2019,80.14,+0.83,+1.04%,,,,
09-Oct-2019,79.31,-1.16,-1.44%,,,,
08-Oct-2019,80.47,-1.39,-1.70%,,,,
07-Oct-2019,81.86,-1.29,-1.55%,,,,
04-Oct-2019,83.15,-4.79,-5.45%,,,,
03-Oct-2019,87.94,-1.44,-1.61%,,,,
02-Oct-2019,89.39,+3.78,+4.41%,,,,
01-Oct-2019,85.61,+8.41,+10.89%,,,,
30-Sep-2019,77.20,-2.77,-3.47%,,,,
27-Sep-2019,79.97,+0.10,+0.13%,,,,
26-Sep-2019,79.87,-0.35,-0.43%,,,,
25-Sep-2019,80.22,-2.85,-3.43%,,,,
24-Sep-2019,83.07,+2.06,+2.54%,,,,
23-Sep-2019,81.01,+0.94,+1.17%,,,,
20-Sep-2019,80.07,+1.93,+2.47%,,,,
19-Sep-2019,78.14,-1.52,-1.91%,,,,
18-Sep-2019,79.66,-5.10,-6.01%,,,,
17-Sep-2019,84.76,-1.19,-1.38%,,,,
16-Sep-2019,85.95,+0.42,+0.49%,,,,
13-Sep-2019,85.53,+7.96,+10.26%,,,,
12-Sep-2019,77.57,+0.87,+1.13%,,,,
11-Sep-2019,76.70,-0.08,-0.10%,,,,
10-Sep-2019,76.78,+0.35,+0.45%,,,,
09-Sep-2019,76.44,-2.38,-3.02%,,,,
06-Sep-2019,78.82,-1.10,-1.37%,,,,
05-Sep-2019,79.92,-1.68,-2.06%,,,,
04-Sep-2019,81.60,-3.66,-4.30%,,,,
03-Sep-2019,85.27,-1.62,-1.87%,,,,
30-Aug-2019,86.89,-0.05,-0.06%,,,,
29-Aug-2019,86.94,-2.92,-3.25%,,,,
28-Aug-2019,89.87,+1.20,+1.35%,,,,
27-Aug-2019,88.67,+0.69,+0.79%,,,,
26-Aug-2019,87.98,-3.84,-4.19%,,,,
23-Aug-2019,91.82,+8.67,+10.43%,,,,
22-Aug-2019,83.15,-1.36,-1.61%,,,,
21-Aug-2019,84.51,-2.35,-2.71%,,,,
20-Aug-2019,86.86,+0.37,+0.43%,,,,
19-Aug-2019,86.49,-3.02,-3.38%,,,,
16-Aug-2019,89.52,-1.10,-1.21%,,,,
15-Aug-2019,90.62,+3.40,+3.90%,,,,
14-Aug-2019,87.22,+9.52,+12.26%,,,,
13-Aug-2019,77.70,-3.88,-4.75%,,,,
12-Aug-2019,81.58,+2.61,+3.30%,,,,
09-Aug-2019,78.97,+0.42,+0.53%,,,,
08-Aug-2019,78.55,-0.52,-0.66%,,,,
07-Aug-2019,79.08,+5.16,+6.97%,,,,
06-Aug-2019,73.92,-3.31,-4.29%,,,,
05-Aug-2019,77.24,+11.12,+16.82%,,,,
02-Aug-2019,66.11,+1.44,+2.22%,,,,
01-Aug-2019,64.68,+9.43,+17.07%,,,,
31-Jul-2019,55.25,-2.60,-4.49%,,,,
30-Jul-2019,57.84,-0.70,-1.20%,,,,
29-Jul-2019,58.55,-0.35,-0.60%,,,,
26-Jul-2019,58.90,-2.09,-3.42%,,,,
25-Jul-2019,60.99,+0.28,+0.46%,,,,
24-Jul-2019,60.71,-0.51,-0.84%,,,,
23-Jul-2019,61.23,+0.25,+0.41%,,,,
22-Jul-2019,60.97,-2.89,-4.53%,,,,
19-Jul-2019,63.86,+0.75,+1.18%,,,,
18-Jul-2019,63.12,+0.83,+1.33%,,,,
17-Jul-2019,62.29,+1.00,+1.63%,,,,
16-Jul-2019,61.29,-0.60,-0.97%,,,,
15-Jul-2019,61.90,-0.88,-1.40%,,,,
12-Jul-2019,62.78,-0.18,-0.29%,,,,
11-Jul-2019,62.96,+0.57,+0.91%,,,,
10-Jul-2019,62.39,-0.51,-0.81%,,,,
09-Jul-2019,62.90,-0.32,-0.50%,,,,
08-Jul-2019,63.22,-2.06,-3.15%,,,,
05-Jul-2019,65.28,-3.05,-4.46%,,,,
03-Jul-2019,68.33,-0.27,-0.40%,,,,
02-Jul-2019,68.60,+2.07,+3.11%,,,,
01-Jul-2019,66.53,-3.90,-5.54%,,,,
28-Jun-2019,70.43,+0.52,+0.74%,,,,
27-Jun-2019,69.92,-3.82,-5.18%,,,,
26-Jun-2019,73.73,-0.49,-0.66%,,,,
25-Jun-2019,74.22,+0.46,+0.63%,,,,
24-Jun-2019,73.76,-0.87,-1.16%,,,,
21-Jun-2019,74.63,+2.26,+3.12%,,,,
20-Jun-2019,72.37,+1.00,+1.40%,,,,
19-Jun-2019,71.37,-5.37,-7.00%,,,,
18-Jun-2019,76.74,-0.14,-0.18%,,,,
17-Jun-2019,76.88,-3.95,-4.88%,,,,
14-Jun-2019,80.82,+5.08,+6.71%,,,,
13-Jun-2019,75.74,+7.31,+10.69%,,,,
12-Jun-2019,68.43,+3.50,+5.39%,,,,
11-Jun-2019,64.93,-0.69,-1.06%,,,,
10-Jun-2019,65.62,-3.07,-4.47%,,,,
07-Jun-2019,68.69,-4.73,-6.44%,,,,
06-Jun-2019,73.42,-4.22,-5.44%,,,,
05-Jun-2019,77.64,+2.38,+3.16%,,,,
04-Jun-2019,75.26,+1.70,+2.31%,,,,
03-Jun-2019,73.56,+0.88,+1.21%,,,,
31-May-2019,72.68,+10.94,+17.72%,,,,
30-May-2019,61.74,-1.41,-2.24%,,,,
29-May-2019,63.16,+1.39,+2.25%,,,,
28-May-2019,61.77,+1.23,+2.03%,,,,
24-May-2019,60.54,-0.53,-0.86%,,,,
23-May-2019,61.07,+6.11,+11.11%,,,,
22-May-2019,54.96,-0.39,-0.70%,,,,
21-May-2019,55.35,-1.20,-2.13%,,,,
20-May-2019,56.55,-0.42,-0.74%,,,,
17-May-2019,56.97,-0.00,-0.00%,,,,
16-May-2019,56.98,-0.43,-0.74%,,,,
15-May-2019,57.40,+2.05,+3.71%,,,,
14-May-2019,55.35,-2.55,-4.40%,,,,
13-May-2019,57.89,+4.40,+8.23%,,,,
10-May-2019,53.49,-1.23,-2.25%,,,,
09-May-2019,54.72,+3.41,+6.66%,,,,
08-May-2019,51.31,-1.05,-2.01%,,,,
07-May-2019,52.36,+4.54,+9.50%,,,,
06-May-2019,47.82,+2.04,+4.45%,,,,
03-May-2019,45.78,-0.93,-2.00%,,,,
02-May-2019,46.72,-0.03,-0.06%,,,,
01-May-2019,46.75,-2.73,-5.51%,,,,
30-Apr-2019,49.47,+1.42,+2.95%,,,,
29-Apr-2019,48.05,-1.38,-2.78%,,,,
26-Apr-2019,49.43,-0.36,-0.72%,,,,
25-Apr-2019,49.79,-0.74,-1.46%,,,,
24-Apr-2019,50.52,+0.74,+1.48%,,,,
23-Apr-2019,49.79,+1.01,+2.06%,,,,
22-Apr-2019,48.78,-0.45,-0.91%,,,,
18-Apr-2019,49.23,+0.58,+1.18%,,,,
17-Apr-2019,48.65,+0.34,+0.70%,,,,
16-Apr-2019,48.31,+0.67,+1.41%,,,,
15-Apr-2019,47.64,-1.21,-2.47%,,,,
12-Apr-2019,48.84,+1.94,+4.14%,,,,
11-Apr-2019,46.90,-1.70,-3.50%,,,,
10-Apr-2019,48.60,-0.23,-0.47%,,,,
09-Apr-2019,48.83,+0.94,+1.96%,,,,
08-Apr-2019,47.89,-1.33,-2.69%,,,,
05-Apr-2019,49.22,-2.48,-4.79%,,,,
04-Apr-2019,51.70,-2.14,-3.98%,,,,
03-Apr-2019,53.84,-0.37,-0.67%,,,,
02-Apr-2019,54.21,+1.52,+2.88%,,,,
01-Apr-2019,52.69,-5.86,-10.01%,,,,
29-Mar-2019,58.55,-1.38,-2.30%,,,,
28-Mar-2019,59.93,-1.05,-1.72%,,,,
27-Mar-2019,60.97,+4.46,+7.89%,,,,
26-Mar-2019,56.51,-0.59,-1.04%,,,,
25-Mar-2019,57.11,+4.85,+9.28%,,,,
22-Mar-2019,52.26,+7.74,+17.40%,,,,
21-Mar-2019,44.51,+1.98,+4.66%,,,,
20-Mar-2019,42.53,-1.15,-2.62%,,,,
19-Mar-2019,43.68,-1.27,-2.83%,,,,
18-Mar-2019,44.95,-1.11,-2.40%,,,,
15-Mar-2019,46.05,+0.82,+1.80%,,,,
14-Mar-2019,45.24,+0.67,+1.50%,,,,
13-Mar-2019,44.57,-0.29,-0.65%,,,,
12-Mar-2019,44.86,+0.02,+0.04%,,,,
11-Mar-2019,44.84,-0.98,-2.14%,,,,
08-Mar-2019,45.83,-0.01,-0.01%,,,,
07-Mar-2019,45.83,+0.20,+0.43%,,,,
06-Mar-2019,45.63,-0.22,-0.49%,,,,
05-Mar-2019,45.86,-0.89,-1.89%,,,,
04-Mar-2019,46.74,-1.16,-2.43%,,,,
01-Mar-2019,47.90,+0.69,+1.45%,,,,
28-Feb-2019,47.22,+0.93,+2.02%,,,,
26-Feb-2019,46.28,+0.12,+0.27%,,,,
25-Feb-2019,46.16,-1.06,-2.24%,,,,
22-Feb-2019,47.22,+0.67,+1.44%,,,,
21-Feb-2019,46.55,+2.00,+4.50%,,,,
20-Feb-2019,44.54,-0.52,-1.15%,,,,
19-Feb-2019,45.06,-0.67,-1.47%,,,,
15-Feb-2019,45.73,-1.45,-3.08%,,,,
14-Feb-2019,47.19,-0.98,-2.04%,,,,
13-Feb-2019,48.17,-0.86,-1.75%,,,,
12-Feb-2019,49.02,+0.70,+1.46%,,,,
11-Feb-2019,48.32,-1.31,-2.64%,,,,
08-Feb-2019,49.63,+0.66,+1.34%,,,,
07-Feb-2019,48.97,+1.53,+3.23%,,,,
06-Feb-2019,47.44,-1.18,-2.43%,,,,
05-Feb-2019,48.62,-0.25,-0.52%,,,,
04-Feb-2019,48.87,+0.09,+0.17%,,,,
01-Feb-2019,48.79,-1.02,-2.05%,,,,
31-Jan-2019,49.81,+1.49,+3.09%,,,,
30-Jan-2019,48.32,-1.48,-2.98%,,,,
29-Jan-2019,49.80,-1.15,-2.26%,,,,
28-Jan-2019,50.95,-1.54,-2.94%,,,,
25-Jan-2019,52.50,-1.68,-3.11%,,,,
24-Jan-2019,54.18,-0.02,-0.03%,,,,
23-Jan-2019,54.19,-0.45,-0.82%,,,,
22-Jan-2019,54.64,+0.86,+1.60%,,,,
18-Jan-2019,53.78,+0.34,+0.64%,,,,
17-Jan-2019,53.44,+1.49,+2.87%,,,,
16-Jan-2019,51.95,-1.06,-2.00%,,,,
15-Jan-2019,53.01,-2.33,-4.21%,,,,
14-Jan-2019,55.34,-0.60,-1.08%,,,,
11-Jan-2019,55.94,-0.71,-1.25%,,,,
10-Jan-2019,56.65,-0.37,-0.65%,,,,
09-Jan-2019,57.02,-2.03,-3.43%,,,,
08-Jan-2019,59.05,-1.84,-3.01%,,,,
07-Jan-2019,60.88,-4.94,-7.51%,,,,
04-Jan-2019,65.82,+0.04,+0.05%,,,,
03-Jan-2019,65.79,+2.98,+4.75%,,,,
02-Jan-2019,62.80,,,,,,