US Dollar 5 Year Fed Funds Overnight Index Swap | Price History                                          16-Apr-2026 00:40,,,,
,,,,
,,,,
USDOIS5Y=PYNY,,,,
Interval: Daily,,,,
History Period: 01-Jan-2019 - 15-Apr-2026,,,,
,,,,
,,,,
USDOIS5Y=PYNY Statistics     Daily     01-Jan-2019 - 15-Apr-2026,,,,
Price,,,Up/Down,
High,4.632,19-Oct-2023,Up,959
Low,0.005,04-Aug-2020,Down,893
Avg (Close),2.407,,Unch,26
Avg (High-Low),2.319,,,
,,,,
,,,,
USDOIS5Y=PYNY History     Daily     01-Jan-2019 - 15-Apr-2026,,,,
Date,Exchange Date,Bid,Ask,
15-Apr-2026,15-Apr-2026,3.517,3.567,
14-Apr-2026,14-Apr-2026,3.485,3.535,
13-Apr-2026,13-Apr-2026,3.524,3.574,
10-Apr-2026,10-Apr-2026,3.545,3.595,
09-Apr-2026,09-Apr-2026,3.508,3.558,
08-Apr-2026,08-Apr-2026,3.528,3.578,
07-Apr-2026,07-Apr-2026,3.530,3.580,
06-Apr-2026,06-Apr-2026,3.580,3.630,
03-Apr-2026,03-Apr-2026,3.586,3.636,
02-Apr-2026,02-Apr-2026,3.550,3.600,
01-Apr-2026,01-Apr-2026,3.553,3.603,
31-Mar-2026,31-Mar-2026,3.540,3.590,
30-Mar-2026,30-Mar-2026,3.569,3.619,
27-Mar-2026,27-Mar-2026,3.645,3.695,
26-Mar-2026,26-Mar-2026,3.669,3.719,
25-Mar-2026,25-Mar-2026,3.576,3.626,
24-Mar-2026,24-Mar-2026,3.595,3.645,
23-Mar-2026,23-Mar-2026,3.578,3.628,
20-Mar-2026,20-Mar-2026,3.602,3.652,
19-Mar-2026,19-Mar-2026,3.491,3.541,
18-Mar-2026,18-Mar-2026,3.471,3.521,
17-Mar-2026,17-Mar-2026,3.395,3.445,
16-Mar-2026,16-Mar-2026,3.397,3.447,
13-Mar-2026,13-Mar-2026,3.440,3.490,
12-Mar-2026,12-Mar-2026,3.462,3.512,
11-Mar-2026,11-Mar-2026,3.401,3.451,
10-Mar-2026,10-Mar-2026,3.355,3.405,
09-Mar-2026,09-Mar-2026,3.306,3.356,
06-Mar-2026,06-Mar-2026,3.325,3.375,
05-Mar-2026,05-Mar-2026,3.336,3.386,
04-Mar-2026,04-Mar-2026,3.304,3.354,
03-Mar-2026,03-Mar-2026,3.264,3.314,
02-Mar-2026,02-Mar-2026,3.238,3.288,
27-Feb-2026,27-Feb-2026,3.145,3.195,
26-Feb-2026,26-Feb-2026,3.213,3.263,
25-Feb-2026,25-Feb-2026,3.250,3.300,
24-Feb-2026,24-Feb-2026,3.214,3.264,
20-Feb-2026,20-Feb-2026,3.270,3.320,
19-Feb-2026,19-Feb-2026,3.272,3.322,
18-Feb-2026,18-Feb-2026,3.283,3.333,
17-Feb-2026,17-Feb-2026,3.256,3.306,
16-Feb-2026,16-Feb-2026,3.244,3.294,
13-Feb-2026,13-Feb-2026,3.240,3.290,
12-Feb-2026,12-Feb-2026,3.295,3.345,
11-Feb-2026,11-Feb-2026,3.378,3.428,
10-Feb-2026,10-Feb-2026,3.334,3.384,
09-Feb-2026,09-Feb-2026,3.381,3.431,
06-Feb-2026,06-Feb-2026,3.396,3.446,
05-Feb-2026,05-Feb-2026,3.362,3.412,
04-Feb-2026,04-Feb-2026,3.467,3.517,
03-Feb-2026,03-Feb-2026,3.468,3.518,
02-Feb-2026,02-Feb-2026,3.478,3.528,
30-Jan-2026,30-Jan-2026,3.437,3.487,
29-Jan-2026,29-Jan-2026,3.465,3.515,
28-Jan-2026,28-Jan-2026,3.487,3.537,
27-Jan-2026,27-Jan-2026,3.480,3.530,
26-Jan-2026,26-Jan-2026,3.487,3.537,
23-Jan-2026,23-Jan-2026,3.518,3.568,
22-Jan-2026,22-Jan-2026,3.510,3.560,
21-Jan-2026,21-Jan-2026,3.505,3.555,
20-Jan-2026,20-Jan-2026,3.510,3.560,
19-Jan-2026,19-Jan-2026,3.497,3.547,
16-Jan-2026,16-Jan-2026,3.485,3.535,
15-Jan-2026,15-Jan-2026,3.449,3.499,
14-Jan-2026,14-Jan-2026,3.396,3.446,
13-Jan-2026,13-Jan-2026,3.421,3.471,
12-Jan-2026,12-Jan-2026,3.433,3.483,
09-Jan-2026,09-Jan-2026,3.417,3.467,
08-Jan-2026,08-Jan-2026,3.392,3.442,
07-Jan-2026,07-Jan-2026,3.367,3.417,
06-Jan-2026,06-Jan-2026,3.370,3.420,
05-Jan-2026,05-Jan-2026,3.363,3.413,
02-Jan-2026,02-Jan-2026,3.401,3.451,
31-Dec-2025,31-Dec-2025,3.392,3.442,
30-Dec-2025,30-Dec-2025,3.350,3.400,
29-Dec-2025,29-Dec-2025,3.333,3.383,
26-Dec-2025,26-Dec-2025,3.358,3.408,
24-Dec-2025,24-Dec-2025,3.372,3.422,
23-Dec-2025,23-Dec-2025,3.397,3.447,
22-Dec-2025,22-Dec-2025,3.367,3.417,
19-Dec-2025,19-Dec-2025,3.352,3.402,
18-Dec-2025,18-Dec-2025,3.320,3.370,
17-Dec-2025,17-Dec-2025,3.357,3.407,
16-Dec-2025,16-Dec-2025,3.344,3.394,
15-Dec-2025,15-Dec-2025,3.370,3.420,
12-Dec-2025,12-Dec-2025,3.378,3.428,
11-Dec-2025,11-Dec-2025,3.365,3.415,
10-Dec-2025,10-Dec-2025,3.372,3.422,
09-Dec-2025,09-Dec-2025,3.402,3.452,
08-Dec-2025,08-Dec-2025,3.359,3.409,
05-Dec-2025,05-Dec-2025,3.333,3.383,
04-Dec-2025,04-Dec-2025,3.285,3.335,
03-Dec-2025,03-Dec-2025,3.234,3.284,
02-Dec-2025,02-Dec-2025,3.261,3.311,
01-Dec-2025,01-Dec-2025,3.274,3.324,
28-Nov-2025,28-Nov-2025,3.218,3.268,
27-Nov-2025,27-Nov-2025,3.191,3.241,
26-Nov-2025,26-Nov-2025,3.186,3.236,
25-Nov-2025,25-Nov-2025,3.178,3.228,
24-Nov-2025,24-Nov-2025,3.208,3.258,
21-Nov-2025,21-Nov-2025,3.220,3.270,
20-Nov-2025,20-Nov-2025,3.246,3.296,
19-Nov-2025,19-Nov-2025,3.304,3.354,
18-Nov-2025,18-Nov-2025,3.285,3.335,
17-Nov-2025,17-Nov-2025,3.323,3.373,
14-Nov-2025,14-Nov-2025,3.325,3.375,
13-Nov-2025,13-Nov-2025,3.317,3.367,
12-Nov-2025,12-Nov-2025,3.281,3.331,
11-Nov-2025,11-Nov-2025,3.268,3.318,
10-Nov-2025,10-Nov-2025,3.324,3.374,
07-Nov-2025,07-Nov-2025,3.289,3.339,
06-Nov-2025,06-Nov-2025,3.285,3.335,
05-Nov-2025,05-Nov-2025,3.363,3.413,
04-Nov-2025,04-Nov-2025,3.301,3.351,
03-Nov-2025,03-Nov-2025,3.321,3.371,
31-Oct-2025,31-Oct-2025,3.295,3.345,
30-Oct-2025,30-Oct-2025,3.312,3.362,
29-Oct-2025,29-Oct-2025,3.295,3.345,
28-Oct-2025,28-Oct-2025,3.201,3.251,
27-Oct-2025,27-Oct-2025,3.201,3.251,
24-Oct-2025,24-Oct-2025,3.201,3.251,
23-Oct-2025,23-Oct-2025,3.200,3.250,
22-Oct-2025,22-Oct-2025,3.139,3.189,
21-Oct-2025,21-Oct-2025,3.138,3.188,
20-Oct-2025,20-Oct-2025,3.147,3.197,
17-Oct-2025,17-Oct-2025,3.164,3.214,
16-Oct-2025,16-Oct-2025,3.117,3.167,
15-Oct-2025,15-Oct-2025,3.189,3.239,
14-Oct-2025,14-Oct-2025,3.189,3.239,
13-Oct-2025,13-Oct-2025,3.187,3.237,
10-Oct-2025,10-Oct-2025,3.188,3.238,
09-Oct-2025,09-Oct-2025,3.298,3.348,
08-Oct-2025,08-Oct-2025,3.281,3.331,
07-Oct-2025,07-Oct-2025,3.273,3.323,
06-Oct-2025,06-Oct-2025,3.293,3.343,
03-Oct-2025,03-Oct-2025,3.270,3.320,
02-Oct-2025,02-Oct-2025,3.233,3.283,
01-Oct-2025,01-Oct-2025,3.234,3.284,
30-Sep-2025,30-Sep-2025,3.302,3.352,
29-Sep-2025,29-Sep-2025,3.305,3.355,
26-Sep-2025,26-Sep-2025,3.329,3.379,
25-Sep-2025,25-Sep-2025,3.321,3.371,
24-Sep-2025,24-Sep-2025,3.261,3.311,
23-Sep-2025,23-Sep-2025,3.215,3.265,
22-Sep-2025,22-Sep-2025,3.244,3.294,
19-Sep-2025,19-Sep-2025,3.220,3.270,
18-Sep-2025,18-Sep-2025,3.209,3.259,
17-Sep-2025,17-Sep-2025,3.198,3.248,
16-Sep-2025,16-Sep-2025,3.128,3.178,
15-Sep-2025,15-Sep-2025,3.140,3.190,
12-Sep-2025,12-Sep-2025,3.163,3.213,
11-Sep-2025,11-Sep-2025,3.132,3.182,
10-Sep-2025,10-Sep-2025,3.137,3.187,
09-Sep-2025,09-Sep-2025,3.159,3.209,
08-Sep-2025,08-Sep-2025,3.101,3.151,
05-Sep-2025,05-Sep-2025,3.131,3.181,
04-Sep-2025,04-Sep-2025,3.194,3.244,
03-Sep-2025,03-Sep-2025,3.243,3.293,
02-Sep-2025,02-Sep-2025,3.268,3.318,
01-Sep-2025,01-Sep-2025,3.262,3.312,
29-Aug-2025,29-Aug-2025,3.246,3.296,
28-Aug-2025,28-Aug-2025,3.239,3.289,
27-Aug-2025,27-Aug-2025,3.243,3.293,
26-Aug-2025,26-Aug-2025,3.284,3.334,
25-Aug-2025,25-Aug-2025,3.333,3.383,
22-Aug-2025,22-Aug-2025,3.313,3.363,
21-Aug-2025,21-Aug-2025,3.409,3.459,
20-Aug-2025,20-Aug-2025,3.368,3.418,
19-Aug-2025,19-Aug-2025,3.381,3.431,
18-Aug-2025,18-Aug-2025,3.406,3.456,
15-Aug-2025,15-Aug-2025,3.396,3.446,
14-Aug-2025,14-Aug-2025,3.373,3.423,
13-Aug-2025,13-Aug-2025,3.318,3.368,
12-Aug-2025,12-Aug-2025,3.373,3.423,
11-Aug-2025,11-Aug-2025,3.392,3.442,
08-Aug-2025,08-Aug-2025,3.389,3.439,
07-Aug-2025,07-Aug-2025,3.349,3.399,
06-Aug-2025,06-Aug-2025,3.337,3.387,
05-Aug-2025,05-Aug-2025,3.336,3.386,
04-Aug-2025,04-Aug-2025,3.297,3.347,
01-Aug-2025,01-Aug-2025,3.323,3.373,
31-Jul-2025,31-Jul-2025,3.525,3.575,
30-Jul-2025,30-Jul-2025,3.513,3.563,
29-Jul-2025,29-Jul-2025,3.453,3.503,
28-Jul-2025,28-Jul-2025,3.519,3.569,
25-Jul-2025,25-Jul-2025,3.512,3.562,
24-Jul-2025,24-Jul-2025,3.510,3.560,
23-Jul-2025,23-Jul-2025,3.477,3.527,
22-Jul-2025,22-Jul-2025,3.436,3.486,
21-Jul-2025,21-Jul-2025,3.468,3.518,
18-Jul-2025,18-Jul-2025,3.496,3.546,
17-Jul-2025,17-Jul-2025,3.532,3.582,
16-Jul-2025,16-Jul-2025,3.529,3.579,
15-Jul-2025,15-Jul-2025,3.573,3.623,
14-Jul-2025,14-Jul-2025,3.523,3.573,
11-Jul-2025,11-Jul-2025,3.506,3.556,
10-Jul-2025,10-Jul-2025,3.471,3.521,
09-Jul-2025,09-Jul-2025,3.448,3.498,
08-Jul-2025,08-Jul-2025,3.508,3.558,
07-Jul-2025,07-Jul-2025,3.489,3.539,
04-Jul-2025,04-Jul-2025,3.453,3.503,
03-Jul-2025,03-Jul-2025,3.471,3.521,
02-Jul-2025,02-Jul-2025,3.410,3.460,
01-Jul-2025,01-Jul-2025,3.389,3.439,
30-Jun-2025,30-Jun-2025,3.351,3.401,
27-Jun-2025,27-Jun-2025,3.386,3.436,
26-Jun-2025,26-Jun-2025,3.351,3.401,
25-Jun-2025,25-Jun-2025,3.416,3.466,
24-Jun-2025,24-Jun-2025,3.430,3.480,
23-Jun-2025,23-Jun-2025,3.484,3.534,
20-Jun-2025,20-Jun-2025,3.533,3.583,
19-Jun-2025,19-Jun-2025,3.543,3.593,
18-Jun-2025,18-Jun-2025,3.558,3.608,
17-Jun-2025,17-Jun-2025,3.559,3.609,
16-Jun-2025,16-Jun-2025,3.604,3.654,
13-Jun-2025,13-Jun-2025,3.567,3.617,
12-Jun-2025,12-Jun-2025,3.550,3.600,
11-Jun-2025,11-Jun-2025,3.600,3.650,
10-Jun-2025,10-Jun-2025,3.662,3.712,
09-Jun-2025,09-Jun-2025,3.658,3.708,
06-Jun-2025,06-Jun-2025,3.689,3.739,
05-Jun-2025,05-Jun-2025,3.570,3.620,
04-Jun-2025,04-Jun-2025,3.510,3.560,
03-Jun-2025,03-Jun-2025,3.599,3.649,
02-Jun-2025,02-Jun-2025,3.575,3.625,
30-May-2025,30-May-2025,3.528,3.578,
29-May-2025,29-May-2025,3.564,3.614,
28-May-2025,28-May-2025,3.614,3.664,
27-May-2025,27-May-2025,3.586,3.636,
26-May-2025,26-May-2025,3.627,3.677,
23-May-2025,23-May-2025,3.629,3.679,
22-May-2025,22-May-2025,3.652,3.702,
21-May-2025,21-May-2025,3.703,3.753,
20-May-2025,20-May-2025,3.633,3.683,
19-May-2025,19-May-2025,3.633,3.683,
16-May-2025,16-May-2025,3.671,3.721,
15-May-2025,15-May-2025,3.632,3.682,
14-May-2025,14-May-2025,3.740,3.790,
13-May-2025,13-May-2025,3.672,3.722,
12-May-2025,12-May-2025,3.689,3.739,
09-May-2025,09-May-2025,3.564,3.614,
08-May-2025,08-May-2025,3.546,3.596,
07-May-2025,07-May-2025,3.422,3.472,
06-May-2025,06-May-2025,3.437,3.487,
05-May-2025,05-May-2025,3.488,3.538,
02-May-2025,02-May-2025,3.468,3.518,
01-May-2025,01-May-2025,3.361,3.411,
30-Apr-2025,30-Apr-2025,3.284,3.334,
29-Apr-2025,29-Apr-2025,3.322,3.372,
28-Apr-2025,28-Apr-2025,3.375,3.425,
25-Apr-2025,25-Apr-2025,3.416,3.466,
24-Apr-2025,24-Apr-2025,3.491,3.541,
23-Apr-2025,23-Apr-2025,3.565,3.615,
22-Apr-2025,22-Apr-2025,3.520,3.570,
21-Apr-2025,21-Apr-2025,3.488,3.538,
17-Apr-2025,17-Apr-2025,3.486,3.536,
16-Apr-2025,16-Apr-2025,3.455,3.505,
15-Apr-2025,15-Apr-2025,3.534,3.584,
14-Apr-2025,14-Apr-2025,3.569,3.619,
11-Apr-2025,11-Apr-2025,3.677,3.727,
10-Apr-2025,10-Apr-2025,3.574,3.624,
09-Apr-2025,09-Apr-2025,3.592,3.642,
08-Apr-2025,08-Apr-2025,3.385,3.435,
07-Apr-2025,07-Apr-2025,3.406,3.456,
04-Apr-2025,04-Apr-2025,3.286,3.336,
03-Apr-2025,03-Apr-2025,3.331,3.381,
02-Apr-2025,02-Apr-2025,3.504,3.554,
01-Apr-2025,01-Apr-2025,3.550,3.600,
31-Mar-2025,31-Mar-2025,3.569,3.619,
28-Mar-2025,28-Mar-2025,3.597,3.647,
27-Mar-2025,27-Mar-2025,3.706,3.756,
26-Mar-2025,26-Mar-2025,3.715,3.765,
25-Mar-2025,25-Mar-2025,3.697,3.747,
24-Mar-2025,24-Mar-2025,3.722,3.772,
21-Mar-2025,21-Mar-2025,3.637,3.687,
20-Mar-2025,20-Mar-2025,3.647,3.697,
19-Mar-2025,19-Mar-2025,3.665,3.715,
18-Mar-2025,18-Mar-2025,3.714,3.764,
17-Mar-2025,17-Mar-2025,3.737,3.787,
14-Mar-2025,14-Mar-2025,3.731,3.781,
13-Mar-2025,13-Mar-2025,3.667,3.717,
12-Mar-2025,12-Mar-2025,3.702,3.752,
11-Mar-2025,11-Mar-2025,3.657,3.707,
10-Mar-2025,10-Mar-2025,3.583,3.633,
07-Mar-2025,07-Mar-2025,3.715,3.765,
06-Mar-2025,06-Mar-2025,3.690,3.740,
05-Mar-2025,05-Mar-2025,3.715,3.765,
04-Mar-2025,04-Mar-2025,3.672,3.722,
03-Mar-2025,03-Mar-2025,3.616,3.666,
28-Feb-2025,28-Feb-2025,3.650,3.700,
27-Feb-2025,27-Feb-2025,3.721,3.771,
26-Feb-2025,26-Feb-2025,3.716,3.766,
25-Feb-2025,25-Feb-2025,3.765,3.815,
24-Feb-2025,24-Feb-2025,3.876,3.926,
21-Feb-2025,21-Feb-2025,3.916,3.966,
20-Feb-2025,20-Feb-2025,3.997,4.047,
19-Feb-2025,19-Feb-2025,4.020,4.070,
18-Feb-2025,18-Feb-2025,4.047,4.097,
17-Feb-2025,17-Feb-2025,3.981,4.031,
14-Feb-2025,14-Feb-2025,3.981,4.031,
13-Feb-2025,13-Feb-2025,4.053,4.103,
12-Feb-2025,12-Feb-2025,4.129,4.179,
11-Feb-2025,11-Feb-2025,4.017,4.067,
10-Feb-2025,10-Feb-2025,3.989,4.039,
07-Feb-2025,07-Feb-2025,3.995,4.045,
06-Feb-2025,06-Feb-2025,3.923,3.973,
05-Feb-2025,05-Feb-2025,3.889,3.939,
04-Feb-2025,04-Feb-2025,3.959,4.009,
03-Feb-2025,03-Feb-2025,3.995,4.045,
31-Jan-2025,31-Jan-2025,3.967,4.017,
30-Jan-2025,30-Jan-2025,3.961,4.011,
29-Jan-2025,29-Jan-2025,3.968,4.018,
28-Jan-2025,28-Jan-2025,3.960,4.010,
27-Jan-2025,27-Jan-2025,3.953,4.003,
24-Jan-2025,24-Jan-2025,4.046,4.096,
23-Jan-2025,23-Jan-2025,4.066,4.116,
22-Jan-2025,22-Jan-2025,4.059,4.109,
21-Jan-2025,21-Jan-2025,4.027,4.077,
20-Jan-2025,20-Jan-2025,4.036,4.086,
17-Jan-2025,17-Jan-2025,4.065,4.115,
16-Jan-2025,16-Jan-2025,4.037,4.087,
15-Jan-2025,15-Jan-2025,4.075,4.125,
14-Jan-2025,14-Jan-2025,4.213,4.263,
13-Jan-2025,13-Jan-2025,4.222,4.272,
10-Jan-2025,10-Jan-2025,4.187,4.237,
09-Jan-2025,09-Jan-2025,4.066,4.116,
08-Jan-2025,08-Jan-2025,4.078,4.128,
07-Jan-2025,07-Jan-2025,4.085,4.135,
06-Jan-2025,06-Jan-2025,4.036,4.086,
03-Jan-2025,03-Jan-2025,4.007,4.057,
02-Jan-2025,02-Jan-2025,3.969,4.019,
31-Dec-2024,31-Dec-2024,3.981,4.031,
30-Dec-2024,30-Dec-2024,3.955,4.005,
27-Dec-2024,27-Dec-2024,4.047,4.097,
26-Dec-2024,26-Dec-2024,4.010,4.060,
24-Dec-2024,24-Dec-2024,4.026,4.076,
23-Dec-2024,23-Dec-2024,4.028,4.078,
20-Dec-2024,20-Dec-2024,3.980,4.030,
19-Dec-2024,19-Dec-2024,4.013,4.063,
18-Dec-2024,18-Dec-2024,3.982,4.032,
17-Dec-2024,17-Dec-2024,3.851,3.901,
16-Dec-2024,16-Dec-2024,3.850,3.900,
13-Dec-2024,13-Dec-2024,3.838,3.888,
12-Dec-2024,12-Dec-2024,3.775,3.825,
11-Dec-2024,11-Dec-2024,3.722,3.772,
10-Dec-2024,10-Dec-2024,3.683,3.733,
09-Dec-2024,09-Dec-2024,3.656,3.706,
06-Dec-2024,06-Dec-2024,3.618,3.668,
05-Dec-2024,05-Dec-2024,3.666,3.716,
04-Dec-2024,04-Dec-2024,3.667,3.717,
03-Dec-2024,03-Dec-2024,3.702,3.752,
02-Dec-2024,02-Dec-2024,3.688,3.738,
29-Nov-2024,29-Nov-2024,3.680,3.730,
28-Nov-2024,28-Nov-2024,3.729,3.779,
27-Nov-2024,27-Nov-2024,3.728,3.778,
26-Nov-2024,26-Nov-2024,3.780,3.830,
25-Nov-2024,25-Nov-2024,3.750,3.800,
22-Nov-2024,22-Nov-2024,3.863,3.913,
21-Nov-2024,21-Nov-2024,3.865,3.915,
20-Nov-2024,20-Nov-2024,3.843,3.893,
19-Nov-2024,19-Nov-2024,3.821,3.871,
18-Nov-2024,18-Nov-2024,3.834,3.884,
15-Nov-2024,15-Nov-2024,3.854,3.904,
14-Nov-2024,14-Nov-2024,3.887,3.937,
13-Nov-2024,13-Nov-2024,3.844,3.894,
12-Nov-2024,12-Nov-2024,3.862,3.912,
11-Nov-2024,11-Nov-2024,3.813,3.863,
08-Nov-2024,08-Nov-2024,3.765,3.815,
07-Nov-2024,07-Nov-2024,3.746,3.796,
06-Nov-2024,06-Nov-2024,3.836,3.886,
05-Nov-2024,05-Nov-2024,3.699,3.749,
04-Nov-2024,04-Nov-2024,3.693,3.743,
01-Nov-2024,01-Nov-2024,3.756,3.806,
31-Oct-2024,31-Oct-2024,3.697,3.747,
30-Oct-2024,30-Oct-2024,3.715,3.765,
29-Oct-2024,29-Oct-2024,3.633,3.683,
28-Oct-2024,28-Oct-2024,3.675,3.725,
25-Oct-2024,25-Oct-2024,3.633,3.683,
24-Oct-2024,24-Oct-2024,3.610,3.660,
23-Oct-2024,23-Oct-2024,3.640,3.690,
22-Oct-2024,22-Oct-2024,3.592,3.642,
21-Oct-2024,21-Oct-2024,3.575,3.625,
18-Oct-2024,18-Oct-2024,3.467,3.517,
17-Oct-2024,17-Oct-2024,3.481,3.531,
16-Oct-2024,16-Oct-2024,3.429,3.479,
15-Oct-2024,15-Oct-2024,3.438,3.488,
14-Oct-2024,14-Oct-2024,3.494,3.544,
11-Oct-2024,11-Oct-2024,3.482,3.532,
10-Oct-2024,10-Oct-2024,3.469,3.519,
09-Oct-2024,09-Oct-2024,3.509,3.559,
08-Oct-2024,08-Oct-2024,3.437,3.487,
07-Oct-2024,07-Oct-2024,3.459,3.509,
04-Oct-2024,04-Oct-2024,3.395,3.445,
03-Oct-2024,03-Oct-2024,3.216,3.266,
02-Oct-2024,02-Oct-2024,3.149,3.199,
01-Oct-2024,01-Oct-2024,3.102,3.152,
30-Sep-2024,30-Sep-2024,3.155,3.205,
27-Sep-2024,27-Sep-2024,3.105,3.155,
26-Sep-2024,26-Sep-2024,3.164,3.214,
25-Sep-2024,25-Sep-2024,3.132,3.182,
24-Sep-2024,24-Sep-2024,3.080,3.130,
23-Sep-2024,23-Sep-2024,3.121,3.171,
20-Sep-2024,20-Sep-2024,3.114,3.164,
19-Sep-2024,19-Sep-2024,3.094,3.144,
18-Sep-2024,18-Sep-2024,3.097,3.147,
17-Sep-2024,17-Sep-2024,3.056,3.106,
16-Sep-2024,16-Sep-2024,3.015,3.065,
13-Sep-2024,13-Sep-2024,3.037,3.087,
12-Sep-2024,12-Sep-2024,3.062,3.112,
11-Sep-2024,11-Sep-2024,3.045,3.095,
10-Sep-2024,10-Sep-2024,3.023,3.073,
09-Sep-2024,09-Sep-2024,3.083,3.133,
06-Sep-2024,06-Sep-2024,3.085,3.135,
05-Sep-2024,05-Sep-2024,3.144,3.194,
04-Sep-2024,04-Sep-2024,3.160,3.210,
03-Sep-2024,03-Sep-2024,3.246,3.296,
02-Sep-2024,02-Sep-2024,3.325,3.375,
30-Aug-2024,30-Aug-2024,3.308,3.358,
29-Aug-2024,29-Aug-2024,3.280,3.330,
28-Aug-2024,28-Aug-2024,3.264,3.314,
27-Aug-2024,27-Aug-2024,3.255,3.305,
26-Aug-2024,26-Aug-2024,3.273,3.323,
23-Aug-2024,23-Aug-2024,3.262,3.312,
22-Aug-2024,22-Aug-2024,3.338,3.388,
21-Aug-2024,21-Aug-2024,3.282,3.332,
20-Aug-2024,20-Aug-2024,3.308,3.358,
19-Aug-2024,19-Aug-2024,3.379,3.429,
16-Aug-2024,16-Aug-2024,3.380,3.430,
15-Aug-2024,15-Aug-2024,3.417,3.467,
14-Aug-2024,14-Aug-2024,3.309,3.359,
13-Aug-2024,13-Aug-2024,3.294,3.344,
12-Aug-2024,12-Aug-2024,3.364,3.414,
09-Aug-2024,09-Aug-2024,3.417,3.467,
08-Aug-2024,08-Aug-2024,3.442,3.492,
07-Aug-2024,07-Aug-2024,3.379,3.429,
06-Aug-2024,06-Aug-2024,3.360,3.410,
05-Aug-2024,05-Aug-2024,3.275,3.325,
02-Aug-2024,02-Aug-2024,3.245,3.295,
01-Aug-2024,01-Aug-2024,3.470,3.520,
31-Jul-2024,31-Jul-2024,3.553,3.603,
30-Jul-2024,30-Jul-2024,3.660,3.710,
29-Jul-2024,29-Jul-2024,3.701,3.751,
26-Jul-2024,26-Jul-2024,3.702,3.752,
25-Jul-2024,25-Jul-2024,3.745,3.795,
24-Jul-2024,24-Jul-2024,3.777,3.827,
23-Jul-2024,23-Jul-2024,3.783,3.833,
22-Jul-2024,22-Jul-2024,3.792,3.842,
19-Jul-2024,19-Jul-2024,3.791,3.841,
18-Jul-2024,18-Jul-2024,3.749,3.799,
17-Jul-2024,17-Jul-2024,3.711,3.761,
16-Jul-2024,16-Jul-2024,3.707,3.757,
15-Jul-2024,15-Jul-2024,3.749,3.799,
12-Jul-2024,12-Jul-2024,3.734,3.784,
11-Jul-2024,11-Jul-2024,3.773,3.823,
10-Jul-2024,10-Jul-2024,3.879,3.929,
09-Jul-2024,09-Jul-2024,3.895,3.945,
08-Jul-2024,08-Jul-2024,3.893,3.943,
05-Jul-2024,05-Jul-2024,3.882,3.932,
04-Jul-2024,04-Jul-2024,3.994,4.044,
03-Jul-2024,03-Jul-2024,3.983,4.033,
02-Jul-2024,02-Jul-2024,4.048,4.098,
01-Jul-2024,01-Jul-2024,4.082,4.132,
28-Jun-2024,28-Jun-2024,4.029,4.079,
27-Jun-2024,27-Jun-2024,3.959,4.009,
26-Jun-2024,26-Jun-2024,3.999,4.049,
25-Jun-2024,25-Jun-2024,3.927,3.977,
24-Jun-2024,24-Jun-2024,3.906,3.956,
21-Jun-2024,21-Jun-2024,3.931,3.981,
20-Jun-2024,20-Jun-2024,3.940,3.990,
19-Jun-2024,19-Jun-2024,3.911,3.961,
18-Jun-2024,18-Jun-2024,3.905,3.955,
17-Jun-2024,17-Jun-2024,3.968,4.018,
14-Jun-2024,14-Jun-2024,3.900,3.950,
13-Jun-2024,13-Jun-2024,3.917,3.967,
12-Jun-2024,12-Jun-2024,4.004,4.054,
11-Jun-2024,11-Jun-2024,4.103,4.153,
10-Jun-2024,10-Jun-2024,4.170,4.220,
07-Jun-2024,07-Jun-2024,4.147,4.197,
06-Jun-2024,06-Jun-2024,3.988,4.038,
05-Jun-2024,05-Jun-2024,3.987,4.037,
04-Jun-2024,04-Jun-2024,4.040,4.090,
03-Jun-2024,03-Jun-2024,4.103,4.153,
31-May-2024,31-May-2024,4.200,4.250,
30-May-2024,30-May-2024,4.261,4.311,
29-May-2024,29-May-2024,4.321,4.371,
28-May-2024,28-May-2024,4.278,4.328,
27-May-2024,27-May-2024,4.210,4.260,
24-May-2024,24-May-2024,4.210,4.260,
23-May-2024,23-May-2024,4.225,4.275,
22-May-2024,22-May-2024,4.163,4.213,
21-May-2024,21-May-2024,4.137,4.187,
20-May-2024,20-May-2024,4.173,4.223,
17-May-2024,17-May-2024,4.151,4.201,
16-May-2024,16-May-2024,4.107,4.157,
15-May-2024,15-May-2024,4.053,4.103,
14-May-2024,14-May-2024,4.164,4.214,
13-May-2024,13-May-2024,4.216,4.266,
10-May-2024,10-May-2024,4.224,4.274,
09-May-2024,09-May-2024,4.180,4.230,
08-May-2024,08-May-2024,4.206,4.256,
07-May-2024,07-May-2024,4.180,4.230,
06-May-2024,06-May-2024,4.192,4.242,
03-May-2024,03-May-2024,4.208,4.258,
02-May-2024,02-May-2024,4.286,4.336,
01-May-2024,01-May-2024,4.365,4.415,
30-Apr-2024,30-Apr-2024,4.429,4.479,
29-Apr-2024,29-Apr-2024,4.355,4.405,
26-Apr-2024,26-Apr-2024,4.400,4.450,
25-Apr-2024,25-Apr-2024,4.425,4.475,
24-Apr-2024,24-Apr-2024,4.354,4.404,
23-Apr-2024,23-Apr-2024,4.322,4.372,
22-Apr-2024,22-Apr-2024,4.344,4.394,
19-Apr-2024,19-Apr-2024,4.363,4.413,
18-Apr-2024,18-Apr-2024,4.366,4.416,
17-Apr-2024,17-Apr-2024,4.312,4.362,
16-Apr-2024,16-Apr-2024,4.388,4.438,
15-Apr-2024,15-Apr-2024,4.316,4.366,
12-Apr-2024,12-Apr-2024,4.252,4.302,
11-Apr-2024,11-Apr-2024,4.327,4.377,
10-Apr-2024,10-Apr-2024,4.304,4.354,
09-Apr-2024,09-Apr-2024,4.081,4.131,
08-Apr-2024,08-Apr-2024,4.134,4.184,
05-Apr-2024,05-Apr-2024,4.098,4.148,
04-Apr-2024,04-Apr-2024,4.007,4.057,
03-Apr-2024,03-Apr-2024,4.032,4.082,
02-Apr-2024,02-Apr-2024,4.046,4.096,
01-Apr-2024,01-Apr-2024,4.031,4.081,
28-Mar-2024,28-Mar-2024,3.932,3.982,
27-Mar-2024,27-Mar-2024,3.906,3.956,
26-Mar-2024,26-Mar-2024,3.940,3.990,
25-Mar-2024,25-Mar-2024,3.947,3.997,
22-Mar-2024,22-Mar-2024,3.898,3.948,
21-Mar-2024,21-Mar-2024,3.967,4.017,
20-Mar-2024,20-Mar-2024,3.955,4.005,
19-Mar-2024,19-Mar-2024,3.999,4.049,
18-Mar-2024,18-Mar-2024,4.039,4.089,
15-Mar-2024,15-Mar-2024,4.030,4.080,
14-Mar-2024,14-Mar-2024,3.990,4.040,
13-Mar-2024,13-Mar-2024,3.894,3.944,
12-Mar-2024,12-Mar-2024,3.853,3.903,
11-Mar-2024,11-Mar-2024,3.794,3.844,
08-Mar-2024,08-Mar-2024,3.761,3.811,
07-Mar-2024,07-Mar-2024,3.782,3.832,
06-Mar-2024,06-Mar-2024,3.825,3.875,
05-Mar-2024,05-Mar-2024,3.838,3.888,
04-Mar-2024,04-Mar-2024,3.906,3.956,
01-Mar-2024,01-Mar-2024,3.862,3.912,
29-Feb-2024,29-Feb-2024,3.944,3.994,
28-Feb-2024,28-Feb-2024,3.950,4.000,
27-Feb-2024,27-Feb-2024,3.990,4.040,
26-Feb-2024,26-Feb-2024,3.973,4.023,
23-Feb-2024,23-Feb-2024,3.949,3.999,
22-Feb-2024,22-Feb-2024,4.012,4.062,
21-Feb-2024,21-Feb-2024,3.991,4.041,
20-Feb-2024,20-Feb-2024,3.942,3.992,
19-Feb-2024,19-Feb-2024,3.991,4.041,
16-Feb-2024,16-Feb-2024,3.965,4.015,
15-Feb-2024,15-Feb-2024,3.919,3.969,
14-Feb-2024,14-Feb-2024,3.941,3.991,
13-Feb-2024,13-Feb-2024,4.015,4.065,
12-Feb-2024,12-Feb-2024,3.812,3.862,
09-Feb-2024,09-Feb-2024,3.823,3.873,
08-Feb-2024,08-Feb-2024,3.791,3.841,
07-Feb-2024,07-Feb-2024,3.750,3.800,
06-Feb-2024,06-Feb-2024,3.715,3.765,
05-Feb-2024,05-Feb-2024,3.809,3.859,
02-Feb-2024,02-Feb-2024,3.678,3.728,
01-Feb-2024,01-Feb-2024,3.503,3.553,
31-Jan-2024,31-Jan-2024,3.530,3.580,
30-Jan-2024,30-Jan-2024,3.660,3.710,
29-Jan-2024,29-Jan-2024,3.667,3.717,
26-Jan-2024,26-Jan-2024,3.714,3.764,
25-Jan-2024,25-Jan-2024,3.677,3.727,
24-Jan-2024,24-Jan-2024,3.752,3.802,
23-Jan-2024,23-Jan-2024,3.710,3.760,
22-Jan-2024,22-Jan-2024,3.700,3.750,
19-Jan-2024,19-Jan-2024,3.717,3.767,
18-Jan-2024,18-Jan-2024,3.701,3.751,
17-Jan-2024,17-Jan-2024,3.684,3.734,
16-Jan-2024,16-Jan-2024,3.580,3.630,
15-Jan-2024,15-Jan-2024,3.508,3.558,
12-Jan-2024,12-Jan-2024,3.484,3.534,
11-Jan-2024,11-Jan-2024,3.533,3.583,
10-Jan-2024,10-Jan-2024,3.624,3.674,
09-Jan-2024,09-Jan-2024,3.643,3.693,
08-Jan-2024,08-Jan-2024,3.641,3.691,
05-Jan-2024,05-Jan-2024,3.654,3.704,
04-Jan-2024,04-Jan-2024,3.613,3.663,
03-Jan-2024,03-Jan-2024,3.522,3.572,
02-Jan-2024,02-Jan-2024,3.525,3.575,
29-Dec-2023,29-Dec-2023,3.462,3.512,
28-Dec-2023,28-Dec-2023,3.452,3.502,
27-Dec-2023,27-Dec-2023,3.416,3.466,
26-Dec-2023,26-Dec-2023,3.511,3.561,
22-Dec-2023,22-Dec-2023,3.494,3.544,
21-Dec-2023,21-Dec-2023,3.507,3.557,
20-Dec-2023,20-Dec-2023,3.495,3.545,
19-Dec-2023,19-Dec-2023,3.591,3.641,
18-Dec-2023,18-Dec-2023,3.599,3.649,
15-Dec-2023,15-Dec-2023,3.571,3.621,
14-Dec-2023,14-Dec-2023,3.555,3.605,
13-Dec-2023,13-Dec-2023,3.638,3.688,
12-Dec-2023,12-Dec-2023,3.861,3.911,
11-Dec-2023,11-Dec-2023,3.884,3.934,
08-Dec-2023,08-Dec-2023,3.879,3.929,
07-Dec-2023,07-Dec-2023,3.762,3.812,
06-Dec-2023,06-Dec-2023,3.747,3.797,
05-Dec-2023,05-Dec-2023,3.780,3.830,
04-Dec-2023,04-Dec-2023,3.840,3.890,
01-Dec-2023,01-Dec-2023,3.794,3.844,
30-Nov-2023,30-Nov-2023,3.929,3.979,
29-Nov-2023,29-Nov-2023,3.869,3.919,
28-Nov-2023,28-Nov-2023,3.948,3.998,
27-Nov-2023,27-Nov-2023,4.055,4.105,
24-Nov-2023,24-Nov-2023,4.134,4.184,
23-Nov-2023,23-Nov-2023,4.125,4.175,
22-Nov-2023,22-Nov-2023,4.076,4.126,
21-Nov-2023,21-Nov-2023,4.063,4.113,
20-Nov-2023,20-Nov-2023,4.086,4.136,
17-Nov-2023,17-Nov-2023,4.102,4.152,
16-Nov-2023,16-Nov-2023,4.078,4.128,
15-Nov-2023,15-Nov-2023,4.178,4.228,
14-Nov-2023,14-Nov-2023,4.093,4.143,
13-Nov-2023,13-Nov-2023,4.308,4.358,
10-Nov-2023,10-Nov-2023,4.310,4.360,
09-Nov-2023,09-Nov-2023,4.298,4.348,
08-Nov-2023,08-Nov-2023,4.170,4.220,
07-Nov-2023,07-Nov-2023,4.191,4.241,
06-Nov-2023,06-Nov-2023,4.256,4.306,
03-Nov-2023,03-Nov-2023,4.170,4.220,
02-Nov-2023,02-Nov-2023,4.310,4.360,
01-Nov-2023,01-Nov-2023,4.308,4.358,
31-Oct-2023,31-Oct-2023,4.501,4.551,
30-Oct-2023,30-Oct-2023,4.472,4.522,
27-Oct-2023,27-Oct-2023,4.420,4.470,
26-Oct-2023,26-Oct-2023,4.468,4.518,
25-Oct-2023,25-Oct-2023,4.582,4.632,
24-Oct-2023,24-Oct-2023,4.490,4.540,
23-Oct-2023,23-Oct-2023,4.465,4.515,
20-Oct-2023,20-Oct-2023,4.532,4.582,
19-Oct-2023,19-Oct-2023,4.632,4.682,
18-Oct-2023,18-Oct-2023,4.611,4.661,
17-Oct-2023,17-Oct-2023,4.551,4.601,
16-Oct-2023,16-Oct-2023,4.402,4.452,
13-Oct-2023,13-Oct-2023,4.335,4.385,
12-Oct-2023,12-Oct-2023,4.385,4.435,
11-Oct-2023,11-Oct-2023,4.269,4.319,
10-Oct-2023,10-Oct-2023,4.306,4.356,
09-Oct-2023,09-Oct-2023,4.274,4.324,
06-Oct-2023,06-Oct-2023,4.443,4.493,
05-Oct-2023,05-Oct-2023,4.380,4.430,
04-Oct-2023,04-Oct-2023,4.423,4.473,
03-Oct-2023,03-Oct-2023,4.491,4.541,
02-Oct-2023,02-Oct-2023,4.405,4.455,
29-Sep-2023,29-Sep-2023,4.307,4.357,
28-Sep-2023,28-Sep-2023,4.324,4.374,
27-Sep-2023,27-Sep-2023,4.385,4.435,
26-Sep-2023,26-Sep-2023,4.311,4.361,
25-Sep-2023,25-Sep-2023,4.328,4.378,
22-Sep-2023,22-Sep-2023,4.276,4.326,
21-Sep-2023,21-Sep-2023,4.331,4.381,
20-Sep-2023,20-Sep-2023,4.294,4.344,
19-Sep-2023,19-Sep-2023,4.231,4.281,
18-Sep-2023,18-Sep-2023,4.169,4.219,
15-Sep-2023,15-Sep-2023,4.183,4.233,
14-Sep-2023,14-Sep-2023,4.141,4.191,
13-Sep-2023,13-Sep-2023,4.110,4.160,
12-Sep-2023,12-Sep-2023,4.155,4.205,
11-Sep-2023,11-Sep-2023,4.135,4.185,
08-Sep-2023,08-Sep-2023,4.126,4.176,
07-Sep-2023,07-Sep-2023,4.098,4.148,
06-Sep-2023,06-Sep-2023,4.143,4.193,
05-Sep-2023,05-Sep-2023,4.091,4.141,
04-Sep-2023,04-Sep-2023,4.051,4.101,
01-Sep-2023,01-Sep-2023,4.016,4.066,
31-Aug-2023,31-Aug-2023,3.977,4.027,
30-Aug-2023,30-Aug-2023,3.998,4.048,
29-Aug-2023,29-Aug-2023,4.008,4.058,
28-Aug-2023,28-Aug-2023,4.118,4.168,
25-Aug-2023,25-Aug-2023,4.162,4.212,
24-Aug-2023,24-Aug-2023,4.146,4.196,
23-Aug-2023,23-Aug-2023,4.104,4.154,
22-Aug-2023,22-Aug-2023,4.224,4.274,
21-Aug-2023,21-Aug-2023,4.210,4.260,
18-Aug-2023,18-Aug-2023,4.127,4.177,
17-Aug-2023,17-Aug-2023,4.140,4.190,
16-Aug-2023,16-Aug-2023,4.135,4.185,
15-Aug-2023,15-Aug-2023,4.103,4.153,
14-Aug-2023,14-Aug-2023,4.091,4.141,
11-Aug-2023,11-Aug-2023,4.033,4.083,
10-Aug-2023,10-Aug-2023,3.958,4.008,
09-Aug-2023,09-Aug-2023,3.878,3.928,
08-Aug-2023,08-Aug-2023,3.847,3.897,
07-Aug-2023,07-Aug-2023,3.903,3.953,
04-Aug-2023,04-Aug-2023,3.880,3.930,
03-Aug-2023,03-Aug-2023,4.030,4.080,
02-Aug-2023,02-Aug-2023,3.970,4.020,
01-Aug-2023,01-Aug-2023,3.960,4.010,
31-Jul-2023,31-Jul-2023,3.927,3.977,
28-Jul-2023,28-Jul-2023,3.929,3.979,
27-Jul-2023,27-Jul-2023,3.989,4.039,
26-Jul-2023,26-Jul-2023,3.871,3.921,
25-Jul-2023,25-Jul-2023,3.907,3.957,
24-Jul-2023,24-Jul-2023,3.922,3.972,
21-Jul-2023,21-Jul-2023,3.854,3.904,
20-Jul-2023,20-Jul-2023,3.860,3.910,
19-Jul-2023,19-Jul-2023,3.741,3.791,
18-Jul-2023,18-Jul-2023,3.756,3.806,
17-Jul-2023,17-Jul-2023,3.771,3.821,
14-Jul-2023,14-Jul-2023,3.805,3.855,
13-Jul-2023,13-Jul-2023,3.702,3.752,
12-Jul-2023,12-Jul-2023,3.828,3.878,
11-Jul-2023,11-Jul-2023,3.982,4.032,
10-Jul-2023,10-Jul-2023,3.995,4.045,
07-Jul-2023,07-Jul-2023,4.127,4.177,
06-Jul-2023,06-Jul-2023,4.104,4.154,
05-Jul-2023,05-Jul-2023,4.006,4.056,
04-Jul-2023,04-Jul-2023,3.949,3.999,
03-Jul-2023,03-Jul-2023,3.948,3.998,
30-Jun-2023,30-Jun-2023,3.911,3.961,
29-Jun-2023,29-Jun-2023,3.877,3.927,
28-Jun-2023,28-Jun-2023,3.718,3.768,
27-Jun-2023,27-Jun-2023,3.779,3.829,
26-Jun-2023,26-Jun-2023,3.725,3.775,
23-Jun-2023,23-Jun-2023,3.749,3.799,
22-Jun-2023,22-Jun-2023,3.800,3.850,
21-Jun-2023,21-Jun-2023,3.711,3.761,
20-Jun-2023,20-Jun-2023,3.713,3.763,
19-Jun-2023,19-Jun-2023,3.741,3.791,
16-Jun-2023,16-Jun-2023,3.739,3.789,
15-Jun-2023,15-Jun-2023,3.669,3.719,
14-Jun-2023,14-Jun-2023,3.737,3.787,
13-Jun-2023,13-Jun-2023,3.741,3.791,
12-Jun-2023,12-Jun-2023,3.642,3.692,
09-Jun-2023,09-Jun-2023,3.659,3.709,
08-Jun-2023,08-Jun-2023,3.599,3.649,
07-Jun-2023,07-Jun-2023,3.682,3.732,
06-Jun-2023,06-Jun-2023,3.546,3.596,
05-Jun-2023,05-Jun-2023,3.557,3.607,
02-Jun-2023,02-Jun-2023,3.606,3.656,
01-Jun-2023,01-Jun-2023,3.450,3.500,
31-May-2023,31-May-2023,3.514,3.564,
30-May-2023,30-May-2023,3.571,3.621,
29-May-2023,29-May-2023,3.706,3.756,
26-May-2023,26-May-2023,3.703,3.753,
25-May-2023,25-May-2023,3.697,3.747,
24-May-2023,24-May-2023,3.568,3.618,
23-May-2023,23-May-2023,3.498,3.548,
22-May-2023,22-May-2023,3.513,3.563,
19-May-2023,19-May-2023,3.475,3.525,
18-May-2023,18-May-2023,3.432,3.482,
17-May-2023,17-May-2023,3.326,3.376,
16-May-2023,16-May-2023,3.273,3.323,
15-May-2023,15-May-2023,3.222,3.272,
12-May-2023,12-May-2023,3.208,3.258,
11-May-2023,11-May-2023,3.120,3.170,
10-May-2023,10-May-2023,3.155,3.205,
09-May-2023,09-May-2023,3.264,3.314,
08-May-2023,08-May-2023,3.263,3.313,
05-May-2023,05-May-2023,3.192,3.242,
04-May-2023,04-May-2023,3.110,3.160,
03-May-2023,03-May-2023,3.089,3.139,
02-May-2023,02-May-2023,3.229,3.279,
01-May-2023,01-May-2023,3.413,3.463,
28-Apr-2023,28-Apr-2023,3.250,3.300,
27-Apr-2023,27-Apr-2023,3.351,3.401,
26-Apr-2023,26-Apr-2023,3.253,3.303,
25-Apr-2023,25-Apr-2023,3.194,3.244,
24-Apr-2023,24-Apr-2023,3.329,3.379,
21-Apr-2023,21-Apr-2023,3.423,3.473,
20-Apr-2023,20-Apr-2023,3.382,3.432,
19-Apr-2023,19-Apr-2023,3.464,3.514,
18-Apr-2023,18-Apr-2023,3.447,3.497,
17-Apr-2023,17-Apr-2023,3.458,3.508,
14-Apr-2023,14-Apr-2023,3.359,3.409,
13-Apr-2023,13-Apr-2023,3.456,3.506,
12-Apr-2023,12-Apr-2023,3.223,3.273,
11-Apr-2023,11-Apr-2023,3.292,3.342,
10-Apr-2023,10-Apr-2023,3.284,3.334,
07-Apr-2023,07-Apr-2023,3.256,3.306,
06-Apr-2023,06-Apr-2023,3.128,3.178,
05-Apr-2023,05-Apr-2023,3.118,3.168,
04-Apr-2023,04-Apr-2023,3.133,3.183,
03-Apr-2023,03-Apr-2023,3.244,3.294,
31-Mar-2023,31-Mar-2023,3.315,3.365,
30-Mar-2023,30-Mar-2023,3.432,3.482,
29-Mar-2023,29-Mar-2023,3.434,3.484,
28-Mar-2023,28-Mar-2023,3.419,3.469,
27-Mar-2023,27-Mar-2023,3.349,3.399,
24-Mar-2023,24-Mar-2023,3.175,3.225,
23-Mar-2023,23-Mar-2023,3.209,3.259,
22-Mar-2023,22-Mar-2023,3.295,3.345,
21-Mar-2023,21-Mar-2023,3.542,3.592,
20-Mar-2023,20-Mar-2023,3.381,3.431,
17-Mar-2023,17-Mar-2023,3.288,3.338,
16-Mar-2023,16-Mar-2023,3.544,3.594,
15-Mar-2023,15-Mar-2023,3.378,3.428,
14-Mar-2023,14-Mar-2023,3.634,3.684,
13-Mar-2023,13-Mar-2023,3.447,3.497,
10-Mar-2023,10-Mar-2023,3.692,3.742,
09-Mar-2023,09-Mar-2023,3.944,3.994,
08-Mar-2023,08-Mar-2023,4.110,4.160,
07-Mar-2023,07-Mar-2023,4.080,4.130,
06-Mar-2023,06-Mar-2023,4.030,4.080,
03-Mar-2023,03-Mar-2023,4.035,4.085,
02-Mar-2023,02-Mar-2023,4.103,4.153,
01-Mar-2023,01-Mar-2023,4.045,4.095,
28-Feb-2023,28-Feb-2023,3.973,4.023,
27-Feb-2023,27-Feb-2023,3.960,4.010,
24-Feb-2023,24-Feb-2023,4.000,4.050,
23-Feb-2023,23-Feb-2023,3.894,3.944,
22-Feb-2023,22-Feb-2023,3.936,3.986,
21-Feb-2023,21-Feb-2023,3.944,3.994,
17-Feb-2023,17-Feb-2023,3.793,3.843,
16-Feb-2023,16-Feb-2023,3.840,3.890,
15-Feb-2023,15-Feb-2023,3.808,3.858,
14-Feb-2023,14-Feb-2023,3.774,3.824,
13-Feb-2023,13-Feb-2023,3.671,3.721,
10-Feb-2023,10-Feb-2023,3.675,3.725,
09-Feb-2023,09-Feb-2023,3.607,3.657,
08-Feb-2023,08-Feb-2023,3.552,3.602,
07-Feb-2023,07-Feb-2023,3.590,3.640,
06-Feb-2023,06-Feb-2023,3.588,3.638,
03-Feb-2023,03-Feb-2023,3.422,3.472,
02-Feb-2023,02-Feb-2023,3.258,3.308,
01-Feb-2023,01-Feb-2023,3.271,3.321,
31-Jan-2023,31-Jan-2023,3.365,3.415,
30-Jan-2023,30-Jan-2023,3.424,3.474,
27-Jan-2023,27-Jan-2023,3.373,3.423,
26-Jan-2023,26-Jan-2023,3.348,3.398,
25-Jan-2023,25-Jan-2023,3.288,3.338,
24-Jan-2023,24-Jan-2023,3.318,3.368,
23-Jan-2023,23-Jan-2023,3.348,3.398,
20-Jan-2023,20-Jan-2023,3.297,3.347,
19-Jan-2023,19-Jan-2023,3.218,3.268,
18-Jan-2023,18-Jan-2023,3.181,3.231,
17-Jan-2023,17-Jan-2023,3.340,3.390,
16-Jan-2023,16-Jan-2023,3.326,3.376,
13-Jan-2023,13-Jan-2023,3.332,3.382,
12-Jan-2023,12-Jan-2023,3.263,3.313,
11-Jan-2023,11-Jan-2023,3.386,3.436,
10-Jan-2023,10-Jan-2023,3.416,3.466,
09-Jan-2023,09-Jan-2023,3.373,3.423,
06-Jan-2023,06-Jan-2023,3.410,3.460,
05-Jan-2023,05-Jan-2023,3.618,3.668,
04-Jan-2023,04-Jan-2023,3.548,3.598,
03-Jan-2023,03-Jan-2023,3.617,3.667,
02-Jan-2023,02-Jan-2023,3.721,3.771,
30-Dec-2022,30-Dec-2022,3.721,3.771,
29-Dec-2022,29-Dec-2022,3.681,3.731,
28-Dec-2022,28-Dec-2022,3.704,3.754,
27-Dec-2022,27-Dec-2022,3.667,3.717,
23-Dec-2022,23-Dec-2022,3.600,3.650,
22-Dec-2022,22-Dec-2022,3.554,3.604,
21-Dec-2022,21-Dec-2022,3.524,3.574,
20-Dec-2022,20-Dec-2022,3.530,3.580,
19-Dec-2022,19-Dec-2022,3.459,3.509,
16-Dec-2022,16-Dec-2022,3.374,3.424,
15-Dec-2022,15-Dec-2022,3.373,3.423,
14-Dec-2022,14-Dec-2022,3.367,3.417,
13-Dec-2022,13-Dec-2022,3.406,3.456,
12-Dec-2022,12-Dec-2022,3.539,3.589,
09-Dec-2022,09-Dec-2022,3.522,3.572,
08-Dec-2022,08-Dec-2022,3.447,3.497,
07-Dec-2022,07-Dec-2022,3.362,3.412,
06-Dec-2022,06-Dec-2022,3.478,3.528,
05-Dec-2022,05-Dec-2022,3.513,3.563,
02-Dec-2022,02-Dec-2022,3.375,3.425,
01-Dec-2022,01-Dec-2022,3.397,3.447,
30-Nov-2022,30-Nov-2022,3.480,3.530,
29-Nov-2022,29-Nov-2022,3.667,3.717,
28-Nov-2022,28-Nov-2022,3.628,3.678,
25-Nov-2022,25-Nov-2022,3.622,3.672,
24-Nov-2022,24-Nov-2022,3.647,3.697,
23-Nov-2022,23-Nov-2022,3.638,3.688,
22-Nov-2022,22-Nov-2022,3.709,3.759,
21-Nov-2022,21-Nov-2022,3.780,3.830,
18-Nov-2022,18-Nov-2022,3.765,3.815,
17-Nov-2022,17-Nov-2022,3.678,3.728,
16-Nov-2022,16-Nov-2022,3.584,3.634,
15-Nov-2022,15-Nov-2022,3.623,3.673,
14-Nov-2022,14-Nov-2022,3.736,3.786,
11-Nov-2022,11-Nov-2022,3.699,3.749,
10-Nov-2022,10-Nov-2022,3.690,3.740,
09-Nov-2022,09-Nov-2022,3.989,4.039,
08-Nov-2022,08-Nov-2022,4.061,4.111,
07-Nov-2022,07-Nov-2022,4.155,4.205,
04-Nov-2022,04-Nov-2022,4.117,4.167,
03-Nov-2022,03-Nov-2022,4.154,4.204,
02-Nov-2022,02-Nov-2022,4.103,4.153,
01-Nov-2022,01-Nov-2022,4.048,4.098,
31-Oct-2022,31-Oct-2022,4.001,4.051,
28-Oct-2022,28-Oct-2022,3.952,4.002,
27-Oct-2022,27-Oct-2022,3.808,3.858,
26-Oct-2022,26-Oct-2022,3.928,3.978,
25-Oct-2022,25-Oct-2022,4.021,4.071,
24-Oct-2022,24-Oct-2022,4.106,4.156,
21-Oct-2022,21-Oct-2022,4.077,4.127,
19-Oct-2022,19-Oct-2022,4.069,4.119,
18-Oct-2022,18-Oct-2022,3.946,3.996,
17-Oct-2022,17-Oct-2022,3.954,4.004,
14-Oct-2022,14-Oct-2022,3.991,4.041,
13-Oct-2022,13-Oct-2022,3.918,3.968,
12-Oct-2022,12-Oct-2022,3.862,3.912,
11-Oct-2022,11-Oct-2022,3.916,3.966,
10-Oct-2022,10-Oct-2022,3.893,3.943,
07-Oct-2022,07-Oct-2022,3.885,3.935,
06-Oct-2022,06-Oct-2022,3.821,3.871,
05-Oct-2022,05-Oct-2022,3.723,3.773,
04-Oct-2022,04-Oct-2022,3.609,3.659,
03-Oct-2022,03-Oct-2022,3.654,3.704,
30-Sep-2022,30-Sep-2022,3.850,3.900,
29-Sep-2022,29-Sep-2022,3.787,3.837,
28-Sep-2022,28-Sep-2022,3.713,3.763,
27-Sep-2022,27-Sep-2022,3.903,3.953,
26-Sep-2022,26-Sep-2022,3.962,4.012,
23-Sep-2022,23-Sep-2022,3.771,3.821,
22-Sep-2022,22-Sep-2022,3.739,3.789,
21-Sep-2022,21-Sep-2022,3.586,3.636,
20-Sep-2022,20-Sep-2022,3.564,3.614,
19-Sep-2022,19-Sep-2022,3.493,3.543,
16-Sep-2022,16-Sep-2022,3.439,3.489,
15-Sep-2022,15-Sep-2022,3.468,3.518,
14-Sep-2022,14-Sep-2022,3.395,3.445,
13-Sep-2022,13-Sep-2022,3.359,3.409,
12-Sep-2022,12-Sep-2022,3.241,3.291,
09-Sep-2022,09-Sep-2022,3.213,3.263,
08-Sep-2022,08-Sep-2022,3.212,3.262,
07-Sep-2022,07-Sep-2022,3.148,3.198,
06-Sep-2022,06-Sep-2022,3.246,3.296,
05-Sep-2022,05-Sep-2022,3.090,3.140,
02-Sep-2022,02-Sep-2022,3.083,3.133,
01-Sep-2022,01-Sep-2022,3.184,3.234,
31-Aug-2022,31-Aug-2022,3.151,3.201,
30-Aug-2022,30-Aug-2022,3.062,3.112,
29-Aug-2022,29-Aug-2022,3.048,3.098,
26-Aug-2022,26-Aug-2022,3.126,3.176,
25-Aug-2022,25-Aug-2022,2.932,2.982,
24-Aug-2022,24-Aug-2022,2.981,3.031,
23-Aug-2022,23-Aug-2022,2.923,2.973,
22-Aug-2022,22-Aug-2022,2.905,2.955,
19-Aug-2022,19-Aug-2022,2.821,2.871,
18-Aug-2022,18-Aug-2022,2.754,2.804,
17-Aug-2022,17-Aug-2022,2.789,2.839,
16-Aug-2022,16-Aug-2022,2.688,2.738,
15-Aug-2022,15-Aug-2022,2.630,2.680,
12-Aug-2022,12-Aug-2022,2.702,2.752,
11-Aug-2022,11-Aug-2022,2.734,2.784,
10-Aug-2022,10-Aug-2022,2.658,2.708,
09-Aug-2022,09-Aug-2022,2.695,2.745,
08-Aug-2022,08-Aug-2022,2.638,2.688,
05-Aug-2022,05-Aug-2022,2.694,2.744,
04-Aug-2022,04-Aug-2022,2.539,2.589,
03-Aug-2022,03-Aug-2022,2.593,2.643,
02-Aug-2022,02-Aug-2022,2.582,2.632,
01-Aug-2022,01-Aug-2022,2.364,2.414,
29-Jul-2022,29-Jul-2022,2.406,2.456,
28-Jul-2022,28-Jul-2022,2.430,2.480,
27-Jul-2022,27-Jul-2022,2.561,2.611,
26-Jul-2022,26-Jul-2022,2.613,2.663,
25-Jul-2022,25-Jul-2022,2.575,2.625,
22-Jul-2022,22-Jul-2022,2.537,2.587,
21-Jul-2022,21-Jul-2022,2.669,2.719,
20-Jul-2022,20-Jul-2022,2.850,2.900,
19-Jul-2022,19-Jul-2022,2.845,2.895,
18-Jul-2022,18-Jul-2022,2.799,2.849,
15-Jul-2022,15-Jul-2022,2.731,2.781,
14-Jul-2022,14-Jul-2022,2.784,2.834,
13-Jul-2022,13-Jul-2022,2.732,2.782,
12-Jul-2022,12-Jul-2022,2.748,2.798,
11-Jul-2022,11-Jul-2022,2.785,2.835,
08-Jul-2022,08-Jul-2022,2.868,2.918,
07-Jul-2022,07-Jul-2022,2.767,2.817,
06-Jul-2022,06-Jul-2022,2.723,2.773,
05-Jul-2022,05-Jul-2022,2.559,2.609,
04-Jul-2022,04-Jul-2022,2.611,2.661,
01-Jul-2022,01-Jul-2022,2.611,2.661,
30-Jun-2022,30-Jun-2022,2.777,2.827,
29-Jun-2022,29-Jun-2022,2.893,2.943,
28-Jun-2022,28-Jun-2022,2.978,3.028,
27-Jun-2022,27-Jun-2022,2.975,3.025,
24-Jun-2022,24-Jun-2022,2.931,2.981,
23-Jun-2022,23-Jun-2022,2.894,2.944,
22-Jun-2022,22-Jun-2022,2.983,3.033,
21-Jun-2022,21-Jun-2022,3.114,3.164,
20-Jun-2022,20-Jun-2022,3.091,3.141,
17-Jun-2022,17-Jun-2022,3.099,3.149,
16-Jun-2022,16-Jun-2022,3.033,3.083,
15-Jun-2022,15-Jun-2022,3.122,3.172,
14-Jun-2022,14-Jun-2022,3.359,3.409,
13-Jun-2022,13-Jun-2022,3.242,3.292,
10-Jun-2022,10-Jun-2022,3.688,3.738,
09-Jun-2022,09-Jun-2022,2.822,2.872,
08-Jun-2022,08-Jun-2022,2.784,2.834,
07-Jun-2022,07-Jun-2022,2.739,2.789,
06-Jun-2022,06-Jun-2022,2.794,2.844,
03-Jun-2022,03-Jun-2022,2.685,2.735,
02-Jun-2022,02-Jun-2022,2.662,2.712,
01-Jun-2022,01-Jun-2022,2.776,2.826,
31-May-2022,31-May-2022,2.625,2.675,
30-May-2022,30-May-2022,2.476,2.526,
27-May-2022,27-May-2022,2.481,2.531,
26-May-2022,26-May-2022,2.474,2.524,
25-May-2022,25-May-2022,2.467,2.517,
24-May-2022,24-May-2022,2.476,2.526,
23-May-2022,23-May-2022,2.595,2.645,
20-May-2022,20-May-2022,2.539,2.589,
19-May-2022,19-May-2022,2.572,2.622,
18-May-2022,18-May-2022,2.643,2.693,
17-May-2022,17-May-2022,2.704,2.754,
16-May-2022,16-May-2022,2.587,2.637,
13-May-2022,13-May-2022,2.622,2.672,
12-May-2022,12-May-2022,2.586,2.636,
11-May-2022,11-May-2022,2.663,2.713,
10-May-2022,10-May-2022,2.686,2.736,
09-May-2022,09-May-2022,2.708,2.758,
06-May-2022,06-May-2022,2.853,2.903,
05-May-2022,05-May-2022,2.800,2.850,
04-May-2022,04-May-2022,2.704,2.754,
03-May-2022,03-May-2022,2.815,2.865,
02-May-2022,02-May-2022,2.802,2.852,
29-Apr-2022,29-Apr-2022,2.749,2.799,
28-Apr-2022,28-Apr-2022,2.643,2.693,
27-Apr-2022,27-Apr-2022,2.614,2.664,
26-Apr-2022,26-Apr-2022,2.511,2.561,
25-Apr-2022,25-Apr-2022,2.634,2.684,
22-Apr-2022,22-Apr-2022,2.698,2.748,
21-Apr-2022,21-Apr-2022,2.740,2.790,
20-Apr-2022,20-Apr-2022,2.627,2.677,
19-Apr-2022,19-Apr-2022,2.687,2.737,
18-Apr-2022,18-Apr-2022,2.554,2.604,
14-Apr-2022,14-Apr-2022,2.540,2.590,
13-Apr-2022,13-Apr-2022,2.428,2.478,
12-Apr-2022,12-Apr-2022,2.456,2.506,
11-Apr-2022,11-Apr-2022,2.564,2.614,
08-Apr-2022,08-Apr-2022,2.524,2.574,
07-Apr-2022,07-Apr-2022,2.466,2.516,
06-Apr-2022,06-Apr-2022,2.440,2.490,
05-Apr-2022,05-Apr-2022,2.462,2.512,
04-Apr-2022,04-Apr-2022,2.311,2.361,
01-Apr-2022,01-Apr-2022,2.320,2.370,
31-Mar-2022,31-Mar-2022,2.226,2.276,
30-Mar-2022,30-Mar-2022,2.214,2.264,
29-Mar-2022,29-Mar-2022,2.274,2.324,
28-Mar-2022,28-Mar-2022,2.334,2.384,
25-Mar-2022,25-Mar-2022,2.331,2.381,
24-Mar-2022,24-Mar-2022,2.178,2.228,
23-Mar-2022,23-Mar-2022,2.098,2.148,
22-Mar-2022,22-Mar-2022,2.180,2.230,
21-Mar-2022,21-Mar-2022,2.113,2.163,
18-Mar-2022,18-Mar-2022,1.947,1.997,
17-Mar-2022,17-Mar-2022,1.925,1.975,
16-Mar-2022,16-Mar-2022,1.968,2.018,
15-Mar-2022,15-Mar-2022,1.900,1.950,
14-Mar-2022,14-Mar-2022,1.867,1.917,
11-Mar-2022,11-Mar-2022,1.737,1.787,
10-Mar-2022,10-Mar-2022,1.709,1.759,
09-Mar-2022,09-Mar-2022,1.663,1.713,
08-Mar-2022,08-Mar-2022,1.551,1.601,
07-Mar-2022,07-Mar-2022,1.491,1.541,
04-Mar-2022,04-Mar-2022,1.453,1.503,
03-Mar-2022,03-Mar-2022,1.544,1.594,
02-Mar-2022,02-Mar-2022,1.569,1.619,
01-Mar-2022,01-Mar-2022,1.374,1.424,
28-Feb-2022,28-Feb-2022,1.532,1.582,
25-Feb-2022,25-Feb-2022,1.690,1.740,
24-Feb-2022,24-Feb-2022,1.689,1.739,
23-Feb-2022,23-Feb-2022,1.718,1.768,
22-Feb-2022,22-Feb-2022,1.671,1.721,
21-Feb-2022,21-Feb-2022,1.626,1.676,
18-Feb-2022,18-Feb-2022,1.622,1.672,
17-Feb-2022,17-Feb-2022,1.657,1.707,
16-Feb-2022,16-Feb-2022,1.735,1.785,
15-Feb-2022,15-Feb-2022,1.757,1.807,
14-Feb-2022,14-Feb-2022,1.733,1.783,
11-Feb-2022,11-Feb-2022,1.636,1.686,
10-Feb-2022,10-Feb-2022,1.786,1.836,
09-Feb-2022,09-Feb-2022,1.644,1.694,
08-Feb-2022,08-Feb-2022,1.643,1.693,
07-Feb-2022,07-Feb-2022,1.594,1.644,
04-Feb-2022,04-Feb-2022,1.595,1.645,
03-Feb-2022,03-Feb-2022,1.496,1.546,
02-Feb-2022,02-Feb-2022,1.424,1.474,
01-Feb-2022,01-Feb-2022,1.441,1.491,
31-Jan-2022,31-Jan-2022,1.437,1.487,
28-Jan-2022,28-Jan-2022,1.442,1.492,
27-Jan-2022,27-Jan-2022,1.473,1.523,
26-Jan-2022,26-Jan-2022,1.507,1.557,
25-Jan-2022,25-Jan-2022,1.387,1.437,
24-Jan-2022,24-Jan-2022,1.366,1.416,
21-Jan-2022,21-Jan-2022,1.393,1.443,
20-Jan-2022,20-Jan-2022,1.415,1.465,
19-Jan-2022,19-Jan-2022,1.463,1.513,
18-Jan-2022,18-Jan-2022,1.484,1.534,
17-Jan-2022,17-Jan-2022,1.379,1.429,
14-Jan-2022,14-Jan-2022,1.377,1.427,
13-Jan-2022,13-Jan-2022,1.284,1.334,
12-Jan-2022,12-Jan-2022,1.325,1.375,
11-Jan-2022,11-Jan-2022,1.334,1.384,
10-Jan-2022,10-Jan-2022,1.351,1.401,
07-Jan-2022,07-Jan-2022,1.333,1.383,
06-Jan-2022,06-Jan-2022,1.298,1.348,
05-Jan-2022,05-Jan-2022,1.241,1.291,
04-Jan-2022,04-Jan-2022,1.185,1.235,
03-Jan-2022,03-Jan-2022,1.190,1.240,
31-Dec-2021,31-Dec-2021,1.110,1.160,
30-Dec-2021,30-Dec-2021,1.095,1.145,
29-Dec-2021,29-Dec-2021,1.131,1.181,
28-Dec-2021,28-Dec-2021,1.087,1.137,
27-Dec-2021,27-Dec-2021,1.092,1.142,
24-Dec-2021,24-Dec-2021,1.092,1.142,
23-Dec-2021,23-Dec-2021,1.094,1.144,
22-Dec-2021,22-Dec-2021,1.064,1.114,
21-Dec-2021,21-Dec-2021,1.064,1.114,
20-Dec-2021,20-Dec-2021,1.018,1.068,
17-Dec-2021,17-Dec-2021,1.014,1.064,
16-Dec-2021,16-Dec-2021,1.016,1.066,
15-Dec-2021,15-Dec-2021,1.070,1.120,
14-Dec-2021,14-Dec-2021,1.083,1.133,
13-Dec-2021,13-Dec-2021,1.051,1.101,
10-Dec-2021,10-Dec-2021,1.097,1.147,
09-Dec-2021,09-Dec-2021,1.123,1.173,
08-Dec-2021,08-Dec-2021,1.130,1.180,
07-Dec-2021,07-Dec-2021,1.123,1.173,
06-Dec-2021,06-Dec-2021,1.064,1.114,
03-Dec-2021,03-Dec-2021,0.992,1.042,
02-Dec-2021,02-Dec-2021,1.057,1.107,
01-Dec-2021,01-Dec-2021,0.994,1.044,
30-Nov-2021,30-Nov-2021,1.036,1.086,
29-Nov-2021,29-Nov-2021,1.036,1.086,
26-Nov-2021,26-Nov-2021,1.021,1.071,
25-Nov-2021,25-Nov-2021,1.199,1.249,
24-Nov-2021,24-Nov-2021,1.197,1.247,
23-Nov-2021,23-Nov-2021,1.195,1.245,
22-Nov-2021,22-Nov-2021,1.182,1.232,
19-Nov-2021,19-Nov-2021,1.085,1.135,
18-Nov-2021,18-Nov-2021,1.079,1.129,
17-Nov-2021,17-Nov-2021,1.090,1.140,
16-Nov-2021,16-Nov-2021,1.131,1.181,
15-Nov-2021,15-Nov-2021,1.107,1.157,
12-Nov-2021,12-Nov-2021,1.081,1.131,
11-Nov-2021,11-Nov-2021,1.062,1.112,
10-Nov-2021,10-Nov-2021,1.073,1.123,
09-Nov-2021,09-Nov-2021,0.924,0.974,
08-Nov-2021,08-Nov-2021,0.969,1.019,
05-Nov-2021,05-Nov-2021,0.910,0.960,
04-Nov-2021,04-Nov-2021,0.971,1.021,
03-Nov-2021,03-Nov-2021,1.035,1.085,
02-Nov-2021,02-Nov-2021,1.003,1.053,
01-Nov-2021,01-Nov-2021,1.003,1.053,
29-Oct-2021,29-Oct-2021,0.998,1.048,
28-Oct-2021,28-Oct-2021,0.996,1.046,
27-Oct-2021,27-Oct-2021,1.005,1.055,
26-Oct-2021,26-Oct-2021,1.034,1.084,
25-Oct-2021,25-Oct-2021,1.027,1.077,
22-Oct-2021,22-Oct-2021,1.041,1.091,
21-Oct-2021,21-Oct-2021,1.085,1.135,
20-Oct-2021,20-Oct-2021,0.996,1.046,
19-Oct-2021,19-Oct-2021,0.996,1.046,
18-Oct-2021,18-Oct-2021,1.009,1.059,
15-Oct-2021,15-Oct-2021,0.968,1.018,
14-Oct-2021,14-Oct-2021,0.906,0.956,
13-Oct-2021,13-Oct-2021,0.917,0.967,
12-Oct-2021,12-Oct-2021,0.929,0.979,
11-Oct-2021,11-Oct-2021,0.919,0.969,
08-Oct-2021,08-Oct-2021,0.926,0.976,
07-Oct-2021,07-Oct-2021,0.883,0.933,
06-Oct-2021,06-Oct-2021,0.834,0.884,
05-Oct-2021,05-Oct-2021,0.825,0.875,
04-Oct-2021,04-Oct-2021,0.798,0.848,
01-Oct-2021,01-Oct-2021,0.787,0.837,
30-Sep-2021,30-Sep-2021,0.825,0.875,
29-Sep-2021,29-Sep-2021,0.838,0.888,
28-Sep-2021,28-Sep-2021,0.872,0.922,
27-Sep-2021,27-Sep-2021,0.858,0.908,
24-Sep-2021,24-Sep-2021,0.823,0.873,
23-Sep-2021,23-Sep-2021,0.829,0.879,
22-Sep-2021,22-Sep-2021,0.732,0.782,
21-Sep-2021,21-Sep-2021,0.714,0.764,
20-Sep-2021,20-Sep-2021,0.713,0.763,
17-Sep-2021,17-Sep-2021,0.753,0.803,
16-Sep-2021,16-Sep-2021,0.730,0.780,
15-Sep-2021,15-Sep-2021,0.683,0.733,
14-Sep-2021,14-Sep-2021,0.675,0.725,
13-Sep-2021,13-Sep-2021,0.688,0.738,
10-Sep-2021,10-Sep-2021,0.702,0.752,
09-Sep-2021,09-Sep-2021,0.677,0.727,
08-Sep-2021,08-Sep-2021,0.689,0.739,
07-Sep-2021,07-Sep-2021,0.700,0.750,
06-Sep-2021,06-Sep-2021,0.666,0.716,
03-Sep-2021,03-Sep-2021,0.665,0.715,
02-Sep-2021,02-Sep-2021,0.645,0.695,
01-Sep-2021,01-Sep-2021,0.655,0.705,
31-Aug-2021,31-Aug-2021,0.661,0.711,
30-Aug-2021,30-Aug-2021,0.648,0.698,
27-Aug-2021,27-Aug-2021,0.683,0.733,
26-Aug-2021,26-Aug-2021,0.727,0.777,
25-Aug-2021,25-Aug-2021,0.702,0.752,
24-Aug-2021,24-Aug-2021,0.680,0.730,
23-Aug-2021,23-Aug-2021,0.648,0.698,
20-Aug-2021,20-Aug-2021,0.666,0.716,
19-Aug-2021,19-Aug-2021,0.647,0.697,
18-Aug-2021,18-Aug-2021,0.653,0.703,
17-Aug-2021,17-Aug-2021,0.646,0.696,
16-Aug-2021,16-Aug-2021,0.640,0.690,
13-Aug-2021,13-Aug-2021,0.654,0.704,
12-Aug-2021,12-Aug-2021,0.708,0.758,
11-Aug-2021,11-Aug-2021,0.693,0.743,
10-Aug-2021,10-Aug-2021,0.714,0.764,
09-Aug-2021,09-Aug-2021,0.684,0.734,
06-Aug-2021,06-Aug-2021,0.653,0.703,
05-Aug-2021,05-Aug-2021,0.607,0.657,
04-Aug-2021,04-Aug-2021,0.557,0.607,
03-Aug-2021,03-Aug-2021,0.531,0.581,
02-Aug-2021,02-Aug-2021,0.541,0.591,
30-Jul-2021,30-Jul-2021,0.576,0.626,
29-Jul-2021,29-Jul-2021,0.616,0.666,
28-Jul-2021,28-Jul-2021,0.589,0.639,
27-Jul-2021,27-Jul-2021,0.584,0.634,
26-Jul-2021,26-Jul-2021,0.610,0.660,
23-Jul-2021,23-Jul-2021,0.595,0.645,
22-Jul-2021,22-Jul-2021,0.601,0.651,
21-Jul-2021,21-Jul-2021,0.616,0.666,
20-Jul-2021,20-Jul-2021,0.554,0.604,
19-Jul-2021,19-Jul-2021,0.563,0.613,
16-Jul-2021,16-Jul-2021,0.648,0.698,
15-Jul-2021,15-Jul-2021,0.646,0.696,
14-Jul-2021,14-Jul-2021,0.674,0.724,
13-Jul-2021,13-Jul-2021,0.724,0.774,
12-Jul-2021,12-Jul-2021,0.670,0.720,
09-Jul-2021,09-Jul-2021,0.672,0.722,
08-Jul-2021,08-Jul-2021,0.623,0.673,
07-Jul-2021,07-Jul-2021,0.651,0.701,
06-Jul-2021,06-Jul-2021,0.665,0.715,
05-Jul-2021,05-Jul-2021,0.730,0.780,
02-Jul-2021,02-Jul-2021,0.728,0.778,
01-Jul-2021,01-Jul-2021,0.763,0.813,
30-Jun-2021,30-Jun-2021,0.757,0.807,
29-Jun-2021,29-Jun-2021,0.754,0.804,
28-Jun-2021,28-Jun-2021,0.756,0.806,
25-Jun-2021,25-Jun-2021,0.779,0.829,
24-Jun-2021,24-Jun-2021,0.764,0.814,
23-Jun-2021,23-Jun-2021,0.753,0.803,
22-Jun-2021,22-Jun-2021,0.717,0.767,
21-Jun-2021,21-Jun-2021,0.738,0.788,
18-Jun-2021,18-Jun-2021,0.723,0.773,
17-Jun-2021,17-Jun-2021,0.747,0.797,
16-Jun-2021,16-Jun-2021,0.777,0.827,
15-Jun-2021,15-Jun-2021,0.659,0.709,
14-Jun-2021,14-Jun-2021,0.662,0.712,
11-Jun-2021,11-Jun-2021,0.623,0.673,
10-Jun-2021,10-Jun-2021,0.592,0.642,
09-Jun-2021,09-Jun-2021,0.630,0.680,
08-Jun-2021,08-Jun-2021,0.653,0.703,
07-Jun-2021,07-Jun-2021,0.673,0.723,
04-Jun-2021,04-Jun-2021,0.661,0.711,
03-Jun-2021,03-Jun-2021,0.724,0.774,
02-Jun-2021,02-Jun-2021,0.680,0.730,
01-Jun-2021,01-Jun-2021,0.704,0.754,
31-May-2021,31-May-2021,0.676,0.726,
28-May-2021,28-May-2021,0.689,0.739,
27-May-2021,27-May-2021,0.693,0.743,
26-May-2021,26-May-2021,0.669,0.719,
25-May-2021,25-May-2021,0.652,0.702,
24-May-2021,24-May-2021,0.687,0.737,
21-May-2021,21-May-2021,0.704,0.754,
20-May-2021,20-May-2021,0.697,0.747,
19-May-2021,19-May-2021,0.733,0.783,
18-May-2021,18-May-2021,0.695,0.745,
17-May-2021,17-May-2021,0.703,0.753,
14-May-2021,14-May-2021,0.686,0.736,
13-May-2021,13-May-2021,0.693,0.743,
12-May-2021,12-May-2021,0.733,0.783,
11-May-2021,11-May-2021,0.671,0.721,
10-May-2021,10-May-2021,0.652,0.702,
07-May-2021,07-May-2021,0.664,0.714,
06-May-2021,06-May-2021,0.692,0.742,
05-May-2021,05-May-2021,0.690,0.740,
04-May-2021,04-May-2021,0.700,0.750,
03-May-2021,03-May-2021,0.708,0.758,
30-Apr-2021,30-Apr-2021,0.736,0.786,
29-Apr-2021,29-Apr-2021,0.746,0.796,
28-Apr-2021,28-Apr-2021,0.729,0.779,
27-Apr-2021,27-Apr-2021,0.747,0.797,
26-Apr-2021,26-Apr-2021,0.712,0.762,
23-Apr-2021,23-Apr-2021,0.702,0.752,
22-Apr-2021,22-Apr-2021,0.677,0.727,
21-Apr-2021,21-Apr-2021,0.675,0.725,
20-Apr-2021,20-Apr-2021,0.667,0.717,
19-Apr-2021,19-Apr-2021,0.701,0.751,
16-Apr-2021,16-Apr-2021,0.695,0.745,
15-Apr-2021,15-Apr-2021,0.690,0.740,
14-Apr-2021,14-Apr-2021,0.731,0.781,
13-Apr-2021,13-Apr-2021,0.710,0.760,
12-Apr-2021,12-Apr-2021,0.760,0.810,
09-Apr-2021,09-Apr-2021,0.749,0.799,
08-Apr-2021,08-Apr-2021,0.731,0.781,
07-Apr-2021,07-Apr-2021,0.761,0.811,
06-Apr-2021,06-Apr-2021,0.766,0.816,
05-Apr-2021,05-Apr-2021,0.813,0.863,
02-Apr-2021,02-Apr-2021,0.865,0.915,
01-Apr-2021,01-Apr-2021,0.792,0.842,
31-Mar-2021,31-Mar-2021,0.825,0.875,
30-Mar-2021,30-Mar-2021,0.781,0.831,
29-Mar-2021,29-Mar-2021,0.774,0.824,
26-Mar-2021,26-Mar-2021,0.682,0.732,
25-Mar-2021,25-Mar-2021,0.713,0.763,
24-Mar-2021,24-Mar-2021,0.702,0.752,
23-Mar-2021,23-Mar-2021,0.709,0.759,
22-Mar-2021,22-Mar-2021,0.744,0.794,
19-Mar-2021,19-Mar-2021,0.755,0.805,
18-Mar-2021,18-Mar-2021,0.728,0.778,
17-Mar-2021,17-Mar-2021,0.679,0.729,
16-Mar-2021,16-Mar-2021,0.699,0.749,
15-Mar-2021,15-Mar-2021,0.697,0.747,
12-Mar-2021,12-Mar-2021,0.717,0.767,
11-Mar-2021,11-Mar-2021,0.667,0.717,
10-Mar-2021,10-Mar-2021,0.661,0.711,
09-Mar-2021,09-Mar-2021,0.673,0.723,
08-Mar-2021,08-Mar-2021,0.727,0.777,
05-Mar-2021,05-Mar-2021,0.693,0.743,
04-Mar-2021,04-Mar-2021,0.682,0.732,
03-Mar-2021,03-Mar-2021,0.633,0.683,
02-Mar-2021,02-Mar-2021,0.582,0.632,
01-Mar-2021,01-Mar-2021,0.610,0.660,
26-Feb-2021,26-Feb-2021,0.625,0.675,
25-Feb-2021,25-Feb-2021,0.654,0.704,
24-Feb-2021,24-Feb-2021,0.522,0.572,
23-Feb-2021,23-Feb-2021,0.513,0.563,
22-Feb-2021,22-Feb-2021,0.540,0.590,
19-Feb-2021,19-Feb-2021,0.519,0.569,
18-Feb-2021,18-Feb-2021,0.486,0.536,
17-Feb-2021,17-Feb-2021,0.484,0.534,
16-Feb-2021,16-Feb-2021,0.497,0.547,
15-Feb-2021,15-Feb-2021,0.420,0.470,
12-Feb-2021,12-Feb-2021,0.420,0.470,
11-Feb-2021,11-Feb-2021,0.388,0.438,
10-Feb-2021,10-Feb-2021,0.371,0.421,
09-Feb-2021,09-Feb-2021,0.388,0.438,
08-Feb-2021,08-Feb-2021,0.403,0.453,
05-Feb-2021,05-Feb-2021,0.386,0.436,
04-Feb-2021,04-Feb-2021,0.377,0.427,
03-Feb-2021,03-Feb-2021,0.373,0.423,
02-Feb-2021,02-Feb-2021,0.345,0.395,
01-Feb-2021,01-Feb-2021,0.330,0.380,
29-Jan-2021,29-Jan-2021,0.323,0.373,
28-Jan-2021,28-Jan-2021,0.318,0.368,
27-Jan-2021,27-Jan-2021,0.292,0.342,
26-Jan-2021,26-Jan-2021,0.300,0.350,
25-Jan-2021,25-Jan-2021,0.296,0.346,
22-Jan-2021,22-Jan-2021,0.319,0.369,
21-Jan-2021,21-Jan-2021,0.328,0.378,
20-Jan-2021,20-Jan-2021,0.315,0.365,
19-Jan-2021,19-Jan-2021,0.321,0.371,
18-Jan-2021,18-Jan-2021,0.325,0.375,
15-Jan-2021,15-Jan-2021,0.327,0.377,
14-Jan-2021,14-Jan-2021,0.351,0.401,
13-Jan-2021,13-Jan-2021,0.352,0.402,
12-Jan-2021,12-Jan-2021,0.379,0.429,
11-Jan-2021,11-Jan-2021,0.382,0.432,
08-Jan-2021,08-Jan-2021,0.367,0.417,
07-Jan-2021,07-Jan-2021,0.337,0.387,
06-Jan-2021,06-Jan-2021,0.291,0.341,
05-Jan-2021,05-Jan-2021,0.250,0.300,
04-Jan-2021,04-Jan-2021,0.232,0.282,
01-Jan-2021,01-Jan-2021,0.241,0.291,
31-Dec-2020,31-Dec-2020,0.241,0.291,
30-Dec-2020,30-Dec-2020,0.253,0.303,
29-Dec-2020,29-Dec-2020,0.264,0.314,
28-Dec-2020,28-Dec-2020,0.259,0.309,
25-Dec-2020,25-Dec-2020,0.258,0.308,
24-Dec-2020,24-Dec-2020,0.261,0.311,
23-Dec-2020,23-Dec-2020,0.264,0.314,
22-Dec-2020,22-Dec-2020,0.257,0.307,
21-Dec-2020,21-Dec-2020,0.264,0.314,
18-Dec-2020,18-Dec-2020,0.265,0.315,
17-Dec-2020,17-Dec-2020,0.260,0.310,
16-Dec-2020,16-Dec-2020,0.250,0.300,
15-Dec-2020,15-Dec-2020,0.246,0.296,
14-Dec-2020,14-Dec-2020,0.245,0.295,
11-Dec-2020,11-Dec-2020,0.236,0.286,
10-Dec-2020,10-Dec-2020,0.252,0.302,
09-Dec-2020,09-Dec-2020,0.269,0.319,
08-Dec-2020,08-Dec-2020,0.256,0.306,
07-Dec-2020,07-Dec-2020,0.249,0.299,
04-Dec-2020,04-Dec-2020,0.278,0.328,
03-Dec-2020,03-Dec-2020,0.254,0.304,
02-Dec-2020,02-Dec-2020,0.262,0.312,
01-Dec-2020,01-Dec-2020,0.270,0.320,
30-Nov-2020,30-Nov-2020,0.226,0.276,
27-Nov-2020,27-Nov-2020,0.209,0.259,
26-Nov-2020,26-Nov-2020,0.233,0.283,
25-Nov-2020,25-Nov-2020,0.233,0.283,
24-Nov-2020,24-Nov-2020,0.238,0.288,
23-Nov-2020,23-Nov-2020,0.230,0.280,
20-Nov-2020,20-Nov-2020,0.214,0.264,
19-Nov-2020,19-Nov-2020,0.221,0.271,
18-Nov-2020,18-Nov-2020,0.225,0.275,
17-Nov-2020,17-Nov-2020,0.212,0.262,
16-Nov-2020,16-Nov-2020,0.235,0.285,
13-Nov-2020,13-Nov-2020,0.232,0.282,
12-Nov-2020,12-Nov-2020,0.219,0.269,
11-Nov-2020,11-Nov-2020,0.274,0.324,
10-Nov-2020,10-Nov-2020,0.271,0.321,
09-Nov-2020,09-Nov-2020,0.259,0.309,
06-Nov-2020,06-Nov-2020,0.189,0.239,
05-Nov-2020,05-Nov-2020,0.161,0.211,
04-Nov-2020,04-Nov-2020,0.158,0.208,
03-Nov-2020,03-Nov-2020,0.217,0.267,
02-Nov-2020,02-Nov-2020,0.196,0.246,
30-Oct-2020,30-Oct-2020,0.209,0.259,
29-Oct-2020,29-Oct-2020,0.196,0.246,
28-Oct-2020,28-Oct-2020,0.170,0.220,
27-Oct-2020,27-Oct-2020,0.165,0.215,
26-Oct-2020,26-Oct-2020,0.180,0.230,
23-Oct-2020,23-Oct-2020,0.208,0.258,
22-Oct-2020,22-Oct-2020,0.208,0.258,
21-Oct-2020,21-Oct-2020,0.191,0.241,
20-Oct-2020,20-Oct-2020,0.179,0.229,
19-Oct-2020,19-Oct-2020,0.177,0.227,
16-Oct-2020,16-Oct-2020,0.164,0.214,
15-Oct-2020,15-Oct-2020,0.151,0.201,
14-Oct-2020,14-Oct-2020,0.143,0.193,
13-Oct-2020,13-Oct-2020,0.146,0.196,
12-Oct-2020,12-Oct-2020,0.179,0.229,
09-Oct-2020,09-Oct-2020,0.178,0.228,
08-Oct-2020,08-Oct-2020,0.177,0.227,
07-Oct-2020,07-Oct-2020,0.179,0.229,
06-Oct-2020,06-Oct-2020,0.140,0.190,
05-Oct-2020,05-Oct-2020,0.170,0.220,
02-Oct-2020,02-Oct-2020,0.117,0.167,
01-Oct-2020,01-Oct-2020,0.124,0.174,
30-Sep-2020,30-Sep-2020,0.120,0.170,
29-Sep-2020,29-Sep-2020,0.106,0.156,
28-Sep-2020,28-Sep-2020,0.107,0.157,
25-Sep-2020,25-Sep-2020,0.113,0.163,
24-Sep-2020,24-Sep-2020,0.117,0.167,
23-Sep-2020,23-Sep-2020,0.112,0.162,
22-Sep-2020,22-Sep-2020,0.109,0.159,
21-Sep-2020,21-Sep-2020,0.108,0.158,
18-Sep-2020,18-Sep-2020,0.121,0.171,
17-Sep-2020,17-Sep-2020,0.115,0.165,
16-Sep-2020,16-Sep-2020,0.112,0.162,
15-Sep-2020,15-Sep-2020,0.105,0.155,
14-Sep-2020,14-Sep-2020,0.096,0.146,
11-Sep-2020,11-Sep-2020,0.089,0.139,
10-Sep-2020,10-Sep-2020,0.104,0.154,
09-Sep-2020,09-Sep-2020,0.114,0.164,
08-Sep-2020,08-Sep-2020,0.100,0.150,
07-Sep-2020,07-Sep-2020,0.137,0.187,
04-Sep-2020,04-Sep-2020,0.134,0.184,
03-Sep-2020,03-Sep-2020,0.095,0.145,
02-Sep-2020,02-Sep-2020,0.101,0.151,
01-Sep-2020,01-Sep-2020,0.090,0.140,
31-Aug-2020,31-Aug-2020,0.099,0.149,
28-Aug-2020,28-Aug-2020,0.112,0.162,
27-Aug-2020,27-Aug-2020,0.137,0.187,
26-Aug-2020,26-Aug-2020,0.113,0.163,
25-Aug-2020,25-Aug-2020,0.109,0.159,
24-Aug-2020,24-Aug-2020,0.094,0.144,
21-Aug-2020,21-Aug-2020,0.083,0.133,
20-Aug-2020,20-Aug-2020,0.084,0.134,
19-Aug-2020,19-Aug-2020,0.089,0.139,
18-Aug-2020,18-Aug-2020,0.083,0.133,
17-Aug-2020,17-Aug-2020,0.099,0.149,
14-Aug-2020,14-Aug-2020,0.109,0.159,
13-Aug-2020,13-Aug-2020,0.124,0.174,
12-Aug-2020,12-Aug-2020,0.114,0.164,
11-Aug-2020,11-Aug-2020,0.093,0.143,
10-Aug-2020,10-Aug-2020,0.069,0.119,
07-Aug-2020,07-Aug-2020,0.062,0.112,
06-Aug-2020,06-Aug-2020,0.037,0.087,
05-Aug-2020,05-Aug-2020,0.040,0.090,
04-Aug-2020,04-Aug-2020,0.005,0.055,
03-Aug-2020,03-Aug-2020,0.028,0.078,
31-Jul-2020,31-Jul-2020,0.012,0.062,
30-Jul-2020,30-Jul-2020,0.029,0.079,
29-Jul-2020,29-Jul-2020,0.050,0.100,
28-Jul-2020,28-Jul-2020,0.060,0.110,
27-Jul-2020,27-Jul-2020,0.079,0.129,
24-Jul-2020,24-Jul-2020,0.063,0.113,
23-Jul-2020,23-Jul-2020,0.062,0.112,
22-Jul-2020,22-Jul-2020,0.067,0.117,
21-Jul-2020,21-Jul-2020,0.057,0.107,
20-Jul-2020,20-Jul-2020,0.061,0.111,
17-Jul-2020,17-Jul-2020,0.078,0.128,
16-Jul-2020,16-Jul-2020,0.066,0.116,
15-Jul-2020,15-Jul-2020,0.066,0.116,
14-Jul-2020,14-Jul-2020,0.081,0.131,
13-Jul-2020,13-Jul-2020,0.067,0.117,
10-Jul-2020,10-Jul-2020,0.083,0.133,
09-Jul-2020,09-Jul-2020,0.062,0.112,
08-Jul-2020,08-Jul-2020,0.075,0.125,
07-Jul-2020,07-Jul-2020,0.064,0.114,
06-Jul-2020,06-Jul-2020,0.072,0.122,
03-Jul-2020,03-Jul-2020,0.070,0.120,
02-Jul-2020,02-Jul-2020,0.070,0.120,
01-Jul-2020,01-Jul-2020,0.087,0.137,
30-Jun-2020,30-Jun-2020,0.063,0.113,
29-Jun-2020,29-Jun-2020,0.050,0.100,
26-Jun-2020,26-Jun-2020,0.078,0.128,
25-Jun-2020,25-Jun-2020,0.097,0.147,
24-Jun-2020,24-Jun-2020,0.106,0.156,
23-Jun-2020,23-Jun-2020,0.104,0.154,
22-Jun-2020,22-Jun-2020,0.109,0.159,
19-Jun-2020,19-Jun-2020,0.097,0.147,
18-Jun-2020,18-Jun-2020,0.102,0.152,
17-Jun-2020,17-Jun-2020,0.105,0.155,
16-Jun-2020,16-Jun-2020,0.123,0.173,
15-Jun-2020,15-Jun-2020,0.122,0.172,
12-Jun-2020,12-Jun-2020,0.112,0.162,
11-Jun-2020,11-Jun-2020,0.083,0.133,
10-Jun-2020,10-Jun-2020,0.105,0.155,
09-Jun-2020,09-Jun-2020,0.170,0.220,
08-Jun-2020,08-Jun-2020,0.211,0.261,
05-Jun-2020,05-Jun-2020,0.235,0.285,
04-Jun-2020,04-Jun-2020,0.169,0.219,
03-Jun-2020,03-Jun-2020,0.127,0.177,
02-Jun-2020,02-Jun-2020,0.088,0.138,
01-Jun-2020,01-Jun-2020,0.080,0.130,
29-May-2020,29-May-2020,0.086,0.136,
28-May-2020,28-May-2020,0.112,0.162,
27-May-2020,27-May-2020,0.130,0.180,
26-May-2020,26-May-2020,0.116,0.166,
22-May-2020,22-May-2020,0.105,0.155,
21-May-2020,21-May-2020,0.111,0.161,
20-May-2020,20-May-2020,0.115,0.165,
19-May-2020,19-May-2020,0.102,0.152,
18-May-2020,18-May-2020,0.137,0.187,
15-May-2020,15-May-2020,0.074,0.124,
14-May-2020,14-May-2020,0.052,0.102,
13-May-2020,13-May-2020,0.062,0.112,
12-May-2020,12-May-2020,0.055,0.105,
11-May-2020,11-May-2020,0.086,0.136,
08-May-2020,08-May-2020,0.081,0.131,
07-May-2020,07-May-2020,0.056,0.106,
06-May-2020,06-May-2020,0.115,0.165,
05-May-2020,05-May-2020,0.137,0.187,
04-May-2020,04-May-2020,0.133,0.183,
01-May-2020,01-May-2020,0.131,0.181,
30-Apr-2020,30-Apr-2020,0.138,0.188,
29-Apr-2020,29-Apr-2020,0.154,0.204,
28-Apr-2020,28-Apr-2020,0.156,0.206,
27-Apr-2020,27-Apr-2020,0.186,0.236,
24-Apr-2020,24-Apr-2020,0.168,0.218,
23-Apr-2020,23-Apr-2020,0.150,0.200,
22-Apr-2020,22-Apr-2020,0.156,0.206,
21-Apr-2020,21-Apr-2020,0.142,0.192,
20-Apr-2020,20-Apr-2020,0.172,0.222,
17-Apr-2020,17-Apr-2020,0.195,0.245,
16-Apr-2020,16-Apr-2020,0.197,0.247,
15-Apr-2020,15-Apr-2020,0.183,0.233,
14-Apr-2020,14-Apr-2020,0.263,0.313,
13-Apr-2020,13-Apr-2020,0.284,0.334,
10-Apr-2020,10-Apr-2020,0.265,0.315,
09-Apr-2020,09-Apr-2020,0.265,0.315,
08-Apr-2020,08-Apr-2020,0.283,0.333,
07-Apr-2020,07-Apr-2020,0.273,0.323,
06-Apr-2020,06-Apr-2020,0.255,0.305,
03-Apr-2020,03-Apr-2020,0.206,0.256,
02-Apr-2020,02-Apr-2020,0.209,0.259,
01-Apr-2020,01-Apr-2020,0.194,0.244,
31-Mar-2020,31-Mar-2020,0.205,0.255,
30-Mar-2020,30-Mar-2020,0.225,0.275,
27-Mar-2020,27-Mar-2020,0.170,0.220,
26-Mar-2020,26-Mar-2020,0.211,0.261,
25-Mar-2020,25-Mar-2020,0.312,0.362,
24-Mar-2020,24-Mar-2020,0.280,0.330,
23-Mar-2020,23-Mar-2020,0.174,0.224,
20-Mar-2020,20-Mar-2020,0.215,0.265,
19-Mar-2020,19-Mar-2020,0.351,0.401,
18-Mar-2020,18-Mar-2020,0.439,0.489,
17-Mar-2020,17-Mar-2020,0.485,0.535,
16-Mar-2020,16-Mar-2020,0.317,0.367,
13-Mar-2020,13-Mar-2020,0.493,0.543,
12-Mar-2020,12-Mar-2020,0.323,0.373,
11-Mar-2020,11-Mar-2020,0.436,0.486,
10-Mar-2020,10-Mar-2020,0.426,0.476,
09-Mar-2020,09-Mar-2020,0.238,0.288,
06-Mar-2020,06-Mar-2020,0.452,0.502,
05-Mar-2020,05-Mar-2020,0.465,0.515,
04-Mar-2020,04-Mar-2020,0.579,0.629,
03-Mar-2020,03-Mar-2020,0.552,0.602,
02-Mar-2020,02-Mar-2020,0.741,0.791,
28-Feb-2020,28-Feb-2020,0.743,0.793,
27-Feb-2020,27-Feb-2020,0.858,0.908,
26-Feb-2020,26-Feb-2020,0.945,0.995,
25-Feb-2020,25-Feb-2020,0.962,1.012,
24-Feb-2020,24-Feb-2020,0.969,1.019,
21-Feb-2020,21-Feb-2020,1.080,1.130,
20-Feb-2020,20-Feb-2020,1.132,1.182,
19-Feb-2020,19-Feb-2020,1.174,1.224,
18-Feb-2020,18-Feb-2020,1.161,1.211,
14-Feb-2020,14-Feb-2020,1.190,1.240,
13-Feb-2020,13-Feb-2020,1.222,1.272,
12-Feb-2020,12-Feb-2020,1.242,1.292,
11-Feb-2020,11-Feb-2020,1.203,1.253,
10-Feb-2020,10-Feb-2020,1.168,1.218,
07-Feb-2020,07-Feb-2020,1.200,1.250,
06-Feb-2020,06-Feb-2020,1.249,1.299,
05-Feb-2020,05-Feb-2020,1.246,1.296,
04-Feb-2020,04-Feb-2020,1.195,1.245,
03-Feb-2020,03-Feb-2020,1.122,1.172,
31-Jan-2020,31-Jan-2020,1.083,1.133,
30-Jan-2020,30-Jan-2020,1.173,1.223,
29-Jan-2020,29-Jan-2020,1.173,1.223,
28-Jan-2020,28-Jan-2020,1.235,1.285,
27-Jan-2020,27-Jan-2020,1.183,1.233,
24-Jan-2020,24-Jan-2020,1.274,1.324,
23-Jan-2020,23-Jan-2020,1.309,1.359,
22-Jan-2020,22-Jan-2020,1.344,1.394,
21-Jan-2020,21-Jan-2020,1.349,1.399,
17-Jan-2020,17-Jan-2020,1.393,1.443,
16-Jan-2020,16-Jan-2020,1.385,1.435,
15-Jan-2020,15-Jan-2020,1.368,1.418,
14-Jan-2020,14-Jan-2020,1.381,1.431,
13-Jan-2020,13-Jan-2020,1.395,1.445,
10-Jan-2020,10-Jan-2020,1.381,1.431,
09-Jan-2020,09-Jan-2020,1.398,1.448,
08-Jan-2020,08-Jan-2020,1.409,1.459,
07-Jan-2020,07-Jan-2020,1.352,1.402,
06-Jan-2020,06-Jan-2020,1.346,1.396,
03-Jan-2020,03-Jan-2020,1.354,1.404,
02-Jan-2020,02-Jan-2020,1.431,1.481,
31-Dec-2019,31-Dec-2019,1.472,1.522,
30-Dec-2019,30-Dec-2019,1.442,1.492,
27-Dec-2019,27-Dec-2019,1.426,1.476,
26-Dec-2019,26-Dec-2019,1.452,1.502,
24-Dec-2019,24-Dec-2019,1.448,1.498,
23-Dec-2019,23-Dec-2019,1.484,1.534,
20-Dec-2019,20-Dec-2019,1.470,1.520,
19-Dec-2019,19-Dec-2019,1.463,1.513,
18-Dec-2019,18-Dec-2019,1.466,1.516,
17-Dec-2019,17-Dec-2019,1.429,1.479,
16-Dec-2019,16-Dec-2019,1.427,1.477,
13-Dec-2019,13-Dec-2019,1.369,1.419,
12-Dec-2019,12-Dec-2019,1.440,1.490,
11-Dec-2019,11-Dec-2019,1.343,1.393,
10-Dec-2019,10-Dec-2019,1.383,1.433,
09-Dec-2019,09-Dec-2019,1.371,1.421,
06-Dec-2019,06-Dec-2019,1.373,1.423,
05-Dec-2019,05-Dec-2019,1.343,1.393,
04-Dec-2019,04-Dec-2019,1.306,1.356,
03-Dec-2019,03-Dec-2019,1.242,1.292,
02-Dec-2019,02-Dec-2019,1.344,1.394,
29-Nov-2019,29-Nov-2019,1.325,1.375,
27-Nov-2019,27-Nov-2019,1.309,1.359,
26-Nov-2019,26-Nov-2019,1.267,1.317,
25-Nov-2019,25-Nov-2019,1.276,1.326,
22-Nov-2019,22-Nov-2019,1.280,1.330,
21-Nov-2019,21-Nov-2019,1.275,1.325,
20-Nov-2019,20-Nov-2019,1.256,1.306,
19-Nov-2019,19-Nov-2019,1.286,1.336,
18-Nov-2019,18-Nov-2019,1.317,1.367,
15-Nov-2019,15-Nov-2019,1.342,1.392,
14-Nov-2019,14-Nov-2019,1.316,1.366,
13-Nov-2019,13-Nov-2019,1.386,1.436,
12-Nov-2019,12-Nov-2019,1.414,1.464,
08-Nov-2019,08-Nov-2019,1.446,1.496,
07-Nov-2019,07-Nov-2019,1.436,1.486,
06-Nov-2019,06-Nov-2019,1.335,1.385,
05-Nov-2019,05-Nov-2019,1.359,1.409,
04-Nov-2019,04-Nov-2019,1.295,1.345,
01-Nov-2019,01-Nov-2019,1.242,1.292,
31-Oct-2019,31-Oct-2019,1.208,1.258,
30-Oct-2019,30-Oct-2019,1.279,1.329,
29-Oct-2019,29-Oct-2019,1.340,1.390,
28-Oct-2019,28-Oct-2019,1.345,1.395,
25-Oct-2019,25-Oct-2019,1.300,1.350,
24-Oct-2019,24-Oct-2019,1.274,1.324,
23-Oct-2019,23-Oct-2019,1.284,1.334,
22-Oct-2019,22-Oct-2019,1.281,1.331,
21-Oct-2019,21-Oct-2019,1.316,1.366,
18-Oct-2019,18-Oct-2019,1.277,1.327,
17-Oct-2019,17-Oct-2019,1.290,1.340,
16-Oct-2019,16-Oct-2019,1.275,1.325,
15-Oct-2019,15-Oct-2019,1.315,1.365,
14-Oct-2019,14-Oct-2019,1.266,1.316,
11-Oct-2019,11-Oct-2019,1.266,1.316,
10-Oct-2019,10-Oct-2019,1.182,1.232,
09-Oct-2019,09-Oct-2019,1.102,1.152,
08-Oct-2019,08-Oct-2019,1.044,1.094,
07-Oct-2019,07-Oct-2019,1.094,1.144,
04-Oct-2019,04-Oct-2019,1.053,1.103,
03-Oct-2019,03-Oct-2019,1.038,1.088,
02-Oct-2019,02-Oct-2019,1.117,1.167,
01-Oct-2019,01-Oct-2019,1.176,1.226,
30-Sep-2019,30-Sep-2019,1.226,1.276,
27-Sep-2019,27-Sep-2019,1.229,1.279,
26-Sep-2019,26-Sep-2019,1.239,1.289,
25-Sep-2019,25-Sep-2019,1.262,1.312,
24-Sep-2019,24-Sep-2019,1.175,1.225,
23-Sep-2019,23-Sep-2019,1.256,1.306,
20-Sep-2019,20-Sep-2019,1.271,1.321,
19-Sep-2019,19-Sep-2019,1.284,1.334,
18-Sep-2019,18-Sep-2019,1.301,1.351,
17-Sep-2019,17-Sep-2019,1.298,1.348,
16-Sep-2019,16-Sep-2019,1.317,1.367,
13-Sep-2019,13-Sep-2019,1.374,1.424,
12-Sep-2019,12-Sep-2019,1.260,1.310,
11-Sep-2019,11-Sep-2019,1.213,1.263,
10-Sep-2019,10-Sep-2019,1.209,1.259,
09-Sep-2019,09-Sep-2019,1.120,1.170,
06-Sep-2019,06-Sep-2019,1.058,1.108,
05-Sep-2019,05-Sep-2019,1.038,1.088,
04-Sep-2019,04-Sep-2019,0.948,0.998,
03-Sep-2019,03-Sep-2019,0.965,1.015,
02-Sep-2019,02-Sep-2019,1.020,1.070,
30-Aug-2019,30-Aug-2019,1.020,1.070,
29-Aug-2019,29-Aug-2019,1.030,1.080,
28-Aug-2019,28-Aug-2019,1.007,1.057,
27-Aug-2019,27-Aug-2019,1.031,1.081,
26-Aug-2019,26-Aug-2019,1.080,1.130,
23-Aug-2019,23-Aug-2019,1.067,1.117,
22-Aug-2019,22-Aug-2019,1.165,1.215,
21-Aug-2019,21-Aug-2019,1.126,1.176,
20-Aug-2019,20-Aug-2019,1.089,1.139,
19-Aug-2019,19-Aug-2019,1.135,1.185,
16-Aug-2019,16-Aug-2019,1.090,1.140,
15-Aug-2019,15-Aug-2019,1.075,1.125,
14-Aug-2019,14-Aug-2019,1.141,1.191,
13-Aug-2019,13-Aug-2019,1.240,1.290,
12-Aug-2019,12-Aug-2019,1.145,1.195,
09-Aug-2019,09-Aug-2019,1.229,1.279,
08-Aug-2019,08-Aug-2019,1.176,1.226,
07-Aug-2019,07-Aug-2019,1.180,1.230,
06-Aug-2019,06-Aug-2019,1.176,1.226,
05-Aug-2019,05-Aug-2019,1.164,1.214,
02-Aug-2019,02-Aug-2019,1.341,1.391,
01-Aug-2019,01-Aug-2019,1.373,1.423,
31-Jul-2019,31-Jul-2019,1.519,1.569,
30-Jul-2019,30-Jul-2019,1.513,1.563,
29-Jul-2019,29-Jul-2019,1.514,1.564,
26-Jul-2019,26-Jul-2019,1.514,1.564,
25-Jul-2019,25-Jul-2019,1.521,1.571,
24-Jul-2019,24-Jul-2019,1.484,1.534,
23-Jul-2019,23-Jul-2019,1.532,1.582,
22-Jul-2019,22-Jul-2019,1.499,1.549,
19-Jul-2019,19-Jul-2019,1.510,1.560,
18-Jul-2019,18-Jul-2019,1.453,1.503,
17-Jul-2019,17-Jul-2019,1.522,1.572,
16-Jul-2019,16-Jul-2019,1.583,1.633,
15-Jul-2019,15-Jul-2019,1.556,1.606,
12-Jul-2019,12-Jul-2019,1.604,1.654,
11-Jul-2019,11-Jul-2019,1.622,1.672,
10-Jul-2019,10-Jul-2019,1.554,1.604,
09-Jul-2019,09-Jul-2019,1.588,1.638,
08-Jul-2019,08-Jul-2019,1.562,1.612,
05-Jul-2019,05-Jul-2019,1.558,1.608,
03-Jul-2019,03-Jul-2019,1.463,1.513,
02-Jul-2019,02-Jul-2019,1.472,1.522,
01-Jul-2019,01-Jul-2019,1.526,1.576,
28-Jun-2019,28-Jun-2019,1.499,1.549,
27-Jun-2019,27-Jun-2019,1.488,1.538,
26-Jun-2019,26-Jun-2019,1.508,1.558,
25-Jun-2019,25-Jun-2019,1.439,1.489,
24-Jun-2019,24-Jun-2019,1.464,1.514,
21-Jun-2019,21-Jun-2019,1.512,1.562,
20-Jun-2019,20-Jun-2019,1.505,1.555,
19-Jun-2019,19-Jun-2019,1.479,1.529,
18-Jun-2019,18-Jun-2019,1.558,1.608,
17-Jun-2019,17-Jun-2019,1.588,1.638,
14-Jun-2019,14-Jun-2019,1.551,1.601,
13-Jun-2019,13-Jun-2019,1.564,1.614,
12-Jun-2019,12-Jun-2019,1.608,1.658,
11-Jun-2019,11-Jun-2019,1.658,1.708,
10-Jun-2019,10-Jun-2019,1.673,1.723,
07-Jun-2019,07-Jun-2019,1.625,1.675,
06-Jun-2019,06-Jun-2019,1.640,1.690,
05-Jun-2019,05-Jun-2019,1.639,1.689,
04-Jun-2019,04-Jun-2019,1.643,1.693,
03-Jun-2019,03-Jun-2019,1.571,1.621,
31-May-2019,31-May-2019,1.665,1.715,
30-May-2019,30-May-2019,1.767,1.817,
29-May-2019,29-May-2019,1.818,1.868,
28-May-2019,28-May-2019,1.811,1.861,
27-May-2019,27-May-2019,1.863,1.913,
24-May-2019,24-May-2019,1.863,1.913,
23-May-2019,23-May-2019,1.867,1.917,
22-May-2019,22-May-2019,1.927,1.977,
21-May-2019,21-May-2019,1.976,2.026,
20-May-2019,20-May-2019,1.953,2.003,
17-May-2019,17-May-2019,1.923,1.973,
16-May-2019,16-May-2019,1.923,1.973,
15-May-2019,15-May-2019,1.895,1.945,
14-May-2019,14-May-2019,1.939,1.989,
13-May-2019,13-May-2019,1.941,1.991,
10-May-2019,10-May-2019,2.023,2.073,
09-May-2019,09-May-2019,2.008,2.058,
08-May-2019,08-May-2019,2.052,2.102,
07-May-2019,07-May-2019,2.024,2.074,
06-May-2019,06-May-2019,2.034,2.084,
03-May-2019,03-May-2019,2.096,2.146,
02-May-2019,02-May-2019,2.112,2.162,
01-May-2019,01-May-2019,2.073,2.123,
30-Apr-2019,30-Apr-2019,2.046,2.096,
29-Apr-2019,29-Apr-2019,2.066,2.116,
26-Apr-2019,26-Apr-2019,2.044,2.094,
25-Apr-2019,25-Apr-2019,2.093,2.143,
24-Apr-2019,24-Apr-2019,2.072,2.122,
23-Apr-2019,23-Apr-2019,2.118,2.168,
22-Apr-2019,22-Apr-2019,2.147,2.197,
19-Apr-2019,19-Apr-2019,2.135,2.185,
18-Apr-2019,18-Apr-2019,2.134,2.184,
17-Apr-2019,17-Apr-2019,2.166,2.216,
16-Apr-2019,16-Apr-2019,2.168,2.218,
15-Apr-2019,15-Apr-2019,2.136,2.186,
12-Apr-2019,12-Apr-2019,2.140,2.190,
11-Apr-2019,11-Apr-2019,2.074,2.124,
10-Apr-2019,10-Apr-2019,2.037,2.087,
09-Apr-2019,09-Apr-2019,2.071,2.121,
08-Apr-2019,08-Apr-2019,2.089,2.139,
05-Apr-2019,05-Apr-2019,2.062,2.112,
04-Apr-2019,04-Apr-2019,2.082,2.132,
03-Apr-2019,03-Apr-2019,2.079,2.129,
02-Apr-2019,02-Apr-2019,2.044,2.094,
01-Apr-2019,01-Apr-2019,2.066,2.116,
29-Mar-2019,29-Mar-2019,2.000,2.050,
28-Mar-2019,28-Mar-2019,1.969,2.019,
27-Mar-2019,27-Mar-2019,1.921,1.971,
26-Mar-2019,26-Mar-2019,1.968,2.018,
25-Mar-2019,25-Mar-2019,1.925,1.975,
22-Mar-2019,22-Mar-2019,2.008,2.058,
21-Mar-2019,21-Mar-2019,2.111,2.161,
20-Mar-2019,20-Mar-2019,2.102,2.152,
19-Mar-2019,19-Mar-2019,2.184,2.234,
18-Mar-2019,18-Mar-2019,2.175,2.225,
15-Mar-2019,15-Mar-2019,2.160,2.210,
14-Mar-2019,14-Mar-2019,2.197,2.247,
13-Mar-2019,13-Mar-2019,2.198,2.248,
12-Mar-2019,12-Mar-2019,2.178,2.228,
11-Mar-2019,11-Mar-2019,2.227,2.277,
08-Mar-2019,08-Mar-2019,2.215,2.265,
07-Mar-2019,07-Mar-2019,2.225,2.275,
06-Mar-2019,06-Mar-2019,2.272,2.322,
05-Mar-2019,05-Mar-2019,2.296,2.346,
04-Mar-2019,04-Mar-2019,2.284,2.334,
01-Mar-2019,01-Mar-2019,2.320,2.370,
28-Feb-2019,28-Feb-2019,2.274,2.324,
27-Feb-2019,27-Feb-2019,2.240,2.290,
26-Feb-2019,26-Feb-2019,2.200,2.250,
25-Feb-2019,25-Feb-2019,2.224,2.274,
22-Feb-2019,22-Feb-2019,2.227,2.277,
21-Feb-2019,21-Feb-2019,2.262,2.312,
20-Feb-2019,20-Feb-2019,2.236,2.286,
19-Feb-2019,19-Feb-2019,2.223,2.273,
15-Feb-2019,15-Feb-2019,2.257,2.307,
14-Feb-2019,14-Feb-2019,2.235,2.285,
13-Feb-2019,13-Feb-2019,2.289,2.339,
12-Feb-2019,12-Feb-2019,2.251,2.301,
11-Feb-2019,11-Feb-2019,2.232,2.282,
08-Feb-2019,08-Feb-2019,2.209,2.259,
07-Feb-2019,07-Feb-2019,2.227,2.277,
06-Feb-2019,06-Feb-2019,2.266,2.316,
05-Feb-2019,05-Feb-2019,2.270,2.320,
04-Feb-2019,04-Feb-2019,2.298,2.348,
01-Feb-2019,01-Feb-2019,2.262,2.312,
31-Jan-2019,31-Jan-2019,2.204,2.254,
30-Jan-2019,30-Jan-2019,2.253,2.303,
29-Jan-2019,29-Jan-2019,2.300,2.350,
28-Jan-2019,28-Jan-2019,2.331,2.381,
25-Jan-2019,25-Jan-2019,2.345,2.395,
24-Jan-2019,24-Jan-2019,2.292,2.342,
23-Jan-2019,23-Jan-2019,2.320,2.370,
22-Jan-2019,22-Jan-2019,2.319,2.369,
18-Jan-2019,18-Jan-2019,2.374,2.424,
17-Jan-2019,17-Jan-2019,2.319,2.369,
16-Jan-2019,16-Jan-2019,2.291,2.341,
15-Jan-2019,15-Jan-2019,2.284,2.334,
14-Jan-2019,14-Jan-2019,2.275,2.325,
11-Jan-2019,11-Jan-2019,2.271,2.321,
10-Jan-2019,10-Jan-2019,2.308,2.358,
09-Jan-2019,09-Jan-2019,2.295,2.345,
08-Jan-2019,08-Jan-2019,2.324,2.374,
07-Jan-2019,07-Jan-2019,2.270,2.320,
04-Jan-2019,04-Jan-2019,2.228,2.278,
03-Jan-2019,03-Jan-2019,2.082,2.132,
02-Jan-2019,02-Jan-2019,2.238,2.288,
01-Jan-2019,01-Jan-2019,2.258,2.308,