US Dollar 10 Year Fed Funds Overnight Index Swap | Price History                                          16-Apr-2026 00:41,,,,
,,,,
,,,,
USDOIS10Y=PYNY,,,,
Interval: Daily,,,,
History Period: 01-Jan-2019 - 14-Apr-2026,,,,
,,,,
,,,,
USDOIS10Y=PYNY Statistics     Daily     01-Jan-2019 - 14-Apr-2026,,,,
Price,,,Up/Down,
High,4.581,19-Oct-2023,Up,951
Low,0.261,04-Aug-2020,Down,900
Avg (Close),2.535,,Unch,23
Avg (High-Low),2.421,,,
,,,,
,,,,
USDOIS10Y=PYNY History     Daily     01-Jan-2019 - 14-Apr-2026,,,,
Date,Exchange Date,Bid,Ask,
14-Apr-2026,14-Apr-2026,3.731,3.781,
13-Apr-2026,13-Apr-2026,3.770,3.820,
10-Apr-2026,10-Apr-2026,3.782,3.832,
09-Apr-2026,09-Apr-2026,3.751,3.801,
08-Apr-2026,08-Apr-2026,3.761,3.811,
07-Apr-2026,07-Apr-2026,3.762,3.812,
06-Apr-2026,06-Apr-2026,3.792,3.842,
03-Apr-2026,03-Apr-2026,3.808,3.858,
02-Apr-2026,02-Apr-2026,3.774,3.824,
01-Apr-2026,01-Apr-2026,3.782,3.832,
31-Mar-2026,31-Mar-2026,3.782,3.832,
30-Mar-2026,30-Mar-2026,3.798,3.848,
27-Mar-2026,27-Mar-2026,3.867,3.917,
26-Mar-2026,26-Mar-2026,3.851,3.901,
25-Mar-2026,25-Mar-2026,3.785,3.835,
24-Mar-2026,24-Mar-2026,3.812,3.862,
23-Mar-2026,23-Mar-2026,3.798,3.848,
20-Mar-2026,20-Mar-2026,3.811,3.861,
19-Mar-2026,19-Mar-2026,3.706,3.756,
18-Mar-2026,18-Mar-2026,3.699,3.749,
17-Mar-2026,17-Mar-2026,3.653,3.703,
16-Mar-2026,16-Mar-2026,3.665,3.715,
13-Mar-2026,13-Mar-2026,3.697,3.747,
12-Mar-2026,12-Mar-2026,3.701,3.751,
11-Mar-2026,11-Mar-2026,3.674,3.724,
10-Mar-2026,10-Mar-2026,3.622,3.672,
09-Mar-2026,09-Mar-2026,3.567,3.617,
06-Mar-2026,06-Mar-2026,3.588,3.638,
05-Mar-2026,05-Mar-2026,3.596,3.646,
04-Mar-2026,04-Mar-2026,3.571,3.621,
03-Mar-2026,03-Mar-2026,3.540,3.590,
02-Mar-2026,02-Mar-2026,3.518,3.568,
27-Feb-2026,27-Feb-2026,3.440,3.490,
26-Feb-2026,26-Feb-2026,3.511,3.561,
25-Feb-2026,25-Feb-2026,3.542,3.592,
24-Feb-2026,24-Feb-2026,3.510,3.560,
20-Feb-2026,20-Feb-2026,3.575,3.625,
19-Feb-2026,19-Feb-2026,3.573,3.623,
18-Feb-2026,18-Feb-2026,3.588,3.638,
17-Feb-2026,17-Feb-2026,3.562,3.612,
16-Feb-2026,16-Feb-2026,3.556,3.606,
13-Feb-2026,13-Feb-2026,3.550,3.600,
12-Feb-2026,12-Feb-2026,3.601,3.651,
11-Feb-2026,11-Feb-2026,3.681,3.731,
10-Feb-2026,10-Feb-2026,3.651,3.701,
09-Feb-2026,09-Feb-2026,3.708,3.758,
06-Feb-2026,06-Feb-2026,3.713,3.763,
05-Feb-2026,05-Feb-2026,3.687,3.737,
04-Feb-2026,04-Feb-2026,3.790,3.840,
03-Feb-2026,03-Feb-2026,3.779,3.829,
02-Feb-2026,02-Feb-2026,3.800,3.850,
30-Jan-2026,30-Jan-2026,3.764,3.814,
29-Jan-2026,29-Jan-2026,3.778,3.828,
28-Jan-2026,28-Jan-2026,3.796,3.846,
27-Jan-2026,27-Jan-2026,3.788,3.838,
26-Jan-2026,26-Jan-2026,3.779,3.829,
23-Jan-2026,23-Jan-2026,3.820,3.870,
22-Jan-2026,22-Jan-2026,3.805,3.855,
21-Jan-2026,21-Jan-2026,3.822,3.872,
20-Jan-2026,20-Jan-2026,3.828,3.878,
19-Jan-2026,19-Jan-2026,3.794,3.844,
16-Jan-2026,16-Jan-2026,3.787,3.837,
15-Jan-2026,15-Jan-2026,3.752,3.802,
14-Jan-2026,14-Jan-2026,3.718,3.768,
13-Jan-2026,13-Jan-2026,3.745,3.795,
12-Jan-2026,12-Jan-2026,3.747,3.797,
09-Jan-2026,09-Jan-2026,3.720,3.770,
08-Jan-2026,08-Jan-2026,3.717,3.767,
07-Jan-2026,07-Jan-2026,3.696,3.746,
06-Jan-2026,06-Jan-2026,3.709,3.759,
05-Jan-2026,05-Jan-2026,3.699,3.749,
02-Jan-2026,02-Jan-2026,3.737,3.787,
31-Dec-2025,31-Dec-2025,3.722,3.772,
30-Dec-2025,30-Dec-2025,3.683,3.733,
29-Dec-2025,29-Dec-2025,3.667,3.717,
26-Dec-2025,26-Dec-2025,3.682,3.732,
24-Dec-2025,24-Dec-2025,3.673,3.723,
23-Dec-2025,23-Dec-2025,3.705,3.755,
22-Dec-2025,22-Dec-2025,3.697,3.747,
19-Dec-2025,19-Dec-2025,3.683,3.733,
18-Dec-2025,18-Dec-2025,3.657,3.707,
17-Dec-2025,17-Dec-2025,3.691,3.741,
16-Dec-2025,16-Dec-2025,3.674,3.724,
15-Dec-2025,15-Dec-2025,3.698,3.748,
12-Dec-2025,12-Dec-2025,3.695,3.745,
11-Dec-2025,11-Dec-2025,3.666,3.716,
10-Dec-2025,10-Dec-2025,3.673,3.723,
09-Dec-2025,09-Dec-2025,3.692,3.742,
08-Dec-2025,08-Dec-2025,3.672,3.722,
05-Dec-2025,05-Dec-2025,3.647,3.697,
04-Dec-2025,04-Dec-2025,3.602,3.652,
03-Dec-2025,03-Dec-2025,3.556,3.606,
02-Dec-2025,02-Dec-2025,3.582,3.632,
01-Dec-2025,01-Dec-2025,3.587,3.637,
28-Nov-2025,28-Nov-2025,3.520,3.570,
27-Nov-2025,27-Nov-2025,3.563,3.613,
26-Nov-2025,26-Nov-2025,3.493,3.543,
25-Nov-2025,25-Nov-2025,3.493,3.543,
24-Nov-2025,24-Nov-2025,3.513,3.563,
21-Nov-2025,21-Nov-2025,3.543,3.593,
20-Nov-2025,20-Nov-2025,3.560,3.610,
19-Nov-2025,19-Nov-2025,3.607,3.657,
18-Nov-2025,18-Nov-2025,3.589,3.639,
17-Nov-2025,17-Nov-2025,3.610,3.660,
14-Nov-2025,14-Nov-2025,3.620,3.670,
13-Nov-2025,13-Nov-2025,3.605,3.655,
12-Nov-2025,12-Nov-2025,3.568,3.618,
11-Nov-2025,11-Nov-2025,3.575,3.625,
10-Nov-2025,10-Nov-2025,3.601,3.651,
07-Nov-2025,07-Nov-2025,3.574,3.624,
06-Nov-2025,06-Nov-2025,3.564,3.614,
05-Nov-2025,05-Nov-2025,3.637,3.687,
04-Nov-2025,04-Nov-2025,3.575,3.625,
03-Nov-2025,03-Nov-2025,3.594,3.644,
31-Oct-2025,31-Oct-2025,3.573,3.623,
30-Oct-2025,30-Oct-2025,3.585,3.635,
29-Oct-2025,29-Oct-2025,3.557,3.607,
28-Oct-2025,28-Oct-2025,3.468,3.518,
27-Oct-2025,27-Oct-2025,3.473,3.523,
24-Oct-2025,24-Oct-2025,3.482,3.532,
23-Oct-2025,23-Oct-2025,3.478,3.528,
22-Oct-2025,22-Oct-2025,3.421,3.471,
21-Oct-2025,21-Oct-2025,3.417,3.467,
20-Oct-2025,20-Oct-2025,3.429,3.479,
17-Oct-2025,17-Oct-2025,3.457,3.507,
16-Oct-2025,16-Oct-2025,3.424,3.474,
15-Oct-2025,15-Oct-2025,3.482,3.532,
14-Oct-2025,14-Oct-2025,3.491,3.541,
13-Oct-2025,13-Oct-2025,3.460,3.510,
10-Oct-2025,10-Oct-2025,3.466,3.516,
09-Oct-2025,09-Oct-2025,3.573,3.623,
08-Oct-2025,08-Oct-2025,3.554,3.604,
07-Oct-2025,07-Oct-2025,3.564,3.614,
06-Oct-2025,06-Oct-2025,3.575,3.625,
03-Oct-2025,03-Oct-2025,3.539,3.589,
02-Oct-2025,02-Oct-2025,3.508,3.558,
01-Oct-2025,01-Oct-2025,3.519,3.569,
30-Sep-2025,30-Sep-2025,3.568,3.618,
29-Sep-2025,29-Sep-2025,3.564,3.614,
26-Sep-2025,26-Sep-2025,3.591,3.641,
25-Sep-2025,25-Sep-2025,3.581,3.631,
24-Sep-2025,24-Sep-2025,3.534,3.584,
23-Sep-2025,23-Sep-2025,3.496,3.546,
22-Sep-2025,22-Sep-2025,3.533,3.583,
19-Sep-2025,19-Sep-2025,3.519,3.569,
18-Sep-2025,18-Sep-2025,3.499,3.549,
17-Sep-2025,17-Sep-2025,3.478,3.528,
16-Sep-2025,16-Sep-2025,3.415,3.465,
15-Sep-2025,15-Sep-2025,3.417,3.467,
12-Sep-2025,12-Sep-2025,3.441,3.491,
11-Sep-2025,11-Sep-2025,3.403,3.453,
10-Sep-2025,10-Sep-2025,3.430,3.480,
09-Sep-2025,09-Sep-2025,3.468,3.518,
08-Sep-2025,08-Sep-2025,3.417,3.467,
05-Sep-2025,05-Sep-2025,3.458,3.508,
04-Sep-2025,04-Sep-2025,3.536,3.586,
03-Sep-2025,03-Sep-2025,3.591,3.641,
02-Sep-2025,02-Sep-2025,3.629,3.679,
01-Sep-2025,01-Sep-2025,3.614,3.664,
29-Aug-2025,29-Aug-2025,3.604,3.654,
28-Aug-2025,28-Aug-2025,3.580,3.630,
27-Aug-2025,27-Aug-2025,3.612,3.662,
26-Aug-2025,26-Aug-2025,3.638,3.688,
25-Aug-2025,25-Aug-2025,3.662,3.712,
22-Aug-2025,22-Aug-2025,3.642,3.692,
21-Aug-2025,21-Aug-2025,3.718,3.768,
20-Aug-2025,20-Aug-2025,3.683,3.733,
19-Aug-2025,19-Aug-2025,3.694,3.744,
18-Aug-2025,18-Aug-2025,3.722,3.772,
15-Aug-2025,15-Aug-2025,3.709,3.759,
14-Aug-2025,14-Aug-2025,3.679,3.729,
13-Aug-2025,13-Aug-2025,3.624,3.674,
12-Aug-2025,12-Aug-2025,3.674,3.724,
11-Aug-2025,11-Aug-2025,3.675,3.725,
08-Aug-2025,08-Aug-2025,3.670,3.720,
07-Aug-2025,07-Aug-2025,3.635,3.685,
06-Aug-2025,06-Aug-2025,3.627,3.677,
05-Aug-2025,05-Aug-2025,3.604,3.654,
04-Aug-2025,04-Aug-2025,3.587,3.637,
01-Aug-2025,01-Aug-2025,3.621,3.671,
31-Jul-2025,31-Jul-2025,3.762,3.812,
30-Jul-2025,30-Jul-2025,3.759,3.809,
29-Jul-2025,29-Jul-2025,3.714,3.764,
28-Jul-2025,28-Jul-2025,3.795,3.845,
25-Jul-2025,25-Jul-2025,3.777,3.827,
24-Jul-2025,24-Jul-2025,3.780,3.830,
23-Jul-2025,23-Jul-2025,3.764,3.814,
22-Jul-2025,22-Jul-2025,3.729,3.779,
21-Jul-2025,21-Jul-2025,3.753,3.803,
18-Jul-2025,18-Jul-2025,3.788,3.838,
17-Jul-2025,17-Jul-2025,3.817,3.867,
16-Jul-2025,16-Jul-2025,3.816,3.866,
15-Jul-2025,15-Jul-2025,3.843,3.893,
14-Jul-2025,14-Jul-2025,3.798,3.848,
11-Jul-2025,11-Jul-2025,3.776,3.826,
10-Jul-2025,10-Jul-2025,3.721,3.771,
09-Jul-2025,09-Jul-2025,3.705,3.755,
08-Jul-2025,08-Jul-2025,3.769,3.819,
07-Jul-2025,07-Jul-2025,3.747,3.797,
04-Jul-2025,04-Jul-2025,3.710,3.760,
03-Jul-2025,03-Jul-2025,3.717,3.767,
02-Jul-2025,02-Jul-2025,3.661,3.711,
01-Jul-2025,01-Jul-2025,3.632,3.682,
30-Jun-2025,30-Jun-2025,3.605,3.655,
27-Jun-2025,27-Jun-2025,3.654,3.704,
26-Jun-2025,26-Jun-2025,3.613,3.663,
25-Jun-2025,25-Jun-2025,3.662,3.712,
24-Jun-2025,24-Jun-2025,3.666,3.716,
23-Jun-2025,23-Jun-2025,3.727,3.777,
20-Jun-2025,20-Jun-2025,3.763,3.813,
19-Jun-2025,19-Jun-2025,3.763,3.813,
18-Jun-2025,18-Jun-2025,3.777,3.827,
17-Jun-2025,17-Jun-2025,3.781,3.831,
16-Jun-2025,16-Jun-2025,3.839,3.889,
13-Jun-2025,13-Jun-2025,3.789,3.839,
12-Jun-2025,12-Jun-2025,3.771,3.821,
11-Jun-2025,11-Jun-2025,3.828,3.878,
10-Jun-2025,10-Jun-2025,3.875,3.925,
09-Jun-2025,09-Jun-2025,3.880,3.930,
06-Jun-2025,06-Jun-2025,3.903,3.953,
05-Jun-2025,05-Jun-2025,3.798,3.848,
04-Jun-2025,04-Jun-2025,3.763,3.813,
03-Jun-2025,03-Jun-2025,3.849,3.899,
02-Jun-2025,02-Jun-2025,3.823,3.873,
30-May-2025,30-May-2025,3.779,3.829,
29-May-2025,29-May-2025,3.793,3.843,
28-May-2025,28-May-2025,3.847,3.897,
27-May-2025,27-May-2025,3.814,3.864,
26-May-2025,26-May-2025,3.874,3.924,
23-May-2025,23-May-2025,3.876,3.926,
22-May-2025,22-May-2025,3.904,3.954,
21-May-2025,21-May-2025,3.953,4.003,
20-May-2025,20-May-2025,3.866,3.916,
19-May-2025,19-May-2025,3.839,3.889,
16-May-2025,16-May-2025,3.883,3.933,
15-May-2025,15-May-2025,3.838,3.888,
14-May-2025,14-May-2025,3.940,3.990,
13-May-2025,13-May-2025,3.868,3.918,
12-May-2025,12-May-2025,3.884,3.934,
09-May-2025,09-May-2025,3.775,3.825,
08-May-2025,08-May-2025,3.769,3.819,
07-May-2025,07-May-2025,3.657,3.707,
06-May-2025,06-May-2025,3.674,3.724,
05-May-2025,05-May-2025,3.730,3.780,
02-May-2025,02-May-2025,3.694,3.744,
01-May-2025,01-May-2025,3.614,3.664,
30-Apr-2025,30-Apr-2025,3.558,3.608,
29-Apr-2025,29-Apr-2025,3.574,3.624,
28-Apr-2025,28-Apr-2025,3.620,3.670,
25-Apr-2025,25-Apr-2025,3.645,3.695,
24-Apr-2025,24-Apr-2025,3.726,3.776,
23-Apr-2025,23-Apr-2025,3.773,3.823,
22-Apr-2025,22-Apr-2025,3.768,3.818,
21-Apr-2025,21-Apr-2025,3.762,3.812,
18-Apr-2025,18-Apr-2025,3.718,3.768,
17-Apr-2025,17-Apr-2025,3.717,3.767,
16-Apr-2025,16-Apr-2025,3.678,3.728,
15-Apr-2025,15-Apr-2025,3.735,3.785,
14-Apr-2025,14-Apr-2025,3.780,3.830,
11-Apr-2025,11-Apr-2025,3.852,3.902,
10-Apr-2025,10-Apr-2025,3.779,3.829,
09-Apr-2025,09-Apr-2025,3.724,3.774,
08-Apr-2025,08-Apr-2025,3.610,3.660,
07-Apr-2025,07-Apr-2025,3.578,3.628,
04-Apr-2025,04-Apr-2025,3.425,3.475,
03-Apr-2025,03-Apr-2025,3.477,3.527,
02-Apr-2025,02-Apr-2025,3.622,3.672,
01-Apr-2025,01-Apr-2025,3.654,3.704,
31-Mar-2025,31-Mar-2025,3.679,3.729,
28-Mar-2025,28-Mar-2025,3.716,3.766,
27-Mar-2025,27-Mar-2025,3.830,3.880,
26-Mar-2025,26-Mar-2025,3.820,3.870,
25-Mar-2025,25-Mar-2025,3.796,3.846,
24-Mar-2025,24-Mar-2025,3.818,3.868,
21-Mar-2025,21-Mar-2025,3.736,3.786,
20-Mar-2025,20-Mar-2025,3.734,3.784,
19-Mar-2025,19-Mar-2025,3.754,3.804,
18-Mar-2025,18-Mar-2025,3.792,3.842,
17-Mar-2025,17-Mar-2025,3.813,3.863,
14-Mar-2025,14-Mar-2025,3.822,3.872,
13-Mar-2025,13-Mar-2025,3.765,3.815,
12-Mar-2025,12-Mar-2025,3.799,3.849,
11-Mar-2025,11-Mar-2025,3.753,3.803,
10-Mar-2025,10-Mar-2025,3.683,3.733,
07-Mar-2025,07-Mar-2025,3.787,3.837,
06-Mar-2025,06-Mar-2025,3.765,3.815,
05-Mar-2025,05-Mar-2025,3.771,3.821,
04-Mar-2025,04-Mar-2025,3.731,3.781,
03-Mar-2025,03-Mar-2025,3.659,3.709,
28-Feb-2025,28-Feb-2025,3.700,3.750,
27-Feb-2025,27-Feb-2025,3.768,3.818,
26-Feb-2025,26-Feb-2025,3.756,3.806,
25-Feb-2025,25-Feb-2025,3.806,3.856,
24-Feb-2025,24-Feb-2025,3.921,3.971,
21-Feb-2025,21-Feb-2025,3.957,4.007,
20-Feb-2025,20-Feb-2025,4.035,4.085,
19-Feb-2025,19-Feb-2025,4.068,4.118,
18-Feb-2025,18-Feb-2025,4.082,4.132,
17-Feb-2025,17-Feb-2025,4.037,4.087,
14-Feb-2025,14-Feb-2025,4.011,4.061,
13-Feb-2025,13-Feb-2025,4.084,4.134,
12-Feb-2025,12-Feb-2025,4.164,4.214,
11-Feb-2025,11-Feb-2025,4.045,4.095,
10-Feb-2025,10-Feb-2025,4.006,4.056,
07-Feb-2025,07-Feb-2025,4.004,4.054,
06-Feb-2025,06-Feb-2025,3.930,3.980,
05-Feb-2025,05-Feb-2025,3.902,3.952,
04-Feb-2025,04-Feb-2025,3.986,4.036,
03-Feb-2025,03-Feb-2025,4.015,4.065,
31-Jan-2025,31-Jan-2025,4.011,4.061,
30-Jan-2025,30-Jan-2025,3.993,4.043,
29-Jan-2025,29-Jan-2025,3.999,4.049,
28-Jan-2025,28-Jan-2025,3.999,4.049,
27-Jan-2025,27-Jan-2025,3.993,4.043,
24-Jan-2025,24-Jan-2025,4.079,4.129,
23-Jan-2025,23-Jan-2025,4.100,4.150,
22-Jan-2025,22-Jan-2025,4.075,4.125,
21-Jan-2025,21-Jan-2025,4.048,4.098,
20-Jan-2025,20-Jan-2025,4.072,4.122,
17-Jan-2025,17-Jan-2025,4.097,4.147,
16-Jan-2025,16-Jan-2025,4.083,4.133,
15-Jan-2025,15-Jan-2025,4.112,4.162,
14-Jan-2025,14-Jan-2025,4.244,4.294,
13-Jan-2025,13-Jan-2025,4.235,4.285,
10-Jan-2025,10-Jan-2025,4.201,4.251,
09-Jan-2025,09-Jan-2025,4.127,4.177,
08-Jan-2025,08-Jan-2025,4.129,4.179,
07-Jan-2025,07-Jan-2025,4.127,4.177,
06-Jan-2025,06-Jan-2025,4.061,4.111,
03-Jan-2025,03-Jan-2025,4.020,4.070,
02-Jan-2025,02-Jan-2025,3.987,4.037,
31-Dec-2024,31-Dec-2024,4.000,4.050,
30-Dec-2024,30-Dec-2024,3.972,4.022,
27-Dec-2024,27-Dec-2024,4.065,4.115,
26-Dec-2024,26-Dec-2024,4.013,4.063,
25-Dec-2024,25-Dec-2024,3.820,3.870,
24-Dec-2024,24-Dec-2024,4.009,4.059,
23-Dec-2024,23-Dec-2024,4.023,4.073,
20-Dec-2024,20-Dec-2024,3.962,4.012,
19-Dec-2024,19-Dec-2024,3.995,4.045,
18-Dec-2024,18-Dec-2024,3.930,3.980,
17-Dec-2024,17-Dec-2024,3.826,3.876,
16-Dec-2024,16-Dec-2024,3.830,3.880,
13-Dec-2024,13-Dec-2024,3.822,3.872,
12-Dec-2024,12-Dec-2024,3.760,3.810,
11-Dec-2024,11-Dec-2024,3.698,3.748,
10-Dec-2024,10-Dec-2024,3.650,3.700,
09-Dec-2024,09-Dec-2024,3.628,3.678,
06-Dec-2024,06-Dec-2024,3.579,3.629,
05-Dec-2024,05-Dec-2024,3.617,3.667,
04-Dec-2024,04-Dec-2024,3.625,3.675,
03-Dec-2024,03-Dec-2024,3.661,3.711,
02-Dec-2024,02-Dec-2024,3.636,3.686,
29-Nov-2024,29-Nov-2024,3.633,3.683,
28-Nov-2024,28-Nov-2024,3.746,3.796,
27-Nov-2024,27-Nov-2024,3.691,3.741,
26-Nov-2024,26-Nov-2024,3.739,3.789,
25-Nov-2024,25-Nov-2024,3.701,3.751,
22-Nov-2024,22-Nov-2024,3.818,3.868,
21-Nov-2024,21-Nov-2024,3.831,3.881,
20-Nov-2024,20-Nov-2024,3.819,3.869,
19-Nov-2024,19-Nov-2024,3.803,3.853,
18-Nov-2024,18-Nov-2024,3.818,3.868,
15-Nov-2024,15-Nov-2024,3.837,3.887,
14-Nov-2024,14-Nov-2024,3.850,3.900,
13-Nov-2024,13-Nov-2024,3.839,3.889,
12-Nov-2024,12-Nov-2024,3.826,3.876,
11-Nov-2024,11-Nov-2024,3.764,3.814,
08-Nov-2024,08-Nov-2024,3.729,3.779,
07-Nov-2024,07-Nov-2024,3.748,3.798,
06-Nov-2024,06-Nov-2024,3.841,3.891,
05-Nov-2024,05-Nov-2024,3.670,3.720,
04-Nov-2024,04-Nov-2024,3.685,3.735,
01-Nov-2024,01-Nov-2024,3.772,3.822,
31-Oct-2024,31-Oct-2024,3.680,3.730,
30-Oct-2024,30-Oct-2024,3.713,3.763,
29-Oct-2024,29-Oct-2024,3.669,3.719,
28-Oct-2024,28-Oct-2024,3.697,3.747,
25-Oct-2024,25-Oct-2024,3.666,3.716,
24-Oct-2024,24-Oct-2024,3.642,3.692,
23-Oct-2024,23-Oct-2024,3.677,3.727,
22-Oct-2024,22-Oct-2024,3.641,3.691,
21-Oct-2024,21-Oct-2024,3.633,3.683,
18-Oct-2024,18-Oct-2024,3.521,3.571,
17-Oct-2024,17-Oct-2024,3.525,3.575,
16-Oct-2024,16-Oct-2024,3.454,3.504,
15-Oct-2024,15-Oct-2024,3.466,3.516,
14-Oct-2024,14-Oct-2024,3.538,3.588,
11-Oct-2024,11-Oct-2024,3.531,3.581,
10-Oct-2024,10-Oct-2024,3.499,3.549,
09-Oct-2024,09-Oct-2024,3.514,3.564,
08-Oct-2024,08-Oct-2024,3.451,3.501,
07-Oct-2024,07-Oct-2024,3.466,3.516,
04-Oct-2024,04-Oct-2024,3.403,3.453,
03-Oct-2024,03-Oct-2024,3.279,3.329,
02-Oct-2024,02-Oct-2024,3.218,3.268,
01-Oct-2024,01-Oct-2024,3.168,3.218,
30-Sep-2024,30-Sep-2024,3.219,3.269,
27-Sep-2024,27-Sep-2024,3.194,3.244,
26-Sep-2024,26-Sep-2024,3.235,3.285,
25-Sep-2024,25-Sep-2024,3.225,3.275,
24-Sep-2024,24-Sep-2024,3.175,3.225,
23-Sep-2024,23-Sep-2024,3.202,3.252,
20-Sep-2024,20-Sep-2024,3.189,3.239,
19-Sep-2024,19-Sep-2024,3.160,3.210,
18-Sep-2024,18-Sep-2024,3.153,3.203,
17-Sep-2024,17-Sep-2024,3.094,3.144,
16-Sep-2024,16-Sep-2024,3.065,3.115,
13-Sep-2024,13-Sep-2024,3.095,3.145,
12-Sep-2024,12-Sep-2024,3.109,3.159,
11-Sep-2024,11-Sep-2024,3.091,3.141,
10-Sep-2024,10-Sep-2024,3.079,3.129,
09-Sep-2024,09-Sep-2024,3.134,3.184,
06-Sep-2024,06-Sep-2024,3.148,3.198,
05-Sep-2024,05-Sep-2024,3.170,3.220,
04-Sep-2024,04-Sep-2024,3.200,3.250,
03-Sep-2024,03-Sep-2024,3.271,3.321,
02-Sep-2024,02-Sep-2024,3.355,3.405,
30-Aug-2024,30-Aug-2024,3.343,3.393,
29-Aug-2024,29-Aug-2024,3.308,3.358,
28-Aug-2024,28-Aug-2024,3.290,3.340,
27-Aug-2024,27-Aug-2024,3.282,3.332,
26-Aug-2024,26-Aug-2024,3.280,3.330,
23-Aug-2024,23-Aug-2024,3.271,3.321,
22-Aug-2024,22-Aug-2024,3.328,3.378,
21-Aug-2024,21-Aug-2024,3.277,3.327,
20-Aug-2024,20-Aug-2024,3.275,3.325,
19-Aug-2024,19-Aug-2024,3.339,3.389,
16-Aug-2024,16-Aug-2024,3.353,3.403,
15-Aug-2024,15-Aug-2024,3.386,3.436,
14-Aug-2024,14-Aug-2024,3.310,3.360,
13-Aug-2024,13-Aug-2024,3.311,3.361,
12-Aug-2024,12-Aug-2024,3.367,3.417,
09-Aug-2024,09-Aug-2024,3.405,3.455,
08-Aug-2024,08-Aug-2024,3.447,3.497,
07-Aug-2024,07-Aug-2024,3.405,3.455,
06-Aug-2024,06-Aug-2024,3.365,3.415,
05-Aug-2024,05-Aug-2024,3.267,3.317,
02-Aug-2024,02-Aug-2024,3.264,3.314,
01-Aug-2024,01-Aug-2024,3.456,3.506,
31-Jul-2024,31-Jul-2024,3.513,3.563,
30-Jul-2024,30-Jul-2024,3.612,3.662,
29-Jul-2024,29-Jul-2024,3.647,3.697,
26-Jul-2024,26-Jul-2024,3.663,3.713,
25-Jul-2024,25-Jul-2024,3.699,3.749,
24-Jul-2024,24-Jul-2024,3.744,3.794,
23-Jul-2024,23-Jul-2024,3.725,3.775,
22-Jul-2024,22-Jul-2024,3.726,3.776,
19-Jul-2024,19-Jul-2024,3.714,3.764,
18-Jul-2024,18-Jul-2024,3.683,3.733,
17-Jul-2024,17-Jul-2024,3.640,3.690,
16-Jul-2024,16-Jul-2024,3.638,3.688,
15-Jul-2024,15-Jul-2024,3.703,3.753,
12-Jul-2024,12-Jul-2024,3.662,3.712,
11-Jul-2024,11-Jul-2024,3.691,3.741,
10-Jul-2024,10-Jul-2024,3.781,3.831,
09-Jul-2024,09-Jul-2024,3.797,3.847,
08-Jul-2024,08-Jul-2024,3.780,3.830,
05-Jul-2024,05-Jul-2024,3.777,3.827,
04-Jul-2024,04-Jul-2024,3.866,3.916,
03-Jul-2024,03-Jul-2024,3.860,3.910,
02-Jul-2024,02-Jul-2024,3.929,3.979,
01-Jul-2024,01-Jul-2024,3.965,4.015,
28-Jun-2024,28-Jun-2024,3.899,3.949,
27-Jun-2024,27-Jun-2024,3.801,3.851,
26-Jun-2024,26-Jun-2024,3.844,3.894,
25-Jun-2024,25-Jun-2024,3.761,3.811,
24-Jun-2024,24-Jun-2024,3.743,3.793,
21-Jun-2024,21-Jun-2024,3.774,3.824,
20-Jun-2024,20-Jun-2024,3.782,3.832,
19-Jun-2024,19-Jun-2024,3.738,3.788,
18-Jun-2024,18-Jun-2024,3.740,3.790,
17-Jun-2024,17-Jun-2024,3.803,3.853,
14-Jun-2024,14-Jun-2024,3.737,3.787,
13-Jun-2024,13-Jun-2024,3.769,3.819,
12-Jun-2024,12-Jun-2024,3.862,3.912,
11-Jun-2024,11-Jun-2024,3.948,3.998,
10-Jun-2024,10-Jun-2024,4.014,4.064,
07-Jun-2024,07-Jun-2024,3.979,4.029,
06-Jun-2024,06-Jun-2024,3.837,3.887,
05-Jun-2024,05-Jun-2024,3.828,3.878,
04-Jun-2024,04-Jun-2024,3.886,3.936,
03-Jun-2024,03-Jun-2024,3.949,3.999,
31-May-2024,31-May-2024,4.054,4.104,
30-May-2024,30-May-2024,4.104,4.154,
29-May-2024,29-May-2024,4.172,4.222,
28-May-2024,28-May-2024,4.109,4.159,
27-May-2024,27-May-2024,4.024,4.074,
24-May-2024,24-May-2024,4.020,4.070,
23-May-2024,23-May-2024,4.043,4.093,
22-May-2024,22-May-2024,3.992,4.042,
21-May-2024,21-May-2024,3.979,4.029,
20-May-2024,20-May-2024,4.016,4.066,
17-May-2024,17-May-2024,3.989,4.039,
16-May-2024,16-May-2024,3.949,3.999,
15-May-2024,15-May-2024,3.911,3.961,
14-May-2024,14-May-2024,4.007,4.057,
13-May-2024,13-May-2024,4.055,4.105,
10-May-2024,10-May-2024,4.063,4.113,
09-May-2024,09-May-2024,4.021,4.071,
08-May-2024,08-May-2024,4.050,4.100,
07-May-2024,07-May-2024,4.015,4.065,
06-May-2024,06-May-2024,4.042,4.092,
03-May-2024,03-May-2024,4.067,4.117,
02-May-2024,02-May-2024,4.145,4.195,
01-May-2024,01-May-2024,4.198,4.248,
30-Apr-2024,30-Apr-2024,4.247,4.297,
29-Apr-2024,29-Apr-2024,4.178,4.228,
26-Apr-2024,26-Apr-2024,4.230,4.280,
25-Apr-2024,25-Apr-2024,4.267,4.317,
24-Apr-2024,24-Apr-2024,4.203,4.253,
23-Apr-2024,23-Apr-2024,4.160,4.210,
22-Apr-2024,22-Apr-2024,4.164,4.214,
19-Apr-2024,19-Apr-2024,4.178,4.228,
18-Apr-2024,18-Apr-2024,4.185,4.235,
17-Apr-2024,17-Apr-2024,4.143,4.193,
16-Apr-2024,16-Apr-2024,4.219,4.269,
15-Apr-2024,15-Apr-2024,4.139,4.189,
12-Apr-2024,12-Apr-2024,4.075,4.125,
11-Apr-2024,11-Apr-2024,4.145,4.195,
10-Apr-2024,10-Apr-2024,4.103,4.153,
09-Apr-2024,09-Apr-2024,3.922,3.972,
08-Apr-2024,08-Apr-2024,3.981,4.031,
05-Apr-2024,05-Apr-2024,3.961,4.011,
04-Apr-2024,04-Apr-2024,3.878,3.928,
03-Apr-2024,03-Apr-2024,3.910,3.960,
02-Apr-2024,02-Apr-2024,3.913,3.963,
01-Apr-2024,01-Apr-2024,3.882,3.932,
28-Mar-2024,28-Mar-2024,3.777,3.827,
27-Mar-2024,27-Mar-2024,3.769,3.819,
26-Mar-2024,26-Mar-2024,3.811,3.861,
25-Mar-2024,25-Mar-2024,3.827,3.877,
22-Mar-2024,22-Mar-2024,3.773,3.823,
21-Mar-2024,21-Mar-2024,3.841,3.891,
20-Mar-2024,20-Mar-2024,3.843,3.893,
19-Mar-2024,19-Mar-2024,3.854,3.904,
18-Mar-2024,18-Mar-2024,3.881,3.931,
15-Mar-2024,15-Mar-2024,3.866,3.916,
14-Mar-2024,14-Mar-2024,3.847,3.897,
13-Mar-2024,13-Mar-2024,3.745,3.795,
12-Mar-2024,12-Mar-2024,3.713,3.763,
11-Mar-2024,11-Mar-2024,3.662,3.712,
08-Mar-2024,08-Mar-2024,3.643,3.693,
07-Mar-2024,07-Mar-2024,3.646,3.696,
06-Mar-2024,06-Mar-2024,3.668,3.718,
05-Mar-2024,05-Mar-2024,3.696,3.746,
04-Mar-2024,04-Mar-2024,3.772,3.822,
01-Mar-2024,01-Mar-2024,3.740,3.790,
29-Feb-2024,29-Feb-2024,3.814,3.864,
28-Feb-2024,28-Feb-2024,3.821,3.871,
27-Feb-2024,27-Feb-2024,3.854,3.904,
26-Feb-2024,26-Feb-2024,3.827,3.877,
23-Feb-2024,23-Feb-2024,3.807,3.857,
22-Feb-2024,22-Feb-2024,3.893,3.943,
21-Feb-2024,21-Feb-2024,3.886,3.936,
20-Feb-2024,20-Feb-2024,3.846,3.896,
19-Feb-2024,19-Feb-2024,3.871,3.921,
16-Feb-2024,16-Feb-2024,3.855,3.905,
15-Feb-2024,15-Feb-2024,3.821,3.871,
14-Feb-2024,14-Feb-2024,3.845,3.895,
13-Feb-2024,13-Feb-2024,3.900,3.950,
12-Feb-2024,12-Feb-2024,3.745,3.795,
09-Feb-2024,09-Feb-2024,3.750,3.800,
08-Feb-2024,08-Feb-2024,3.721,3.771,
07-Feb-2024,07-Feb-2024,3.677,3.727,
06-Feb-2024,06-Feb-2024,3.650,3.700,
05-Feb-2024,05-Feb-2024,3.732,3.782,
02-Feb-2024,02-Feb-2024,3.598,3.648,
01-Feb-2024,01-Feb-2024,3.454,3.504,
31-Jan-2024,31-Jan-2024,3.491,3.541,
30-Jan-2024,30-Jan-2024,3.601,3.651,
29-Jan-2024,29-Jan-2024,3.647,3.697,
26-Jan-2024,26-Jan-2024,3.701,3.751,
25-Jan-2024,25-Jan-2024,3.682,3.732,
24-Jan-2024,24-Jan-2024,3.737,3.787,
23-Jan-2024,23-Jan-2024,3.698,3.748,
22-Jan-2024,22-Jan-2024,3.670,3.720,
19-Jan-2024,19-Jan-2024,3.683,3.733,
18-Jan-2024,18-Jan-2024,3.686,3.736,
17-Jan-2024,17-Jan-2024,3.650,3.700,
16-Jan-2024,16-Jan-2024,3.588,3.638,
15-Jan-2024,15-Jan-2024,3.490,3.540,
12-Jan-2024,12-Jan-2024,3.476,3.526,
11-Jan-2024,11-Jan-2024,3.517,3.567,
10-Jan-2024,10-Jan-2024,3.573,3.623,
09-Jan-2024,09-Jan-2024,3.580,3.630,
08-Jan-2024,08-Jan-2024,3.574,3.624,
05-Jan-2024,05-Jan-2024,3.586,3.636,
04-Jan-2024,04-Jan-2024,3.532,3.582,
03-Jan-2024,03-Jan-2024,3.435,3.485,
02-Jan-2024,02-Jan-2024,3.436,3.486,
29-Dec-2023,29-Dec-2023,3.396,3.446,
28-Dec-2023,28-Dec-2023,3.370,3.420,
27-Dec-2023,27-Dec-2023,3.328,3.378,
26-Dec-2023,26-Dec-2023,3.434,3.484,
22-Dec-2023,22-Dec-2023,3.428,3.478,
21-Dec-2023,21-Dec-2023,3.423,3.473,
20-Dec-2023,20-Dec-2023,3.389,3.439,
19-Dec-2023,19-Dec-2023,3.468,3.518,
18-Dec-2023,18-Dec-2023,3.479,3.529,
15-Dec-2023,15-Dec-2023,3.452,3.502,
14-Dec-2023,14-Dec-2023,3.453,3.503,
13-Dec-2023,13-Dec-2023,3.572,3.622,
12-Dec-2023,12-Dec-2023,3.747,3.797,
11-Dec-2023,11-Dec-2023,3.775,3.825,
08-Dec-2023,08-Dec-2023,3.773,3.823,
07-Dec-2023,07-Dec-2023,3.683,3.733,
06-Dec-2023,06-Dec-2023,3.659,3.709,
05-Dec-2023,05-Dec-2023,3.719,3.769,
04-Dec-2023,04-Dec-2023,3.801,3.851,
01-Dec-2023,01-Dec-2023,3.769,3.819,
30-Nov-2023,30-Nov-2023,3.892,3.942,
29-Nov-2023,29-Nov-2023,3.812,3.862,
28-Nov-2023,28-Nov-2023,3.891,3.941,
27-Nov-2023,27-Nov-2023,3.965,4.015,
24-Nov-2023,24-Nov-2023,4.037,4.087,
23-Nov-2023,23-Nov-2023,4.008,4.058,
22-Nov-2023,22-Nov-2023,3.990,4.040,
21-Nov-2023,21-Nov-2023,3.986,4.036,
20-Nov-2023,20-Nov-2023,3.999,4.049,
17-Nov-2023,17-Nov-2023,4.025,4.075,
16-Nov-2023,16-Nov-2023,4.025,4.075,
15-Nov-2023,15-Nov-2023,4.125,4.175,
14-Nov-2023,14-Nov-2023,4.041,4.091,
13-Nov-2023,13-Nov-2023,4.224,4.274,
10-Nov-2023,10-Nov-2023,4.210,4.260,
09-Nov-2023,09-Nov-2023,4.211,4.261,
08-Nov-2023,08-Nov-2023,4.059,4.109,
07-Nov-2023,07-Nov-2023,4.130,4.180,
06-Nov-2023,06-Nov-2023,4.220,4.270,
03-Nov-2023,03-Nov-2023,4.149,4.199,
02-Nov-2023,02-Nov-2023,4.241,4.291,
01-Nov-2023,01-Nov-2023,4.304,4.354,
31-Oct-2023,31-Oct-2023,4.497,4.547,
30-Oct-2023,30-Oct-2023,4.461,4.511,
27-Oct-2023,27-Oct-2023,4.413,4.463,
26-Oct-2023,26-Oct-2023,4.433,4.483,
25-Oct-2023,25-Oct-2023,4.541,4.591,
24-Oct-2023,24-Oct-2023,4.415,4.465,
23-Oct-2023,23-Oct-2023,4.438,4.488,
20-Oct-2023,20-Oct-2023,4.501,4.551,
19-Oct-2023,19-Oct-2023,4.581,4.631,
18-Oct-2023,18-Oct-2023,4.515,4.565,
17-Oct-2023,17-Oct-2023,4.441,4.491,
16-Oct-2023,16-Oct-2023,4.316,4.366,
13-Oct-2023,13-Oct-2023,4.228,4.278,
12-Oct-2023,12-Oct-2023,4.313,4.363,
11-Oct-2023,11-Oct-2023,4.175,4.225,
10-Oct-2023,10-Oct-2023,4.271,4.321,
09-Oct-2023,09-Oct-2023,4.305,4.355,
06-Oct-2023,06-Oct-2023,4.415,4.465,
05-Oct-2023,05-Oct-2023,4.332,4.382,
04-Oct-2023,04-Oct-2023,4.355,4.405,
03-Oct-2023,03-Oct-2023,4.412,4.462,
02-Oct-2023,02-Oct-2023,4.298,4.348,
29-Sep-2023,29-Sep-2023,4.191,4.241,
28-Sep-2023,28-Sep-2023,4.200,4.250,
27-Sep-2023,27-Sep-2023,4.233,4.283,
26-Sep-2023,26-Sep-2023,4.163,4.213,
25-Sep-2023,25-Sep-2023,4.169,4.219,
22-Sep-2023,22-Sep-2023,4.073,4.123,
21-Sep-2023,21-Sep-2023,4.136,4.186,
20-Sep-2023,20-Sep-2023,4.046,4.096,
19-Sep-2023,19-Sep-2023,4.001,4.051,
18-Sep-2023,18-Sep-2023,3.941,3.991,
15-Sep-2023,15-Sep-2023,3.967,4.017,
14-Sep-2023,14-Sep-2023,3.928,3.978,
13-Sep-2023,13-Sep-2023,3.899,3.949,
12-Sep-2023,12-Sep-2023,3.928,3.978,
11-Sep-2023,11-Sep-2023,3.934,3.984,
08-Sep-2023,08-Sep-2023,3.914,3.964,
07-Sep-2023,07-Sep-2023,3.895,3.945,
06-Sep-2023,06-Sep-2023,3.929,3.979,
05-Sep-2023,05-Sep-2023,3.904,3.954,
04-Sep-2023,04-Sep-2023,3.826,3.876,
01-Sep-2023,01-Sep-2023,3.827,3.877,
31-Aug-2023,31-Aug-2023,3.767,3.817,
30-Aug-2023,30-Aug-2023,3.781,3.831,
29-Aug-2023,29-Aug-2023,3.790,3.840,
28-Aug-2023,28-Aug-2023,3.875,3.925,
25-Aug-2023,25-Aug-2023,3.908,3.958,
24-Aug-2023,24-Aug-2023,3.912,3.962,
23-Aug-2023,23-Aug-2023,3.868,3.918,
22-Aug-2023,22-Aug-2023,4.002,4.052,
21-Aug-2023,21-Aug-2023,4.019,4.069,
18-Aug-2023,18-Aug-2023,3.934,3.984,
17-Aug-2023,17-Aug-2023,3.984,4.034,
16-Aug-2023,16-Aug-2023,3.950,4.000,
15-Aug-2023,15-Aug-2023,3.914,3.964,
14-Aug-2023,14-Aug-2023,3.891,3.941,
11-Aug-2023,11-Aug-2023,3.847,3.897,
10-Aug-2023,10-Aug-2023,3.798,3.848,
09-Aug-2023,09-Aug-2023,3.698,3.748,
08-Aug-2023,08-Aug-2023,3.705,3.755,
07-Aug-2023,07-Aug-2023,3.770,3.820,
04-Aug-2023,04-Aug-2023,3.730,3.780,
03-Aug-2023,03-Aug-2023,3.877,3.927,
02-Aug-2023,02-Aug-2023,3.771,3.821,
01-Aug-2023,01-Aug-2023,3.730,3.780,
31-Jul-2023,31-Jul-2023,3.676,3.726,
28-Jul-2023,28-Jul-2023,3.674,3.724,
27-Jul-2023,27-Jul-2023,3.719,3.769,
26-Jul-2023,26-Jul-2023,3.594,3.644,
25-Jul-2023,25-Jul-2023,3.606,3.656,
24-Jul-2023,24-Jul-2023,3.596,3.646,
21-Jul-2023,21-Jul-2023,3.550,3.600,
20-Jul-2023,20-Jul-2023,3.559,3.609,
19-Jul-2023,19-Jul-2023,3.452,3.502,
18-Jul-2023,18-Jul-2023,3.483,3.533,
17-Jul-2023,17-Jul-2023,3.510,3.560,
14-Jul-2023,14-Jul-2023,3.539,3.589,
13-Jul-2023,13-Jul-2023,3.467,3.517,
12-Jul-2023,12-Jul-2023,3.569,3.619,
11-Jul-2023,11-Jul-2023,3.681,3.731,
10-Jul-2023,10-Jul-2023,3.714,3.764,
07-Jul-2023,07-Jul-2023,3.794,3.844,
06-Jul-2023,06-Jul-2023,3.753,3.803,
05-Jul-2023,05-Jul-2023,3.646,3.696,
04-Jul-2023,04-Jul-2023,3.573,3.623,
03-Jul-2023,03-Jul-2023,3.574,3.624,
30-Jun-2023,30-Jun-2023,3.549,3.599,
29-Jun-2023,29-Jun-2023,3.546,3.596,
28-Jun-2023,28-Jun-2023,3.414,3.464,
27-Jun-2023,27-Jun-2023,3.468,3.518,
26-Jun-2023,26-Jun-2023,3.434,3.484,
23-Jun-2023,23-Jun-2023,3.438,3.488,
22-Jun-2023,22-Jun-2023,3.496,3.546,
21-Jun-2023,21-Jun-2023,3.422,3.472,
20-Jun-2023,20-Jun-2023,3.426,3.476,
19-Jun-2023,19-Jun-2023,3.466,3.516,
16-Jun-2023,16-Jun-2023,3.468,3.518,
15-Jun-2023,15-Jun-2023,3.423,3.473,
14-Jun-2023,14-Jun-2023,3.485,3.535,
13-Jun-2023,13-Jun-2023,3.509,3.559,
12-Jun-2023,12-Jun-2023,3.431,3.481,
09-Jun-2023,09-Jun-2023,3.444,3.494,
08-Jun-2023,08-Jun-2023,3.417,3.467,
07-Jun-2023,07-Jun-2023,3.495,3.545,
06-Jun-2023,06-Jun-2023,3.364,3.414,
05-Jun-2023,05-Jun-2023,3.395,3.445,
02-Jun-2023,02-Jun-2023,3.425,3.475,
01-Jun-2023,01-Jun-2023,3.305,3.355,
31-May-2023,31-May-2023,3.352,3.402,
30-May-2023,30-May-2023,3.395,3.445,
29-May-2023,29-May-2023,3.514,3.564,
26-May-2023,26-May-2023,3.506,3.556,
25-May-2023,25-May-2023,3.523,3.573,
24-May-2023,24-May-2023,3.433,3.483,
23-May-2023,23-May-2023,3.390,3.440,
22-May-2023,22-May-2023,3.406,3.456,
19-May-2023,19-May-2023,3.357,3.407,
18-May-2023,18-May-2023,3.323,3.373,
17-May-2023,17-May-2023,3.231,3.281,
16-May-2023,16-May-2023,3.204,3.254,
15-May-2023,15-May-2023,3.172,3.222,
12-May-2023,12-May-2023,3.144,3.194,
11-May-2023,11-May-2023,3.066,3.116,
10-May-2023,10-May-2023,3.125,3.175,
09-May-2023,09-May-2023,3.204,3.254,
08-May-2023,08-May-2023,3.197,3.247,
05-May-2023,05-May-2023,3.137,3.187,
04-May-2023,04-May-2023,3.082,3.132,
03-May-2023,03-May-2023,3.057,3.107,
02-May-2023,02-May-2023,3.132,3.182,
01-May-2023,01-May-2023,3.276,3.326,
28-Apr-2023,28-Apr-2023,3.112,3.162,
27-Apr-2023,27-Apr-2023,3.201,3.251,
26-Apr-2023,26-Apr-2023,3.127,3.177,
25-Apr-2023,25-Apr-2023,3.073,3.123,
24-Apr-2023,24-Apr-2023,3.167,3.217,
21-Apr-2023,21-Apr-2023,3.251,3.301,
20-Apr-2023,20-Apr-2023,3.205,3.255,
19-Apr-2023,19-Apr-2023,3.267,3.317,
18-Apr-2023,18-Apr-2023,3.260,3.310,
17-Apr-2023,17-Apr-2023,3.273,3.323,
14-Apr-2023,14-Apr-2023,3.181,3.231,
13-Apr-2023,13-Apr-2023,3.109,3.159,
12-Apr-2023,12-Apr-2023,3.061,3.111,
11-Apr-2023,11-Apr-2023,3.104,3.154,
10-Apr-2023,10-Apr-2023,3.104,3.154,
07-Apr-2023,07-Apr-2023,3.079,3.129,
06-Apr-2023,06-Apr-2023,2.985,3.035,
05-Apr-2023,05-Apr-2023,2.990,3.040,
04-Apr-2023,04-Apr-2023,3.010,3.060,
03-Apr-2023,03-Apr-2023,3.087,3.137,
31-Mar-2023,31-Mar-2023,3.139,3.189,
30-Mar-2023,30-Mar-2023,3.227,3.277,
29-Mar-2023,29-Mar-2023,3.247,3.297,
28-Mar-2023,28-Mar-2023,3.239,3.289,
27-Mar-2023,27-Mar-2023,3.207,3.257,
24-Mar-2023,24-Mar-2023,3.051,3.101,
23-Mar-2023,23-Mar-2023,3.098,3.148,
22-Mar-2023,22-Mar-2023,3.141,3.191,
21-Mar-2023,21-Mar-2023,3.326,3.376,
20-Mar-2023,20-Mar-2023,3.195,3.245,
17-Mar-2023,17-Mar-2023,3.148,3.198,
16-Mar-2023,16-Mar-2023,3.309,3.359,
15-Mar-2023,15-Mar-2023,3.207,3.257,
14-Mar-2023,14-Mar-2023,3.420,3.470,
13-Mar-2023,13-Mar-2023,3.267,3.317,
10-Mar-2023,10-Mar-2023,3.357,3.407,
09-Mar-2023,09-Mar-2023,3.588,3.638,
08-Mar-2023,08-Mar-2023,3.687,3.737,
07-Mar-2023,07-Mar-2023,3.658,3.708,
06-Mar-2023,06-Mar-2023,3.657,3.707,
03-Mar-2023,03-Mar-2023,3.665,3.715,
02-Mar-2023,02-Mar-2023,3.764,3.814,
01-Mar-2023,01-Mar-2023,3.696,3.746,
28-Feb-2023,28-Feb-2023,3.625,3.675,
27-Feb-2023,27-Feb-2023,3.624,3.674,
24-Feb-2023,24-Feb-2023,3.652,3.702,
23-Feb-2023,23-Feb-2023,3.578,3.628,
22-Feb-2023,22-Feb-2023,3.622,3.672,
21-Feb-2023,21-Feb-2023,3.649,3.699,
20-Feb-2023,20-Feb-2023,3.506,3.556,
17-Feb-2023,17-Feb-2023,3.506,3.556,
16-Feb-2023,16-Feb-2023,3.549,3.599,
15-Feb-2023,15-Feb-2023,3.481,3.531,
14-Feb-2023,14-Feb-2023,3.432,3.482,
13-Feb-2023,13-Feb-2023,3.384,3.434,
10-Feb-2023,10-Feb-2023,3.413,3.463,
09-Feb-2023,09-Feb-2023,3.340,3.390,
08-Feb-2023,08-Feb-2023,3.281,3.331,
07-Feb-2023,07-Feb-2023,3.344,3.394,
06-Feb-2023,06-Feb-2023,3.310,3.360,
03-Feb-2023,03-Feb-2023,3.207,3.257,
02-Feb-2023,02-Feb-2023,3.084,3.134,
01-Feb-2023,01-Feb-2023,3.099,3.149,
31-Jan-2023,31-Jan-2023,3.166,3.216,
30-Jan-2023,30-Jan-2023,3.214,3.264,
27-Jan-2023,27-Jan-2023,3.179,3.229,
26-Jan-2023,26-Jan-2023,3.162,3.212,
25-Jan-2023,25-Jan-2023,3.102,3.152,
24-Jan-2023,24-Jan-2023,3.123,3.173,
23-Jan-2023,23-Jan-2023,3.164,3.214,
20-Jan-2023,20-Jan-2023,3.125,3.175,
19-Jan-2023,19-Jan-2023,3.042,3.092,
18-Jan-2023,18-Jan-2023,3.030,3.080,
17-Jan-2023,17-Jan-2023,3.186,3.236,
13-Jan-2023,13-Jan-2023,3.148,3.198,
12-Jan-2023,12-Jan-2023,3.095,3.145,
11-Jan-2023,11-Jan-2023,3.194,3.244,
10-Jan-2023,10-Jan-2023,3.234,3.284,
09-Jan-2023,09-Jan-2023,3.159,3.209,
06-Jan-2023,06-Jan-2023,3.193,3.243,
05-Jan-2023,05-Jan-2023,3.355,3.405,
04-Jan-2023,04-Jan-2023,3.331,3.381,
03-Jan-2023,03-Jan-2023,3.397,3.447,
02-Jan-2023,02-Jan-2023,3.525,3.575,
30-Dec-2022,30-Dec-2022,3.525,3.575,
29-Dec-2022,29-Dec-2022,3.481,3.531,
28-Dec-2022,28-Dec-2022,3.540,3.590,
27-Dec-2022,27-Dec-2022,3.492,3.542,
23-Dec-2022,23-Dec-2022,3.410,3.460,
22-Dec-2022,22-Dec-2022,3.347,3.397,
21-Dec-2022,21-Dec-2022,3.329,3.379,
20-Dec-2022,20-Dec-2022,3.327,3.377,
19-Dec-2022,19-Dec-2022,3.249,3.299,
16-Dec-2022,16-Dec-2022,3.156,3.206,
15-Dec-2022,15-Dec-2022,3.128,3.178,
14-Dec-2022,14-Dec-2022,3.148,3.198,
13-Dec-2022,13-Dec-2022,3.184,3.234,
12-Dec-2022,12-Dec-2022,3.290,3.340,
09-Dec-2022,09-Dec-2022,3.274,3.324,
08-Dec-2022,08-Dec-2022,3.157,3.207,
07-Dec-2022,07-Dec-2022,3.081,3.131,
06-Dec-2022,06-Dec-2022,3.185,3.235,
05-Dec-2022,05-Dec-2022,3.248,3.298,
02-Dec-2022,02-Dec-2022,3.134,3.184,
01-Dec-2022,01-Dec-2022,3.158,3.208,
30-Nov-2022,30-Nov-2022,3.265,3.315,
29-Nov-2022,29-Nov-2022,3.407,3.457,
28-Nov-2022,28-Nov-2022,3.345,3.395,
25-Nov-2022,25-Nov-2022,3.349,3.399,
24-Nov-2022,24-Nov-2022,3.357,3.407,
23-Nov-2022,23-Nov-2022,3.351,3.401,
22-Nov-2022,22-Nov-2022,3.419,3.469,
21-Nov-2022,21-Nov-2022,3.513,3.563,
18-Nov-2022,18-Nov-2022,3.504,3.554,
17-Nov-2022,17-Nov-2022,3.433,3.483,
16-Nov-2022,16-Nov-2022,3.344,3.394,
15-Nov-2022,15-Nov-2022,3.444,3.494,
14-Nov-2022,14-Nov-2022,3.549,3.599,
11-Nov-2022,11-Nov-2022,3.510,3.560,
10-Nov-2022,10-Nov-2022,3.505,3.555,
09-Nov-2022,09-Nov-2022,3.783,3.833,
08-Nov-2022,08-Nov-2022,3.836,3.886,
07-Nov-2022,07-Nov-2022,3.932,3.982,
04-Nov-2022,04-Nov-2022,3.896,3.946,
03-Nov-2022,03-Nov-2022,3.889,3.939,
02-Nov-2022,02-Nov-2022,3.858,3.908,
01-Nov-2022,01-Nov-2022,3.797,3.847,
31-Oct-2022,31-Oct-2022,3.790,3.840,
28-Oct-2022,28-Oct-2022,3.749,3.799,
27-Oct-2022,27-Oct-2022,3.631,3.681,
26-Oct-2022,26-Oct-2022,3.718,3.768,
25-Oct-2022,25-Oct-2022,3.829,3.879,
24-Oct-2022,24-Oct-2022,3.955,4.005,
21-Oct-2022,21-Oct-2022,3.927,3.977,
19-Oct-2022,19-Oct-2022,3.810,3.860,
18-Oct-2022,18-Oct-2022,3.698,3.748,
17-Oct-2022,17-Oct-2022,3.702,3.752,
14-Oct-2022,14-Oct-2022,3.715,3.765,
13-Oct-2022,13-Oct-2022,3.643,3.693,
12-Oct-2022,12-Oct-2022,3.619,3.669,
11-Oct-2022,11-Oct-2022,3.667,3.717,
07-Oct-2022,07-Oct-2022,3.597,3.647,
06-Oct-2022,06-Oct-2022,3.557,3.607,
05-Oct-2022,05-Oct-2022,3.485,3.535,
04-Oct-2022,04-Oct-2022,3.347,3.397,
03-Oct-2022,03-Oct-2022,3.387,3.437,
30-Sep-2022,30-Sep-2022,3.541,3.591,
29-Sep-2022,29-Sep-2022,3.549,3.599,
28-Sep-2022,28-Sep-2022,3.480,3.530,
27-Sep-2022,27-Sep-2022,3.627,3.677,
26-Sep-2022,26-Sep-2022,3.644,3.694,
23-Sep-2022,23-Sep-2022,3.434,3.484,
22-Sep-2022,22-Sep-2022,3.470,3.520,
21-Sep-2022,21-Sep-2022,3.310,3.360,
20-Sep-2022,20-Sep-2022,3.342,3.392,
19-Sep-2022,19-Sep-2022,3.274,3.324,
16-Sep-2022,16-Sep-2022,3.234,3.284,
15-Sep-2022,15-Sep-2022,3.236,3.286,
14-Sep-2022,14-Sep-2022,3.189,3.239,
13-Sep-2022,13-Sep-2022,3.183,3.233,
12-Sep-2022,12-Sep-2022,3.147,3.197,
09-Sep-2022,09-Sep-2022,3.098,3.148,
08-Sep-2022,08-Sep-2022,3.106,3.156,
07-Sep-2022,07-Sep-2022,3.055,3.105,
06-Sep-2022,06-Sep-2022,3.142,3.192,
05-Sep-2022,05-Sep-2022,2.995,3.045,
02-Sep-2022,02-Sep-2022,2.993,3.043,
01-Sep-2022,01-Sep-2022,3.052,3.102,
31-Aug-2022,31-Aug-2022,2.988,3.038,
30-Aug-2022,30-Aug-2022,2.901,2.951,
29-Aug-2022,29-Aug-2022,2.891,2.941,
26-Aug-2022,26-Aug-2022,2.833,2.883,
25-Aug-2022,25-Aug-2022,2.809,2.859,
24-Aug-2022,24-Aug-2022,2.884,2.934,
23-Aug-2022,23-Aug-2022,2.823,2.873,
22-Aug-2022,22-Aug-2022,2.777,2.827,
19-Aug-2022,19-Aug-2022,2.708,2.758,
18-Aug-2022,18-Aug-2022,2.615,2.665,
17-Aug-2022,17-Aug-2022,2.646,2.696,
16-Aug-2022,16-Aug-2022,2.543,2.593,
15-Aug-2022,15-Aug-2022,2.515,2.565,
12-Aug-2022,12-Aug-2022,2.579,2.629,
11-Aug-2022,11-Aug-2022,2.636,2.686,
10-Aug-2022,10-Aug-2022,2.503,2.553,
09-Aug-2022,09-Aug-2022,2.527,2.577,
08-Aug-2022,08-Aug-2022,2.503,2.553,
05-Aug-2022,05-Aug-2022,2.583,2.633,
04-Aug-2022,04-Aug-2022,2.444,2.494,
03-Aug-2022,03-Aug-2022,2.465,2.515,
02-Aug-2022,02-Aug-2022,2.508,2.558,
01-Aug-2022,01-Aug-2022,2.327,2.377,
29-Jul-2022,29-Jul-2022,2.407,2.457,
28-Jul-2022,28-Jul-2022,2.446,2.496,
27-Jul-2022,27-Jul-2022,2.550,2.600,
26-Jul-2022,26-Jul-2022,2.574,2.624,
25-Jul-2022,25-Jul-2022,2.560,2.610,
22-Jul-2022,22-Jul-2022,2.514,2.564,
21-Jul-2022,21-Jul-2022,2.638,2.688,
20-Jul-2022,20-Jul-2022,2.783,2.833,
19-Jul-2022,19-Jul-2022,2.779,2.829,
18-Jul-2022,18-Jul-2022,2.750,2.800,
15-Jul-2022,15-Jul-2022,2.670,2.720,
14-Jul-2022,14-Jul-2022,2.734,2.784,
13-Jul-2022,13-Jul-2022,2.708,2.758,
12-Jul-2022,12-Jul-2022,2.747,2.797,
11-Jul-2022,11-Jul-2022,2.772,2.822,
08-Jul-2022,08-Jul-2022,2.863,2.913,
07-Jul-2022,07-Jul-2022,2.775,2.825,
06-Jul-2022,06-Jul-2022,2.705,2.755,
05-Jul-2022,05-Jul-2022,2.581,2.631,
01-Jul-2022,01-Jul-2022,2.647,2.697,
30-Jun-2022,30-Jun-2022,2.782,2.832,
29-Jun-2022,29-Jun-2022,2.868,2.918,
28-Jun-2022,28-Jun-2022,2.946,2.996,
27-Jun-2022,27-Jun-2022,2.973,3.023,
24-Jun-2022,24-Jun-2022,2.908,2.958,
23-Jun-2022,23-Jun-2022,2.864,2.914,
22-Jun-2022,22-Jun-2022,2.938,2.988,
21-Jun-2022,21-Jun-2022,3.042,3.092,
20-Jun-2022,20-Jun-2022,2.990,3.040,
17-Jun-2022,17-Jun-2022,2.994,3.044,
16-Jun-2022,16-Jun-2022,2.946,2.996,
15-Jun-2022,15-Jun-2022,3.045,3.095,
14-Jun-2022,14-Jun-2022,3.249,3.299,
13-Jun-2022,13-Jun-2022,3.139,3.189,
10-Jun-2022,10-Jun-2022,3.256,3.306,
09-Jun-2022,09-Jun-2022,2.805,2.855,
08-Jun-2022,08-Jun-2022,2.793,2.843,
07-Jun-2022,07-Jun-2022,2.747,2.797,
06-Jun-2022,06-Jun-2022,2.825,2.875,
03-Jun-2022,03-Jun-2022,2.704,2.754,
02-Jun-2022,02-Jun-2022,2.682,2.732,
01-Jun-2022,01-Jun-2022,2.683,2.733,
31-May-2022,31-May-2022,2.621,2.671,
30-May-2022,30-May-2022,2.507,2.557,
27-May-2022,27-May-2022,2.511,2.561,
26-May-2022,26-May-2022,2.520,2.570,
25-May-2022,25-May-2022,2.509,2.559,
24-May-2022,24-May-2022,2.504,2.554,
23-May-2022,23-May-2022,2.593,2.643,
20-May-2022,20-May-2022,2.538,2.588,
19-May-2022,19-May-2022,2.590,2.640,
18-May-2022,18-May-2022,2.736,2.786,
17-May-2022,17-May-2022,2.747,2.797,
16-May-2022,16-May-2022,2.653,2.703,
13-May-2022,13-May-2022,2.688,2.738,
12-May-2022,12-May-2022,2.629,2.679,
11-May-2022,11-May-2022,2.756,2.806,
10-May-2022,10-May-2022,2.752,2.802,
09-May-2022,09-May-2022,2.785,2.835,
06-May-2022,06-May-2022,2.888,2.938,
05-May-2022,05-May-2022,2.806,2.856,
04-May-2022,04-May-2022,2.702,2.752,
03-May-2022,03-May-2022,2.742,2.792,
02-May-2022,02-May-2022,2.755,2.805,
29-Apr-2022,29-Apr-2022,2.705,2.755,
28-Apr-2022,28-Apr-2022,2.604,2.654,
27-Apr-2022,27-Apr-2022,2.601,2.651,
26-Apr-2022,26-Apr-2022,2.478,2.528,
25-Apr-2022,25-Apr-2022,2.571,2.621,
22-Apr-2022,22-Apr-2022,2.648,2.698,
21-Apr-2022,21-Apr-2022,2.662,2.712,
20-Apr-2022,20-Apr-2022,2.580,2.630,
19-Apr-2022,19-Apr-2022,2.695,2.745,
18-Apr-2022,18-Apr-2022,2.599,2.649,
14-Apr-2022,14-Apr-2022,2.575,2.625,
13-Apr-2022,13-Apr-2022,2.456,2.506,
12-Apr-2022,12-Apr-2022,2.474,2.524,
11-Apr-2022,11-Apr-2022,2.550,2.600,
08-Apr-2022,08-Apr-2022,2.457,2.507,
07-Apr-2022,07-Apr-2022,2.398,2.448,
06-Apr-2022,06-Apr-2022,2.341,2.391,
05-Apr-2022,05-Apr-2022,2.301,2.351,
04-Apr-2022,04-Apr-2022,2.150,2.200,
01-Apr-2022,01-Apr-2022,2.144,2.194,
31-Mar-2022,31-Mar-2022,2.098,2.148,
30-Mar-2022,30-Mar-2022,2.117,2.167,
29-Mar-2022,29-Mar-2022,2.173,2.223,
28-Mar-2022,28-Mar-2022,2.243,2.293,
25-Mar-2022,25-Mar-2022,2.252,2.302,
24-Mar-2022,24-Mar-2022,2.153,2.203,
23-Mar-2022,23-Mar-2022,2.073,2.123,
22-Mar-2022,22-Mar-2022,2.172,2.222,
21-Mar-2022,21-Mar-2022,2.104,2.154,
18-Mar-2022,18-Mar-2022,1.964,2.014,
17-Mar-2022,17-Mar-2022,1.976,2.026,
16-Mar-2022,16-Mar-2022,1.994,2.044,
15-Mar-2022,15-Mar-2022,1.946,1.996,
14-Mar-2022,14-Mar-2022,1.917,1.967,
11-Mar-2022,11-Mar-2022,1.782,1.832,
10-Mar-2022,10-Mar-2022,1.782,1.832,
09-Mar-2022,09-Mar-2022,1.734,1.784,
08-Mar-2022,08-Mar-2022,1.619,1.669,
07-Mar-2022,07-Mar-2022,1.567,1.617,
04-Mar-2022,04-Mar-2022,1.533,1.583,
03-Mar-2022,03-Mar-2022,1.637,1.687,
02-Mar-2022,02-Mar-2022,1.680,1.730,
01-Mar-2022,01-Mar-2022,1.495,1.545,
28-Feb-2022,28-Feb-2022,1.618,1.668,
25-Feb-2022,25-Feb-2022,1.762,1.812,
24-Feb-2022,24-Feb-2022,1.760,1.810,
23-Feb-2022,23-Feb-2022,1.789,1.839,
22-Feb-2022,22-Feb-2022,1.729,1.779,
21-Feb-2022,21-Feb-2022,1.708,1.758,
18-Feb-2022,18-Feb-2022,1.705,1.755,
17-Feb-2022,17-Feb-2022,1.751,1.801,
16-Feb-2022,16-Feb-2022,1.823,1.873,
15-Feb-2022,15-Feb-2022,1.834,1.884,
14-Feb-2022,14-Feb-2022,1.786,1.836,
11-Feb-2022,11-Feb-2022,1.701,1.751,
10-Feb-2022,10-Feb-2022,1.839,1.889,
09-Feb-2022,09-Feb-2022,1.732,1.782,
08-Feb-2022,08-Feb-2022,1.745,1.795,
07-Feb-2022,07-Feb-2022,1.704,1.754,
04-Feb-2022,04-Feb-2022,1.698,1.748,
03-Feb-2022,03-Feb-2022,1.614,1.664,
02-Feb-2022,02-Feb-2022,1.552,1.602,
01-Feb-2022,01-Feb-2022,1.570,1.620,
31-Jan-2022,31-Jan-2022,1.569,1.619,
28-Jan-2022,28-Jan-2022,1.565,1.615,
27-Jan-2022,27-Jan-2022,1.579,1.629,
26-Jan-2022,26-Jan-2022,1.646,1.696,
25-Jan-2022,25-Jan-2022,1.553,1.603,
24-Jan-2022,24-Jan-2022,1.542,1.592,
21-Jan-2022,21-Jan-2022,1.536,1.586,
20-Jan-2022,20-Jan-2022,1.575,1.625,
19-Jan-2022,19-Jan-2022,1.613,1.663,
18-Jan-2022,18-Jan-2022,1.647,1.697,
17-Jan-2022,17-Jan-2022,1.558,1.608,
14-Jan-2022,14-Jan-2022,1.558,1.608,
13-Jan-2022,13-Jan-2022,1.465,1.515,
12-Jan-2022,12-Jan-2022,1.508,1.558,
11-Jan-2022,11-Jan-2022,1.520,1.570,
10-Jan-2022,10-Jan-2022,1.533,1.583,
07-Jan-2022,07-Jan-2022,1.539,1.589,
06-Jan-2022,06-Jan-2022,1.497,1.547,
05-Jan-2022,05-Jan-2022,1.456,1.506,
04-Jan-2022,04-Jan-2022,1.409,1.459,
03-Jan-2022,03-Jan-2022,1.405,1.455,
31-Dec-2021,31-Dec-2021,1.297,1.347,
30-Dec-2021,30-Dec-2021,1.284,1.334,
29-Dec-2021,29-Dec-2021,1.341,1.391,
28-Dec-2021,28-Dec-2021,1.267,1.317,
27-Dec-2021,27-Dec-2021,1.265,1.315,
24-Dec-2021,24-Dec-2021,1.284,1.334,
23-Dec-2021,23-Dec-2021,1.284,1.334,
22-Dec-2021,22-Dec-2021,1.245,1.295,
21-Dec-2021,21-Dec-2021,1.257,1.307,
20-Dec-2021,20-Dec-2021,1.217,1.267,
17-Dec-2021,17-Dec-2021,1.189,1.239,
16-Dec-2021,16-Dec-2021,1.212,1.262,
15-Dec-2021,15-Dec-2021,1.254,1.304,
14-Dec-2021,14-Dec-2021,1.251,1.301,
13-Dec-2021,13-Dec-2021,1.224,1.274,
10-Dec-2021,10-Dec-2021,1.293,1.343,
09-Dec-2021,09-Dec-2021,1.300,1.350,
08-Dec-2021,08-Dec-2021,1.320,1.370,
07-Dec-2021,07-Dec-2021,1.298,1.348,
06-Dec-2021,06-Dec-2021,1.247,1.297,
03-Dec-2021,03-Dec-2021,1.157,1.207,
02-Dec-2021,02-Dec-2021,1.238,1.288,
01-Dec-2021,01-Dec-2021,1.207,1.257,
30-Nov-2021,30-Nov-2021,1.256,1.306,
29-Nov-2021,29-Nov-2021,1.294,1.344,
26-Nov-2021,26-Nov-2021,1.258,1.308,
24-Nov-2021,24-Nov-2021,1.421,1.471,
23-Nov-2021,23-Nov-2021,1.467,1.517,
22-Nov-2021,22-Nov-2021,1.421,1.471,
19-Nov-2021,19-Nov-2021,1.320,1.370,
18-Nov-2021,18-Nov-2021,1.362,1.412,
17-Nov-2021,17-Nov-2021,1.368,1.418,
16-Nov-2021,16-Nov-2021,1.425,1.475,
15-Nov-2021,15-Nov-2021,1.399,1.449,
12-Nov-2021,12-Nov-2021,1.359,1.409,
11-Nov-2021,11-Nov-2021,1.309,1.359,
10-Nov-2021,10-Nov-2021,1.337,1.387,
09-Nov-2021,09-Nov-2021,1.198,1.248,
08-Nov-2021,08-Nov-2021,1.257,1.307,
05-Nov-2021,05-Nov-2021,1.219,1.269,
04-Nov-2021,04-Nov-2021,1.296,1.346,
03-Nov-2021,03-Nov-2021,1.366,1.416,
02-Nov-2021,02-Nov-2021,1.316,1.366,
01-Nov-2021,01-Nov-2021,1.306,1.356,
29-Oct-2021,29-Oct-2021,1.300,1.350,
28-Oct-2021,28-Oct-2021,1.318,1.368,
27-Oct-2021,27-Oct-2021,1.309,1.359,
26-Oct-2021,26-Oct-2021,1.381,1.431,
25-Oct-2021,25-Oct-2021,1.392,1.442,
22-Oct-2021,22-Oct-2021,1.383,1.433,
21-Oct-2021,21-Oct-2021,1.450,1.500,
20-Oct-2021,20-Oct-2021,1.402,1.452,
19-Oct-2021,19-Oct-2021,1.380,1.430,
18-Oct-2021,18-Oct-2021,1.344,1.394,
15-Oct-2021,15-Oct-2021,1.316,1.366,
14-Oct-2021,14-Oct-2021,1.263,1.313,
13-Oct-2021,13-Oct-2021,1.285,1.335,
12-Oct-2021,12-Oct-2021,1.337,1.387,
11-Oct-2021,11-Oct-2021,1.375,1.425,
08-Oct-2021,08-Oct-2021,1.383,1.433,
07-Oct-2021,07-Oct-2021,1.336,1.386,
06-Oct-2021,06-Oct-2021,1.271,1.321,
05-Oct-2021,05-Oct-2021,1.277,1.327,
04-Oct-2021,04-Oct-2021,1.227,1.277,
01-Oct-2021,01-Oct-2021,1.208,1.258,
30-Sep-2021,30-Sep-2021,1.240,1.290,
29-Sep-2021,29-Sep-2021,1.272,1.322,
28-Sep-2021,28-Sep-2021,1.293,1.343,
27-Sep-2021,27-Sep-2021,1.252,1.302,
24-Sep-2021,24-Sep-2021,1.224,1.274,
23-Sep-2021,23-Sep-2021,1.206,1.256,
22-Sep-2021,22-Sep-2021,1.081,1.131,
21-Sep-2021,21-Sep-2021,1.099,1.149,
20-Sep-2021,20-Sep-2021,1.095,1.145,
17-Sep-2021,17-Sep-2021,1.154,1.204,
16-Sep-2021,16-Sep-2021,1.127,1.177,
15-Sep-2021,15-Sep-2021,1.082,1.132,
14-Sep-2021,14-Sep-2021,1.063,1.113,
13-Sep-2021,13-Sep-2021,1.100,1.150,
10-Sep-2021,10-Sep-2021,1.130,1.180,
09-Sep-2021,09-Sep-2021,1.089,1.139,
08-Sep-2021,08-Sep-2021,1.124,1.174,
07-Sep-2021,07-Sep-2021,1.145,1.195,
06-Sep-2021,06-Sep-2021,1.100,1.150,
03-Sep-2021,03-Sep-2021,1.101,1.151,
02-Sep-2021,02-Sep-2021,1.066,1.116,
01-Sep-2021,01-Sep-2021,1.074,1.124,
31-Aug-2021,31-Aug-2021,1.086,1.136,
30-Aug-2021,30-Aug-2021,1.065,1.115,
27-Aug-2021,27-Aug-2021,1.097,1.147,
26-Aug-2021,26-Aug-2021,1.126,1.176,
25-Aug-2021,25-Aug-2021,1.119,1.169,
24-Aug-2021,24-Aug-2021,1.076,1.126,
23-Aug-2021,23-Aug-2021,1.029,1.079,
20-Aug-2021,20-Aug-2021,1.039,1.089,
19-Aug-2021,19-Aug-2021,1.023,1.073,
18-Aug-2021,18-Aug-2021,1.042,1.092,
17-Aug-2021,17-Aug-2021,1.040,1.090,
16-Aug-2021,16-Aug-2021,1.037,1.087,
13-Aug-2021,13-Aug-2021,1.047,1.097,
12-Aug-2021,12-Aug-2021,1.128,1.178,
11-Aug-2021,11-Aug-2021,1.127,1.177,
10-Aug-2021,10-Aug-2021,1.132,1.182,
09-Aug-2021,09-Aug-2021,1.112,1.162,
06-Aug-2021,06-Aug-2021,1.089,1.139,
05-Aug-2021,05-Aug-2021,1.013,1.063,
04-Aug-2021,04-Aug-2021,0.970,1.020,
03-Aug-2021,03-Aug-2021,0.962,1.012,
02-Aug-2021,02-Aug-2021,0.971,1.021,
30-Jul-2021,30-Jul-2021,1.016,1.066,
29-Jul-2021,29-Jul-2021,1.062,1.112,
28-Jul-2021,28-Jul-2021,1.023,1.073,
27-Jul-2021,27-Jul-2021,1.012,1.062,
26-Jul-2021,26-Jul-2021,1.062,1.112,
23-Jul-2021,23-Jul-2021,1.048,1.098,
22-Jul-2021,22-Jul-2021,1.030,1.080,
21-Jul-2021,21-Jul-2021,1.061,1.111,
20-Jul-2021,20-Jul-2021,0.981,1.031,
19-Jul-2021,19-Jul-2021,0.928,0.978,
16-Jul-2021,16-Jul-2021,1.047,1.097,
15-Jul-2021,15-Jul-2021,1.053,1.103,
14-Jul-2021,14-Jul-2021,1.109,1.159,
13-Jul-2021,13-Jul-2021,1.175,1.225,
12-Jul-2021,12-Jul-2021,1.127,1.177,
09-Jul-2021,09-Jul-2021,1.131,1.181,
08-Jul-2021,08-Jul-2021,1.060,1.110,
07-Jul-2021,07-Jul-2021,1.065,1.115,
06-Jul-2021,06-Jul-2021,1.094,1.144,
05-Jul-2021,05-Jul-2021,1.176,1.226,
02-Jul-2021,02-Jul-2021,1.171,1.221,
01-Jul-2021,01-Jul-2021,1.208,1.258,
30-Jun-2021,30-Jun-2021,1.207,1.257,
29-Jun-2021,29-Jun-2021,1.235,1.285,
28-Jun-2021,28-Jun-2021,1.213,1.263,
25-Jun-2021,25-Jun-2021,1.255,1.305,
24-Jun-2021,24-Jun-2021,1.233,1.283,
23-Jun-2021,23-Jun-2021,1.230,1.280,
22-Jun-2021,22-Jun-2021,1.201,1.251,
21-Jun-2021,21-Jun-2021,1.219,1.269,
18-Jun-2021,18-Jun-2021,1.175,1.225,
17-Jun-2021,17-Jun-2021,1.257,1.307,
16-Jun-2021,16-Jun-2021,1.337,1.387,
15-Jun-2021,15-Jun-2021,1.247,1.297,
14-Jun-2021,14-Jun-2021,1.253,1.303,
11-Jun-2021,11-Jun-2021,1.219,1.269,
10-Jun-2021,10-Jun-2021,1.193,1.243,
09-Jun-2021,09-Jun-2021,1.251,1.301,
08-Jun-2021,08-Jun-2021,1.294,1.344,
07-Jun-2021,07-Jun-2021,1.325,1.375,
04-Jun-2021,04-Jun-2021,1.313,1.363,
03-Jun-2021,03-Jun-2021,1.384,1.434,
02-Jun-2021,02-Jun-2021,1.347,1.397,
01-Jun-2021,01-Jun-2021,1.369,1.419,
31-May-2021,31-May-2021,1.337,1.387,
28-May-2021,28-May-2021,1.355,1.405,
27-May-2021,27-May-2021,1.361,1.411,
26-May-2021,26-May-2021,1.302,1.352,
25-May-2021,25-May-2021,1.303,1.353,
24-May-2021,24-May-2021,1.353,1.403,
21-May-2021,21-May-2021,1.371,1.421,
20-May-2021,20-May-2021,1.379,1.429,
19-May-2021,19-May-2021,1.410,1.460,
18-May-2021,18-May-2021,1.377,1.427,
17-May-2021,17-May-2021,1.381,1.431,
14-May-2021,14-May-2021,1.369,1.419,
13-May-2021,13-May-2021,1.380,1.430,
12-May-2021,12-May-2021,1.438,1.488,
11-May-2021,11-May-2021,1.372,1.422,
10-May-2021,10-May-2021,1.347,1.397,
07-May-2021,07-May-2021,1.339,1.389,
06-May-2021,06-May-2021,1.333,1.383,
05-May-2021,05-May-2021,1.334,1.384,
04-May-2021,04-May-2021,1.357,1.407,
03-May-2021,03-May-2021,1.371,1.421,
30-Apr-2021,30-Apr-2021,1.402,1.452,
29-Apr-2021,29-Apr-2021,1.410,1.460,
28-Apr-2021,28-Apr-2021,1.390,1.440,
27-Apr-2021,27-Apr-2021,1.360,1.410,
26-Apr-2021,26-Apr-2021,1.337,1.387,
23-Apr-2021,23-Apr-2021,1.341,1.391,
22-Apr-2021,22-Apr-2021,1.320,1.370,
21-Apr-2021,21-Apr-2021,1.331,1.381,
20-Apr-2021,20-Apr-2021,1.325,1.375,
19-Apr-2021,19-Apr-2021,1.365,1.415,
16-Apr-2021,16-Apr-2021,1.338,1.388,
15-Apr-2021,15-Apr-2021,1.346,1.396,
14-Apr-2021,14-Apr-2021,1.407,1.457,
13-Apr-2021,13-Apr-2021,1.386,1.436,
12-Apr-2021,12-Apr-2021,1.450,1.500,
09-Apr-2021,09-Apr-2021,1.453,1.503,
08-Apr-2021,08-Apr-2021,1.411,1.461,
07-Apr-2021,07-Apr-2021,1.466,1.516,
06-Apr-2021,06-Apr-2021,1.450,1.500,
05-Apr-2021,05-Apr-2021,1.494,1.544,
02-Apr-2021,02-Apr-2021,1.525,1.575,
01-Apr-2021,01-Apr-2021,1.474,1.524,
31-Mar-2021,31-Mar-2021,1.539,1.589,
30-Mar-2021,30-Mar-2021,1.498,1.548,
29-Mar-2021,29-Mar-2021,1.452,1.502,
26-Mar-2021,26-Mar-2021,1.471,1.521,
25-Mar-2021,25-Mar-2021,1.424,1.474,
24-Mar-2021,24-Mar-2021,1.400,1.450,
23-Mar-2021,23-Mar-2021,1.406,1.456,
22-Mar-2021,22-Mar-2021,1.469,1.519,
19-Mar-2021,19-Mar-2021,1.500,1.550,
18-Mar-2021,18-Mar-2021,1.464,1.514,
17-Mar-2021,17-Mar-2021,1.418,1.468,
16-Mar-2021,16-Mar-2021,1.381,1.431,
15-Mar-2021,15-Mar-2021,1.384,1.434,
12-Mar-2021,12-Mar-2021,1.407,1.457,
11-Mar-2021,11-Mar-2021,1.320,1.370,
10-Mar-2021,10-Mar-2021,1.296,1.346,
09-Mar-2021,09-Mar-2021,1.313,1.363,
08-Mar-2021,08-Mar-2021,1.395,1.445,
05-Mar-2021,05-Mar-2021,1.393,1.443,
04-Mar-2021,04-Mar-2021,1.393,1.443,
03-Mar-2021,03-Mar-2021,1.318,1.368,
02-Mar-2021,02-Mar-2021,1.252,1.302,
01-Mar-2021,01-Mar-2021,1.285,1.335,
26-Feb-2021,26-Feb-2021,1.256,1.306,
25-Feb-2021,25-Feb-2021,1.308,1.358,
24-Feb-2021,24-Feb-2021,1.223,1.273,
23-Feb-2021,23-Feb-2021,1.217,1.267,
22-Feb-2021,22-Feb-2021,1.241,1.291,
19-Feb-2021,19-Feb-2021,1.215,1.265,
18-Feb-2021,18-Feb-2021,1.159,1.209,
17-Feb-2021,17-Feb-2021,1.142,1.192,
16-Feb-2021,16-Feb-2021,1.181,1.231,
15-Feb-2021,15-Feb-2021,1.071,1.121,
12-Feb-2021,12-Feb-2021,1.072,1.122,
11-Feb-2021,11-Feb-2021,1.017,1.067,
10-Feb-2021,10-Feb-2021,0.985,1.035,
09-Feb-2021,09-Feb-2021,1.014,1.064,
08-Feb-2021,08-Feb-2021,1.033,1.083,
05-Feb-2021,05-Feb-2021,1.027,1.077,
04-Feb-2021,04-Feb-2021,0.991,1.041,
03-Feb-2021,03-Feb-2021,0.976,1.026,
02-Feb-2021,02-Feb-2021,0.928,0.978,
01-Feb-2021,01-Feb-2021,0.905,0.955,
29-Jan-2021,29-Jan-2021,0.896,0.946,
28-Jan-2021,28-Jan-2021,0.866,0.916,
27-Jan-2021,27-Jan-2021,0.826,0.876,
26-Jan-2021,26-Jan-2021,0.840,0.890,
25-Jan-2021,25-Jan-2021,0.837,0.887,
22-Jan-2021,22-Jan-2021,0.889,0.939,
21-Jan-2021,21-Jan-2021,0.899,0.949,
20-Jan-2021,20-Jan-2021,0.860,0.910,
19-Jan-2021,19-Jan-2021,0.873,0.923,
18-Jan-2021,18-Jan-2021,0.877,0.927,
15-Jan-2021,15-Jan-2021,0.876,0.926,
14-Jan-2021,14-Jan-2021,0.918,0.968,
13-Jan-2021,13-Jan-2021,0.896,0.946,
12-Jan-2021,12-Jan-2021,0.935,0.985,
11-Jan-2021,11-Jan-2021,0.939,0.989,
08-Jan-2021,08-Jan-2021,0.919,0.969,
07-Jan-2021,07-Jan-2021,0.875,0.925,
06-Jan-2021,06-Jan-2021,0.818,0.868,
05-Jan-2021,05-Jan-2021,0.743,0.793,
04-Jan-2021,04-Jan-2021,0.716,0.766,
01-Jan-2021,01-Jan-2021,0.720,0.770,
31-Dec-2020,31-Dec-2020,0.722,0.772,
30-Dec-2020,30-Dec-2020,0.735,0.785,
29-Dec-2020,29-Dec-2020,0.752,0.802,
28-Dec-2020,28-Dec-2020,0.745,0.795,
25-Dec-2020,25-Dec-2020,0.739,0.789,
24-Dec-2020,24-Dec-2020,0.739,0.789,
23-Dec-2020,23-Dec-2020,0.755,0.805,
22-Dec-2020,22-Dec-2020,0.735,0.785,
21-Dec-2020,21-Dec-2020,0.737,0.787,
18-Dec-2020,18-Dec-2020,0.751,0.801,
17-Dec-2020,17-Dec-2020,0.740,0.790,
16-Dec-2020,16-Dec-2020,0.726,0.776,
15-Dec-2020,15-Dec-2020,0.718,0.768,
14-Dec-2020,14-Dec-2020,0.705,0.755,
11-Dec-2020,11-Dec-2020,0.692,0.742,
10-Dec-2020,10-Dec-2020,0.703,0.753,
09-Dec-2020,09-Dec-2020,0.734,0.784,
08-Dec-2020,08-Dec-2020,0.714,0.764,
07-Dec-2020,07-Dec-2020,0.712,0.762,
04-Dec-2020,04-Dec-2020,0.755,0.805,
03-Dec-2020,03-Dec-2020,0.700,0.750,
02-Dec-2020,02-Dec-2020,0.723,0.773,
01-Dec-2020,01-Dec-2020,0.723,0.773,
30-Nov-2020,30-Nov-2020,0.640,0.690,
27-Nov-2020,27-Nov-2020,0.617,0.667,
25-Nov-2020,25-Nov-2020,0.659,0.709,
24-Nov-2020,24-Nov-2020,0.662,0.712,
23-Nov-2020,23-Nov-2020,0.631,0.681,
20-Nov-2020,20-Nov-2020,0.597,0.647,
19-Nov-2020,19-Nov-2020,0.617,0.667,
18-Nov-2020,18-Nov-2020,0.637,0.687,
17-Nov-2020,17-Nov-2020,0.629,0.679,
16-Nov-2020,16-Nov-2020,0.671,0.721,
13-Nov-2020,13-Nov-2020,0.657,0.707,
12-Nov-2020,12-Nov-2020,0.644,0.694,
11-Nov-2020,11-Nov-2020,0.875,0.925,
10-Nov-2020,10-Nov-2020,0.727,0.777,
09-Nov-2020,09-Nov-2020,0.710,0.760,
06-Nov-2020,06-Nov-2020,0.606,0.656,
05-Nov-2020,05-Nov-2020,0.553,0.603,
04-Nov-2020,04-Nov-2020,0.553,0.603,
03-Nov-2020,03-Nov-2020,0.664,0.714,
02-Nov-2020,02-Nov-2020,0.613,0.663,
30-Oct-2020,30-Oct-2020,0.651,0.701,
29-Oct-2020,29-Oct-2020,0.606,0.656,
28-Oct-2020,28-Oct-2020,0.561,0.611,
27-Oct-2020,27-Oct-2020,0.554,0.604,
26-Oct-2020,26-Oct-2020,0.587,0.637,
23-Oct-2020,23-Oct-2020,0.626,0.676,
22-Oct-2020,22-Oct-2020,0.641,0.691,
21-Oct-2020,21-Oct-2020,0.606,0.656,
20-Oct-2020,20-Oct-2020,0.576,0.626,
19-Oct-2020,19-Oct-2020,0.558,0.608,
16-Oct-2020,16-Oct-2020,0.542,0.592,
15-Oct-2020,15-Oct-2020,0.524,0.574,
14-Oct-2020,14-Oct-2020,0.518,0.568,
13-Oct-2020,13-Oct-2020,0.517,0.567,
09-Oct-2020,09-Oct-2020,0.570,0.620,
08-Oct-2020,08-Oct-2020,0.571,0.621,
07-Oct-2020,07-Oct-2020,0.571,0.621,
06-Oct-2020,06-Oct-2020,0.553,0.603,
05-Oct-2020,05-Oct-2020,0.563,0.613,
02-Oct-2020,02-Oct-2020,0.482,0.532,
01-Oct-2020,01-Oct-2020,0.480,0.530,
30-Sep-2020,30-Sep-2020,0.484,0.534,
29-Sep-2020,29-Sep-2020,0.456,0.506,
28-Sep-2020,28-Sep-2020,0.459,0.509,
25-Sep-2020,25-Sep-2020,0.463,0.513,
24-Sep-2020,24-Sep-2020,0.462,0.512,
23-Sep-2020,23-Sep-2020,0.460,0.510,
22-Sep-2020,22-Sep-2020,0.460,0.510,
21-Sep-2020,21-Sep-2020,0.448,0.498,
18-Sep-2020,18-Sep-2020,0.477,0.527,
17-Sep-2020,17-Sep-2020,0.469,0.519,
16-Sep-2020,16-Sep-2020,0.472,0.522,
15-Sep-2020,15-Sep-2020,0.451,0.501,
14-Sep-2020,14-Sep-2020,0.453,0.503,
11-Sep-2020,11-Sep-2020,0.449,0.499,
10-Sep-2020,10-Sep-2020,0.457,0.507,
09-Sep-2020,09-Sep-2020,0.476,0.526,
08-Sep-2020,08-Sep-2020,0.446,0.496,
07-Sep-2020,07-Sep-2020,0.497,0.547,
04-Sep-2020,04-Sep-2020,0.495,0.545,
03-Sep-2020,03-Sep-2020,0.424,0.474,
02-Sep-2020,02-Sep-2020,0.437,0.487,
01-Sep-2020,01-Sep-2020,0.445,0.495,
31-Aug-2020,31-Aug-2020,0.471,0.521,
28-Aug-2020,28-Aug-2020,0.498,0.548,
27-Aug-2020,27-Aug-2020,0.514,0.564,
26-Aug-2020,26-Aug-2020,0.454,0.504,
25-Aug-2020,25-Aug-2020,0.443,0.493,
24-Aug-2020,24-Aug-2020,0.409,0.459,
21-Aug-2020,21-Aug-2020,0.388,0.438,
20-Aug-2020,20-Aug-2020,0.398,0.448,
19-Aug-2020,19-Aug-2020,0.419,0.469,
18-Aug-2020,18-Aug-2020,0.405,0.455,
17-Aug-2020,17-Aug-2020,0.426,0.476,
14-Aug-2020,14-Aug-2020,0.516,0.566,
13-Aug-2020,13-Aug-2020,0.453,0.503,
12-Aug-2020,12-Aug-2020,0.423,0.473,
11-Aug-2020,11-Aug-2020,0.399,0.449,
10-Aug-2020,10-Aug-2020,0.350,0.400,
07-Aug-2020,07-Aug-2020,0.343,0.393,
06-Aug-2020,06-Aug-2020,0.298,0.348,
05-Aug-2020,05-Aug-2020,0.308,0.358,
04-Aug-2020,04-Aug-2020,0.261,0.311,
03-Aug-2020,03-Aug-2020,0.305,0.355,
31-Jul-2020,31-Jul-2020,0.275,0.325,
30-Jul-2020,30-Jul-2020,0.292,0.342,
29-Jul-2020,29-Jul-2020,0.320,0.370,
28-Jul-2020,28-Jul-2020,0.327,0.377,
27-Jul-2020,27-Jul-2020,0.362,0.412,
24-Jul-2020,24-Jul-2020,0.334,0.384,
23-Jul-2020,23-Jul-2020,0.326,0.376,
22-Jul-2020,22-Jul-2020,0.295,0.345,
21-Jul-2020,21-Jul-2020,0.341,0.391,
20-Jul-2020,20-Jul-2020,0.339,0.389,
17-Jul-2020,17-Jul-2020,0.370,0.420,
16-Jul-2020,16-Jul-2020,0.348,0.398,
15-Jul-2020,15-Jul-2020,0.356,0.406,
14-Jul-2020,14-Jul-2020,0.366,0.416,
13-Jul-2020,13-Jul-2020,0.347,0.397,
10-Jul-2020,10-Jul-2020,0.370,0.420,
09-Jul-2020,09-Jul-2020,0.336,0.386,
08-Jul-2020,08-Jul-2020,0.378,0.428,
07-Jul-2020,07-Jul-2020,0.373,0.423,
06-Jul-2020,06-Jul-2020,0.387,0.437,
03-Jul-2020,03-Jul-2020,0.384,0.434,
02-Jul-2020,02-Jul-2020,0.386,0.436,
01-Jul-2020,01-Jul-2020,0.391,0.441,
30-Jun-2020,30-Jun-2020,0.371,0.421,
29-Jun-2020,29-Jun-2020,0.340,0.390,
26-Jun-2020,26-Jun-2020,0.359,0.409,
25-Jun-2020,25-Jun-2020,0.397,0.447,
24-Jun-2020,24-Jun-2020,0.393,0.443,
23-Jun-2020,23-Jun-2020,0.425,0.475,
22-Jun-2020,22-Jun-2020,0.422,0.472,
19-Jun-2020,19-Jun-2020,0.401,0.451,
18-Jun-2020,18-Jun-2020,0.412,0.462,
17-Jun-2020,17-Jun-2020,0.432,0.482,
16-Jun-2020,16-Jun-2020,0.460,0.510,
15-Jun-2020,15-Jun-2020,0.432,0.482,
12-Jun-2020,12-Jun-2020,0.419,0.469,
11-Jun-2020,11-Jun-2020,0.373,0.423,
10-Jun-2020,10-Jun-2020,0.451,0.501,
09-Jun-2020,09-Jun-2020,0.532,0.582,
08-Jun-2020,08-Jun-2020,0.573,0.623,
05-Jun-2020,05-Jun-2020,0.596,0.646,
04-Jun-2020,04-Jun-2020,0.527,0.577,
03-Jun-2020,03-Jun-2020,0.450,0.500,
02-Jun-2020,02-Jun-2020,0.396,0.446,
01-Jun-2020,01-Jun-2020,0.370,0.420,
29-May-2020,29-May-2020,0.371,0.421,
28-May-2020,28-May-2020,0.404,0.454,
27-May-2020,27-May-2020,0.406,0.456,
26-May-2020,26-May-2020,0.415,0.465,
22-May-2020,22-May-2020,0.383,0.433,
21-May-2020,21-May-2020,0.397,0.447,
20-May-2020,20-May-2020,0.398,0.448,
19-May-2020,19-May-2020,0.396,0.446,
18-May-2020,18-May-2020,0.429,0.479,
15-May-2020,15-May-2020,0.344,0.394,
14-May-2020,14-May-2020,0.301,0.351,
13-May-2020,13-May-2020,0.326,0.376,
12-May-2020,12-May-2020,0.325,0.375,
11-May-2020,11-May-2020,0.376,0.426,
08-May-2020,08-May-2020,0.360,0.410,
07-May-2020,07-May-2020,0.321,0.371,
06-May-2020,06-May-2020,0.381,0.431,
05-May-2020,05-May-2020,0.371,0.421,
04-May-2020,04-May-2020,0.353,0.403,
01-May-2020,01-May-2020,0.355,0.405,
30-Apr-2020,30-Apr-2020,0.375,0.425,
29-Apr-2020,29-Apr-2020,0.372,0.422,
28-Apr-2020,28-Apr-2020,0.353,0.403,
27-Apr-2020,27-Apr-2020,0.405,0.455,
24-Apr-2020,24-Apr-2020,0.354,0.404,
23-Apr-2020,23-Apr-2020,0.354,0.404,
22-Apr-2020,22-Apr-2020,0.377,0.427,
21-Apr-2020,21-Apr-2020,0.355,0.405,
20-Apr-2020,20-Apr-2020,0.396,0.446,
17-Apr-2020,17-Apr-2020,0.443,0.493,
16-Apr-2020,16-Apr-2020,0.437,0.487,
15-Apr-2020,15-Apr-2020,0.429,0.479,
14-Apr-2020,14-Apr-2020,0.551,0.601,
13-Apr-2020,13-Apr-2020,0.562,0.612,
10-Apr-2020,10-Apr-2020,0.534,0.584,
09-Apr-2020,09-Apr-2020,0.534,0.584,
08-Apr-2020,08-Apr-2020,0.543,0.593,
07-Apr-2020,07-Apr-2020,0.489,0.539,
06-Apr-2020,06-Apr-2020,0.443,0.493,
03-Apr-2020,03-Apr-2020,0.381,0.431,
02-Apr-2020,02-Apr-2020,0.391,0.441,
01-Apr-2020,01-Apr-2020,0.395,0.445,
31-Mar-2020,31-Mar-2020,0.434,0.484,
30-Mar-2020,30-Mar-2020,0.441,0.491,
27-Mar-2020,27-Mar-2020,0.335,0.385,
26-Mar-2020,26-Mar-2020,0.479,0.529,
25-Mar-2020,25-Mar-2020,0.519,0.569,
24-Mar-2020,24-Mar-2020,0.469,0.519,
23-Mar-2020,23-Mar-2020,0.383,0.433,
20-Mar-2020,20-Mar-2020,0.433,0.483,
19-Mar-2020,19-Mar-2020,0.663,0.713,
18-Mar-2020,18-Mar-2020,0.753,0.803,
17-Mar-2020,17-Mar-2020,0.694,0.744,
16-Mar-2020,16-Mar-2020,0.482,0.532,
13-Mar-2020,13-Mar-2020,0.675,0.725,
12-Mar-2020,12-Mar-2020,0.475,0.525,
11-Mar-2020,11-Mar-2020,0.588,0.638,
10-Mar-2020,10-Mar-2020,0.573,0.623,
09-Mar-2020,09-Mar-2020,0.353,0.403,
06-Mar-2020,06-Mar-2020,0.598,0.648,
05-Mar-2020,05-Mar-2020,0.660,0.710,
04-Mar-2020,04-Mar-2020,0.790,0.840,
03-Mar-2020,03-Mar-2020,0.736,0.786,
02-Mar-2020,02-Mar-2020,0.887,0.937,
28-Feb-2020,28-Feb-2020,0.881,0.931,
27-Feb-2020,27-Feb-2020,0.984,1.034,
26-Feb-2020,26-Feb-2020,1.063,1.113,
25-Feb-2020,25-Feb-2020,1.064,1.114,
24-Feb-2020,24-Feb-2020,1.077,1.127,
21-Feb-2020,21-Feb-2020,1.175,1.225,
20-Feb-2020,20-Feb-2020,1.226,1.276,
19-Feb-2020,19-Feb-2020,1.277,1.327,
18-Feb-2020,18-Feb-2020,1.271,1.321,
14-Feb-2020,14-Feb-2020,1.304,1.354,
13-Feb-2020,13-Feb-2020,1.339,1.389,
12-Feb-2020,12-Feb-2020,1.368,1.418,
11-Feb-2020,11-Feb-2020,1.324,1.374,
10-Feb-2020,10-Feb-2020,1.294,1.344,
07-Feb-2020,07-Feb-2020,1.321,1.371,
06-Feb-2020,06-Feb-2020,1.377,1.427,
05-Feb-2020,05-Feb-2020,1.375,1.425,
04-Feb-2020,04-Feb-2020,1.320,1.370,
03-Feb-2020,03-Feb-2020,1.244,1.294,
31-Jan-2020,31-Jan-2020,1.213,1.263,
30-Jan-2020,30-Jan-2020,1.298,1.348,
29-Jan-2020,29-Jan-2020,1.294,1.344,
28-Jan-2020,28-Jan-2020,1.361,1.411,
27-Jan-2020,27-Jan-2020,1.294,1.344,
24-Jan-2020,24-Jan-2020,1.393,1.443,
23-Jan-2020,23-Jan-2020,1.433,1.483,
22-Jan-2020,22-Jan-2020,1.479,1.529,
21-Jan-2020,21-Jan-2020,1.489,1.539,
17-Jan-2020,17-Jan-2020,1.535,1.585,
16-Jan-2020,16-Jan-2020,1.518,1.568,
15-Jan-2020,15-Jan-2020,1.503,1.553,
14-Jan-2020,14-Jan-2020,1.528,1.578,
13-Jan-2020,13-Jan-2020,1.544,1.594,
10-Jan-2020,10-Jan-2020,1.520,1.570,
09-Jan-2020,09-Jan-2020,1.552,1.602,
08-Jan-2020,08-Jan-2020,1.566,1.616,
07-Jan-2020,07-Jan-2020,1.506,1.556,
06-Jan-2020,06-Jan-2020,1.491,1.541,
03-Jan-2020,03-Jan-2020,1.501,1.551,
02-Jan-2020,02-Jan-2020,1.588,1.638,
31-Dec-2019,31-Dec-2019,1.641,1.691,
30-Dec-2019,30-Dec-2019,1.599,1.649,
27-Dec-2019,27-Dec-2019,1.579,1.629,
26-Dec-2019,26-Dec-2019,1.592,1.642,
24-Dec-2019,24-Dec-2019,1.602,1.652,
23-Dec-2019,23-Dec-2019,1.630,1.680,
20-Dec-2019,20-Dec-2019,1.620,1.670,
19-Dec-2019,19-Dec-2019,1.610,1.660,
18-Dec-2019,18-Dec-2019,1.614,1.664,
17-Dec-2019,17-Dec-2019,1.566,1.616,
16-Dec-2019,16-Dec-2019,1.560,1.610,
13-Dec-2019,13-Dec-2019,1.495,1.545,
12-Dec-2019,12-Dec-2019,1.573,1.623,
11-Dec-2019,11-Dec-2019,1.463,1.513,
10-Dec-2019,10-Dec-2019,1.509,1.559,
09-Dec-2019,09-Dec-2019,1.502,1.552,
06-Dec-2019,06-Dec-2019,1.514,1.564,
05-Dec-2019,05-Dec-2019,1.484,1.534,
04-Dec-2019,04-Dec-2019,1.442,1.492,
03-Dec-2019,03-Dec-2019,1.378,1.428,
02-Dec-2019,02-Dec-2019,1.484,1.534,
29-Nov-2019,29-Nov-2019,1.447,1.497,
27-Nov-2019,27-Nov-2019,1.432,1.482,
26-Nov-2019,26-Nov-2019,1.397,1.447,
25-Nov-2019,25-Nov-2019,1.405,1.455,
22-Nov-2019,22-Nov-2019,1.413,1.463,
21-Nov-2019,21-Nov-2019,1.405,1.455,
20-Nov-2019,20-Nov-2019,1.385,1.435,
19-Nov-2019,19-Nov-2019,1.423,1.473,
18-Nov-2019,18-Nov-2019,1.458,1.508,
15-Nov-2019,15-Nov-2019,1.485,1.535,
14-Nov-2019,14-Nov-2019,1.464,1.514,
13-Nov-2019,13-Nov-2019,1.536,1.586,
12-Nov-2019,12-Nov-2019,1.554,1.604,
08-Nov-2019,08-Nov-2019,1.587,1.637,
07-Nov-2019,07-Nov-2019,1.578,1.628,
06-Nov-2019,06-Nov-2019,1.480,1.530,
05-Nov-2019,05-Nov-2019,1.511,1.561,
04-Nov-2019,04-Nov-2019,1.436,1.486,
01-Nov-2019,01-Nov-2019,1.370,1.420,
31-Oct-2019,31-Oct-2019,1.342,1.392,
30-Oct-2019,30-Oct-2019,1.413,1.463,
29-Oct-2019,29-Oct-2019,1.483,1.533,
28-Oct-2019,28-Oct-2019,1.489,1.539,
25-Oct-2019,25-Oct-2019,1.441,1.491,
24-Oct-2019,24-Oct-2019,1.418,1.468,
23-Oct-2019,23-Oct-2019,1.416,1.466,
22-Oct-2019,22-Oct-2019,1.422,1.472,
21-Oct-2019,21-Oct-2019,1.473,1.523,
18-Oct-2019,18-Oct-2019,1.421,1.471,
17-Oct-2019,17-Oct-2019,1.410,1.460,
16-Oct-2019,16-Oct-2019,1.398,1.448,
15-Oct-2019,15-Oct-2019,1.433,1.483,
14-Oct-2019,14-Oct-2019,1.385,1.435,
11-Oct-2019,11-Oct-2019,1.386,1.436,
10-Oct-2019,10-Oct-2019,1.308,1.358,
09-Oct-2019,09-Oct-2019,1.226,1.276,
08-Oct-2019,08-Oct-2019,1.171,1.221,
07-Oct-2019,07-Oct-2019,1.213,1.263,
04-Oct-2019,04-Oct-2019,1.178,1.228,
03-Oct-2019,03-Oct-2019,1.173,1.223,
02-Oct-2019,02-Oct-2019,1.242,1.292,
01-Oct-2019,01-Oct-2019,1.281,1.331,
30-Sep-2019,30-Sep-2019,1.304,1.354,
27-Sep-2019,27-Sep-2019,1.311,1.361,
26-Sep-2019,26-Sep-2019,1.311,1.361,
25-Sep-2019,25-Sep-2019,1.340,1.390,
24-Sep-2019,24-Sep-2019,1.250,1.300,
23-Sep-2019,23-Sep-2019,1.337,1.387,
20-Sep-2019,20-Sep-2019,1.351,1.401,
19-Sep-2019,19-Sep-2019,1.369,1.419,
18-Sep-2019,18-Sep-2019,1.385,1.435,
17-Sep-2019,17-Sep-2019,1.398,1.448,
16-Sep-2019,16-Sep-2019,1.434,1.484,
13-Sep-2019,13-Sep-2019,1.493,1.543,
12-Sep-2019,12-Sep-2019,1.367,1.417,
11-Sep-2019,11-Sep-2019,1.329,1.379,
10-Sep-2019,10-Sep-2019,1.321,1.371,
09-Sep-2019,09-Sep-2019,1.241,1.291,
06-Sep-2019,06-Sep-2019,1.151,1.201,
05-Sep-2019,05-Sep-2019,1.150,1.200,
04-Sep-2019,04-Sep-2019,1.062,1.112,
03-Sep-2019,03-Sep-2019,1.054,1.104,
02-Sep-2019,02-Sep-2019,1.103,1.153,
30-Aug-2019,30-Aug-2019,1.103,1.153,
29-Aug-2019,29-Aug-2019,1.112,1.162,
28-Aug-2019,28-Aug-2019,1.098,1.148,
27-Aug-2019,27-Aug-2019,1.113,1.163,
26-Aug-2019,26-Aug-2019,1.192,1.242,
23-Aug-2019,23-Aug-2019,1.166,1.216,
22-Aug-2019,22-Aug-2019,1.264,1.314,
21-Aug-2019,21-Aug-2019,1.224,1.274,
20-Aug-2019,20-Aug-2019,1.181,1.231,
19-Aug-2019,19-Aug-2019,1.230,1.280,
16-Aug-2019,16-Aug-2019,1.168,1.218,
15-Aug-2019,15-Aug-2019,1.144,1.194,
14-Aug-2019,14-Aug-2019,1.207,1.257,
13-Aug-2019,13-Aug-2019,1.335,1.385,
12-Aug-2019,12-Aug-2019,1.266,1.316,
09-Aug-2019,09-Aug-2019,1.360,1.410,
08-Aug-2019,08-Aug-2019,1.331,1.381,
07-Aug-2019,07-Aug-2019,1.329,1.379,
06-Aug-2019,06-Aug-2019,1.337,1.387,
05-Aug-2019,05-Aug-2019,1.321,1.371,
02-Aug-2019,02-Aug-2019,1.501,1.551,
01-Aug-2019,01-Aug-2019,1.541,1.591,
31-Jul-2019,31-Jul-2019,1.669,1.719,
30-Jul-2019,30-Jul-2019,1.695,1.745,
29-Jul-2019,29-Jul-2019,1.698,1.748,
26-Jul-2019,26-Jul-2019,1.736,1.786,
25-Jul-2019,25-Jul-2019,1.708,1.758,
24-Jul-2019,24-Jul-2019,1.688,1.738,
23-Jul-2019,23-Jul-2019,1.739,1.789,
22-Jul-2019,22-Jul-2019,1.700,1.750,
19-Jul-2019,19-Jul-2019,1.713,1.763,
18-Jul-2019,18-Jul-2019,1.670,1.720,
17-Jul-2019,17-Jul-2019,1.716,1.766,
16-Jul-2019,16-Jul-2019,1.779,1.829,
15-Jul-2019,15-Jul-2019,1.762,1.812,
12-Jul-2019,12-Jul-2019,1.807,1.857,
11-Jul-2019,11-Jul-2019,1.832,1.882,
10-Jul-2019,10-Jul-2019,1.750,1.800,
09-Jul-2019,09-Jul-2019,1.742,1.792,
08-Jul-2019,08-Jul-2019,1.726,1.776,
05-Jul-2019,05-Jul-2019,1.732,1.782,
03-Jul-2019,03-Jul-2019,1.648,1.698,
02-Jul-2019,02-Jul-2019,1.673,1.723,
01-Jul-2019,01-Jul-2019,1.725,1.775,
28-Jun-2019,28-Jun-2019,1.702,1.752,
27-Jun-2019,27-Jun-2019,1.700,1.750,
26-Jun-2019,26-Jun-2019,1.729,1.779,
25-Jun-2019,25-Jun-2019,1.661,1.711,
24-Jun-2019,24-Jun-2019,1.688,1.738,
21-Jun-2019,21-Jun-2019,1.734,1.784,
20-Jun-2019,20-Jun-2019,1.715,1.765,
19-Jun-2019,19-Jun-2019,1.701,1.751,
18-Jun-2019,18-Jun-2019,1.741,1.791,
17-Jun-2019,17-Jun-2019,1.781,1.831,
14-Jun-2019,14-Jun-2019,1.757,1.807,
13-Jun-2019,13-Jun-2019,1.777,1.827,
12-Jun-2019,12-Jun-2019,1.816,1.866,
11-Jun-2019,11-Jun-2019,1.846,1.896,
10-Jun-2019,10-Jun-2019,1.866,1.916,
07-Jun-2019,07-Jun-2019,1.815,1.865,
06-Jun-2019,06-Jun-2019,1.842,1.892,
05-Jun-2019,05-Jun-2019,1.858,1.908,
04-Jun-2019,04-Jun-2019,1.845,1.895,
03-Jun-2019,03-Jun-2019,1.764,1.814,
31-May-2019,31-May-2019,1.837,1.887,
30-May-2019,30-May-2019,1.918,1.968,
29-May-2019,29-May-2019,1.967,2.017,
28-May-2019,28-May-2019,1.965,2.015,
27-May-2019,27-May-2019,2.013,2.063,
24-May-2019,24-May-2019,2.013,2.063,
23-May-2019,23-May-2019,2.015,2.065,
22-May-2019,22-May-2019,2.073,2.123,
21-May-2019,21-May-2019,2.122,2.172,
20-May-2019,20-May-2019,2.109,2.159,
17-May-2019,17-May-2019,2.086,2.136,
16-May-2019,16-May-2019,2.083,2.133,
15-May-2019,15-May-2019,2.060,2.110,
14-May-2019,14-May-2019,2.108,2.158,
13-May-2019,13-May-2019,2.102,2.152,
10-May-2019,10-May-2019,2.176,2.226,
09-May-2019,09-May-2019,2.154,2.204,
08-May-2019,08-May-2019,2.200,2.250,
07-May-2019,07-May-2019,2.166,2.216,
06-May-2019,06-May-2019,2.186,2.236,
03-May-2019,03-May-2019,2.240,2.290,
02-May-2019,02-May-2019,2.256,2.306,
01-May-2019,01-May-2019,2.225,2.275,
30-Apr-2019,30-Apr-2019,2.217,2.267,
29-Apr-2019,29-Apr-2019,2.238,2.288,
26-Apr-2019,26-Apr-2019,2.213,2.263,
25-Apr-2019,25-Apr-2019,2.254,2.304,
24-Apr-2019,24-Apr-2019,2.235,2.285,
23-Apr-2019,23-Apr-2019,2.280,2.330,
22-Apr-2019,22-Apr-2019,2.305,2.355,
19-Apr-2019,19-Apr-2019,2.285,2.335,
18-Apr-2019,18-Apr-2019,2.285,2.335,
17-Apr-2019,17-Apr-2019,2.318,2.368,
16-Apr-2019,16-Apr-2019,2.312,2.362,
15-Apr-2019,15-Apr-2019,2.279,2.329,
12-Apr-2019,12-Apr-2019,2.284,2.334,
11-Apr-2019,11-Apr-2019,2.214,2.264,
10-Apr-2019,10-Apr-2019,2.183,2.233,
09-Apr-2019,09-Apr-2019,2.218,2.268,
08-Apr-2019,08-Apr-2019,2.234,2.284,
05-Apr-2019,05-Apr-2019,2.199,2.249,
04-Apr-2019,04-Apr-2019,2.222,2.272,
03-Apr-2019,03-Apr-2019,2.221,2.271,
02-Apr-2019,02-Apr-2019,2.181,2.231,
01-Apr-2019,01-Apr-2019,2.187,2.237,
29-Mar-2019,29-Mar-2019,2.128,2.178,
28-Mar-2019,28-Mar-2019,2.110,2.160,
27-Mar-2019,27-Mar-2019,2.068,2.118,
26-Mar-2019,26-Mar-2019,2.119,2.169,
25-Mar-2019,25-Mar-2019,2.085,2.135,
22-Mar-2019,22-Mar-2019,2.147,2.197,
21-Mar-2019,21-Mar-2019,2.250,2.300,
20-Mar-2019,20-Mar-2019,2.246,2.296,
19-Mar-2019,19-Mar-2019,2.330,2.380,
18-Mar-2019,18-Mar-2019,2.319,2.369,
15-Mar-2019,15-Mar-2019,2.307,2.357,
14-Mar-2019,14-Mar-2019,2.347,2.397,
13-Mar-2019,13-Mar-2019,2.335,2.385,
12-Mar-2019,12-Mar-2019,2.316,2.366,
11-Mar-2019,11-Mar-2019,2.367,2.417,
08-Mar-2019,08-Mar-2019,2.359,2.409,
07-Mar-2019,07-Mar-2019,2.367,2.417,
06-Mar-2019,06-Mar-2019,2.413,2.463,
05-Mar-2019,05-Mar-2019,2.435,2.485,
04-Mar-2019,04-Mar-2019,2.433,2.483,
01-Mar-2019,01-Mar-2019,2.470,2.520,
28-Feb-2019,28-Feb-2019,2.429,2.479,
27-Feb-2019,27-Feb-2019,2.392,2.442,
26-Feb-2019,26-Feb-2019,2.339,2.389,
25-Feb-2019,25-Feb-2019,2.365,2.415,
22-Feb-2019,22-Feb-2019,2.358,2.408,
21-Feb-2019,21-Feb-2019,2.393,2.443,
20-Feb-2019,20-Feb-2019,2.363,2.413,
19-Feb-2019,19-Feb-2019,2.347,2.397,
15-Feb-2019,15-Feb-2019,2.370,2.420,
14-Feb-2019,14-Feb-2019,2.361,2.411,
13-Feb-2019,13-Feb-2019,2.414,2.464,
12-Feb-2019,12-Feb-2019,2.382,2.432,
11-Feb-2019,11-Feb-2019,2.357,2.407,
08-Feb-2019,08-Feb-2019,2.334,2.384,
07-Feb-2019,07-Feb-2019,2.353,2.403,
06-Feb-2019,06-Feb-2019,2.393,2.443,
05-Feb-2019,05-Feb-2019,2.394,2.444,
04-Feb-2019,04-Feb-2019,2.424,2.474,
01-Feb-2019,01-Feb-2019,2.385,2.435,
31-Jan-2019,31-Jan-2019,2.331,2.381,
30-Jan-2019,30-Jan-2019,2.384,2.434,
29-Jan-2019,29-Jan-2019,2.411,2.461,
28-Jan-2019,28-Jan-2019,2.441,2.491,
25-Jan-2019,25-Jan-2019,2.455,2.505,
24-Jan-2019,24-Jan-2019,2.410,2.460,
23-Jan-2019,23-Jan-2019,2.433,2.483,
22-Jan-2019,22-Jan-2019,2.429,2.479,
18-Jan-2019,18-Jan-2019,2.480,2.530,
17-Jan-2019,17-Jan-2019,2.438,2.488,
16-Jan-2019,16-Jan-2019,2.413,2.463,
15-Jan-2019,15-Jan-2019,2.401,2.451,
14-Jan-2019,14-Jan-2019,2.387,2.437,
11-Jan-2019,11-Jan-2019,2.381,2.431,
10-Jan-2019,10-Jan-2019,2.420,2.470,
09-Jan-2019,09-Jan-2019,2.404,2.454,
08-Jan-2019,08-Jan-2019,2.426,2.476,
07-Jan-2019,07-Jan-2019,2.391,2.441,
04-Jan-2019,04-Jan-2019,2.364,2.414,
03-Jan-2019,03-Jan-2019,2.245,2.295,
02-Jan-2019,02-Jan-2019,2.363,2.413,
01-Jan-2019,01-Jan-2019,2.400,2.450,