date,DGS2,DGS5,DGS10,EFFR
2019-01-01,,,,
2019-01-02,2.5,2.49,2.66,2.4
2019-01-03,2.39,2.37,2.56,2.4
2019-01-04,2.5,2.49,2.67,2.4
2019-01-07,2.53,2.53,2.7,2.4
2019-01-08,2.58,2.58,2.73,2.4
2019-01-09,2.56,2.57,2.74,2.4
2019-01-10,2.56,2.56,2.74,2.4
2019-01-11,2.55,2.52,2.71,2.4
2019-01-14,2.53,2.53,2.71,2.4
2019-01-15,2.53,2.53,2.72,2.4
2019-01-16,2.55,2.54,2.73,2.4
2019-01-17,2.56,2.58,2.75,2.4
2019-01-18,2.62,2.62,2.79,2.4
2019-01-21,,,,
2019-01-22,2.58,2.57,2.74,2.4
2019-01-23,2.58,2.59,2.76,2.4
2019-01-24,2.56,2.55,2.72,2.4
2019-01-25,2.6,2.59,2.76,2.4
2019-01-28,2.6,2.58,2.75,2.4
2019-01-29,2.56,2.55,2.72,2.4
2019-01-30,2.52,2.49,2.7,2.4
2019-01-31,2.45,2.43,2.63,2.4
2019-02-01,2.52,2.51,2.7,2.4
2019-02-04,2.53,2.53,2.73,2.4
2019-02-05,2.53,2.51,2.71,2.4
2019-02-06,2.52,2.5,2.7,2.4
2019-02-07,2.48,2.46,2.65,2.4
2019-02-08,2.45,2.44,2.63,2.4
2019-02-11,2.48,2.47,2.65,2.4
2019-02-12,2.5,2.49,2.68,2.4
2019-02-13,2.53,2.53,2.71,2.4
2019-02-14,2.5,2.48,2.66,2.4
2019-02-15,2.52,2.49,2.66,2.4
2019-02-18,,,,
2019-02-19,2.5,2.47,2.65,2.4
2019-02-20,2.5,2.47,2.65,2.4
2019-02-21,2.53,2.51,2.69,2.4
2019-02-22,2.48,2.47,2.65,2.4
2019-02-25,2.51,2.48,2.67,2.4
2019-02-26,2.48,2.45,2.64,2.4
2019-02-27,2.5,2.49,2.69,2.4
2019-02-28,2.52,2.52,2.73,2.4
2019-03-01,2.55,2.56,2.76,2.4
2019-03-04,2.55,2.53,2.72,2.4
2019-03-05,2.55,2.53,2.72,2.4
2019-03-06,2.52,2.49,2.69,2.4
2019-03-07,2.47,2.44,2.64,2.4
2019-03-08,2.45,2.42,2.62,2.4
2019-03-11,2.47,2.44,2.64,2.4
2019-03-12,2.45,2.41,2.61,2.4
2019-03-13,2.45,2.42,2.61,2.4
2019-03-14,2.46,2.43,2.63,2.4
2019-03-15,2.43,2.4,2.59,2.4
2019-03-18,2.45,2.42,2.6,2.4
2019-03-19,2.46,2.42,2.61,2.4
2019-03-20,2.4,2.34,2.54,2.41
2019-03-21,2.41,2.34,2.54,2.41
2019-03-22,2.31,2.24,2.44,2.41
2019-03-25,2.26,2.21,2.43,2.4
2019-03-26,2.24,2.18,2.41,2.4
2019-03-27,2.22,2.18,2.39,2.41
2019-03-28,2.23,2.2,2.39,2.41
2019-03-29,2.27,2.23,2.41,2.43
2019-04-01,2.33,2.31,2.49,2.41
2019-04-02,2.3,2.28,2.48,2.41
2019-04-03,2.33,2.32,2.52,2.41
2019-04-04,2.33,2.32,2.51,2.41
2019-04-05,2.35,2.31,2.5,2.41
2019-04-08,2.36,2.33,2.52,2.41
2019-04-09,2.35,2.31,2.51,2.41
2019-04-10,2.31,2.28,2.48,2.41
2019-04-11,2.35,2.31,2.51,2.41
2019-04-12,2.4,2.38,2.56,2.41
2019-04-15,2.4,2.37,2.55,2.41
2019-04-16,2.41,2.41,2.6,2.41
2019-04-17,2.4,2.4,2.59,2.42
2019-04-18,2.38,2.38,2.57,2.43
2019-04-19,,,,2.44
2019-04-22,2.38,2.39,2.59,2.44
2019-04-23,2.36,2.36,2.57,2.44
2019-04-24,2.32,2.32,2.53,2.44
2019-04-25,2.33,2.33,2.54,2.44
2019-04-26,2.28,2.29,2.51,2.44
2019-04-29,2.3,2.32,2.54,2.45
2019-04-30,2.27,2.28,2.51,2.45
2019-05-01,2.31,2.31,2.52,2.45
2019-05-02,2.35,2.34,2.55,2.41
2019-05-03,2.33,2.33,2.54,2.4
2019-05-06,2.31,2.3,2.51,2.4
2019-05-07,2.28,2.25,2.45,2.4
2019-05-08,2.3,2.28,2.49,2.39
2019-05-09,2.26,2.25,2.45,2.38
2019-05-10,2.26,2.26,2.47,2.38
2019-05-13,2.18,2.18,2.4,2.38
2019-05-14,2.2,2.2,2.42,2.38
2019-05-15,2.16,2.15,2.37,2.4
2019-05-16,2.2,2.18,2.4,2.39
2019-05-17,2.2,2.17,2.39,2.39
2019-05-20,2.21,2.21,2.41,2.39
2019-05-21,2.26,2.23,2.43,2.39
2019-05-22,2.23,2.19,2.39,2.38
2019-05-23,2.12,2.11,2.31,2.38
2019-05-24,2.16,2.12,2.32,2.38
2019-05-27,,,,
2019-05-28,2.12,2.06,2.26,2.39
2019-05-29,2.09,2.05,2.25,2.39
2019-05-30,2.06,2.03,2.22,2.39
2019-05-31,1.95,1.93,2.14,2.4
2019-06-03,1.82,1.83,2.07,2.38
2019-06-04,1.88,1.89,2.12,2.38
2019-06-05,1.83,1.86,2.12,2.38
2019-06-06,1.88,1.88,2.12,2.37
2019-06-07,1.85,1.85,2.09,2.37
2019-06-10,1.9,1.91,2.15,2.37
2019-06-11,1.93,1.92,2.15,2.37
2019-06-12,1.88,1.88,2.13,2.37
2019-06-13,1.83,1.84,2.1,2.37
2019-06-14,1.84,1.85,2.09,2.36
2019-06-17,1.86,1.85,2.09,2.38
2019-06-18,1.86,1.83,2.06,2.37
2019-06-19,1.74,1.77,2.03,2.37
2019-06-20,1.72,1.74,2.01,2.37
2019-06-21,1.77,1.8,2.07,2.38
2019-06-24,1.72,1.75,2.02,2.38
2019-06-25,1.71,1.73,2.0,2.38
2019-06-26,1.77,1.8,2.05,2.38
2019-06-27,1.74,1.76,2.01,2.38
2019-06-28,1.75,1.76,2.0,2.4
2019-07-01,1.78,1.79,2.03,2.39
2019-07-02,1.77,1.75,1.98,2.4
2019-07-03,1.77,1.74,1.96,2.41
2019-07-04,,,,
2019-07-05,1.87,1.84,2.04,2.42
2019-07-08,1.88,1.86,2.05,2.41
2019-07-09,1.92,1.88,2.07,2.41
2019-07-10,1.82,1.82,2.07,2.41
2019-07-11,1.85,1.88,2.13,2.4
2019-07-12,1.84,1.86,2.12,2.38
2019-07-15,1.83,1.84,2.09,2.4
2019-07-16,1.87,1.88,2.13,2.41
2019-07-17,1.83,1.83,2.06,2.41
2019-07-18,1.77,1.78,2.04,2.41
2019-07-19,1.8,1.8,2.05,2.41
2019-07-22,1.8,1.8,2.05,2.4
2019-07-23,1.83,1.83,2.08,2.4
2019-07-24,1.83,1.82,2.05,2.4
2019-07-25,1.86,1.85,2.08,2.4
2019-07-26,1.86,1.85,2.08,2.4
2019-07-29,1.85,1.84,2.06,2.4
2019-07-30,1.85,1.84,2.06,2.39
2019-07-31,1.89,1.84,2.02,2.4
2019-08-01,1.73,1.68,1.9,2.14
2019-08-02,1.72,1.66,1.86,2.14
2019-08-05,1.59,1.55,1.75,2.13
2019-08-06,1.6,1.53,1.73,2.13
2019-08-07,1.59,1.52,1.71,2.12
2019-08-08,1.62,1.54,1.72,2.12
2019-08-09,1.63,1.57,1.74,2.12
2019-08-12,1.58,1.49,1.65,2.12
2019-08-13,1.66,1.57,1.68,2.12
2019-08-14,1.58,1.51,1.59,2.12
2019-08-15,1.48,1.42,1.52,2.13
2019-08-16,1.48,1.42,1.55,2.13
2019-08-19,1.53,1.47,1.6,2.13
2019-08-20,1.5,1.42,1.55,2.13
2019-08-21,1.56,1.47,1.59,2.12
2019-08-22,1.61,1.5,1.62,2.12
2019-08-23,1.51,1.4,1.52,2.12
2019-08-26,1.54,1.43,1.54,2.12
2019-08-27,1.53,1.4,1.49,2.12
2019-08-28,1.5,1.37,1.47,2.12
2019-08-29,1.53,1.4,1.5,2.12
2019-08-30,1.5,1.39,1.5,2.13
2019-09-02,,,,
2019-09-03,1.47,1.35,1.47,2.13
2019-09-04,1.43,1.32,1.47,2.13
2019-09-05,1.55,1.43,1.57,2.13
2019-09-06,1.53,1.42,1.55,2.12
2019-09-09,1.58,1.49,1.63,2.13
2019-09-10,1.67,1.58,1.72,2.13
2019-09-11,1.68,1.6,1.75,2.13
2019-09-12,1.72,1.65,1.79,2.13
2019-09-13,1.79,1.75,1.9,2.14
2019-09-16,1.74,1.69,1.84,2.25
2019-09-17,1.72,1.66,1.81,2.3
2019-09-18,1.77,1.68,1.8,2.25
2019-09-19,1.74,1.66,1.79,1.9
2019-09-20,1.69,1.61,1.74,1.9
2019-09-23,1.68,1.59,1.72,1.9
2019-09-24,1.6,1.52,1.64,1.9
2019-09-25,1.68,1.6,1.73,1.9
2019-09-26,1.66,1.59,1.7,1.85
2019-09-27,1.63,1.56,1.69,1.83
2019-09-30,1.63,1.55,1.68,1.9
2019-10-01,1.56,1.51,1.65,1.88
2019-10-02,1.48,1.43,1.6,1.85
2019-10-03,1.39,1.34,1.54,1.83
2019-10-04,1.4,1.34,1.52,1.82
2019-10-07,1.46,1.38,1.56,1.82
2019-10-08,1.42,1.36,1.54,1.82
2019-10-09,1.47,1.4,1.59,1.82
2019-10-10,1.53,1.48,1.67,1.82
2019-10-11,1.63,1.59,1.76,1.82
2019-10-14,,,,
2019-10-15,1.61,1.59,1.77,1.9
2019-10-16,1.58,1.57,1.75,1.9
2019-10-17,1.6,1.57,1.76,1.85
2019-10-18,1.58,1.56,1.76,1.85
2019-10-21,1.62,1.61,1.8,1.85
2019-10-22,1.6,1.6,1.78,1.85
2019-10-23,1.58,1.58,1.77,1.85
2019-10-24,1.58,1.58,1.77,1.85
2019-10-25,1.63,1.62,1.8,1.83
2019-10-28,1.64,1.66,1.85,1.83
2019-10-29,1.64,1.66,1.84,1.82
2019-10-30,1.61,1.61,1.78,1.82
2019-10-31,1.52,1.51,1.69,1.58
2019-11-01,1.56,1.55,1.73,1.57
2019-11-04,1.6,1.6,1.79,1.56
2019-11-05,1.63,1.66,1.86,1.56
2019-11-06,1.61,1.63,1.81,1.55
2019-11-07,1.68,1.74,1.92,1.55
2019-11-08,1.68,1.74,1.94,1.55
2019-11-11,,,,
2019-11-12,1.66,1.73,1.92,1.55
2019-11-13,1.63,1.69,1.88,1.55
2019-11-14,1.58,1.63,1.82,1.55
2019-11-15,1.61,1.65,1.84,1.55
2019-11-18,1.6,1.63,1.81,1.55
2019-11-19,1.6,1.63,1.79,1.55
2019-11-20,1.56,1.58,1.73,1.55
2019-11-21,1.6,1.62,1.77,1.55
2019-11-22,1.61,1.62,1.77,1.55
2019-11-25,1.61,1.62,1.76,1.55
2019-11-26,1.58,1.58,1.74,1.55
2019-11-27,1.63,1.63,1.77,1.55
2019-11-28,,,,
2019-11-29,1.61,1.62,1.78,1.56
2019-12-02,1.61,1.65,1.83,1.56
2019-12-03,1.53,1.54,1.72,1.55
2019-12-04,1.58,1.6,1.77,1.55
2019-12-05,1.58,1.62,1.8,1.55
2019-12-06,1.61,1.67,1.84,1.55
2019-12-09,1.63,1.67,1.83,1.55
2019-12-10,1.65,1.68,1.85,1.55
2019-12-11,1.61,1.64,1.79,1.55
2019-12-12,1.66,1.73,1.9,1.55
2019-12-13,1.61,1.66,1.82,1.55
2019-12-16,1.65,1.72,1.89,1.56
2019-12-17,1.63,1.71,1.89,1.55
2019-12-18,1.63,1.74,1.92,1.55
2019-12-19,1.62,1.73,1.92,1.55
2019-12-20,1.63,1.73,1.92,1.55
2019-12-23,1.64,1.75,1.93,1.55
2019-12-24,1.62,1.72,1.9,1.55
2019-12-25,,,,
2019-12-26,1.64,1.72,1.9,1.55
2019-12-27,1.59,1.68,1.88,1.55
2019-12-30,1.58,1.68,1.9,1.55
2019-12-31,1.58,1.69,1.92,1.55
2020-01-01,,,,
2020-01-02,1.58,1.67,1.88,1.55
2020-01-03,1.53,1.59,1.8,1.55
2020-01-06,1.54,1.61,1.81,1.55
2020-01-07,1.54,1.62,1.83,1.55
2020-01-08,1.58,1.67,1.87,1.55
2020-01-09,1.58,1.65,1.85,1.55
2020-01-10,1.56,1.63,1.83,1.54
2020-01-13,1.58,1.65,1.85,1.54
2020-01-14,1.58,1.63,1.82,1.54
2020-01-15,1.56,1.6,1.79,1.54
2020-01-16,1.58,1.63,1.81,1.54
2020-01-17,1.58,1.63,1.84,1.55
2020-01-20,,,,
2020-01-21,1.53,1.57,1.78,1.55
2020-01-22,1.53,1.57,1.77,1.55
2020-01-23,1.51,1.55,1.74,1.55
2020-01-24,1.49,1.51,1.7,1.55
2020-01-27,1.44,1.44,1.61,1.55
2020-01-28,1.45,1.47,1.65,1.55
2020-01-29,1.42,1.41,1.6,1.55
2020-01-30,1.41,1.39,1.57,1.6
2020-01-31,1.33,1.32,1.51,1.59
2020-02-03,1.36,1.35,1.54,1.59
2020-02-04,1.41,1.42,1.61,1.59
2020-02-05,1.44,1.46,1.66,1.59
2020-02-06,1.44,1.45,1.65,1.59
2020-02-07,1.41,1.41,1.59,1.58
2020-02-10,1.37,1.38,1.56,1.58
2020-02-11,1.41,1.4,1.59,1.58
2020-02-12,1.44,1.45,1.62,1.58
2020-02-13,1.44,1.43,1.61,1.58
2020-02-14,1.42,1.42,1.59,1.58
2020-02-17,,,,
2020-02-18,1.41,1.39,1.55,1.59
2020-02-19,1.42,1.41,1.56,1.59
2020-02-20,1.39,1.37,1.52,1.59
2020-02-21,1.34,1.3,1.46,1.58
2020-02-24,1.26,1.21,1.38,1.58
2020-02-25,1.2,1.16,1.33,1.58
2020-02-26,1.16,1.14,1.33,1.58
2020-02-27,1.11,1.11,1.3,1.58
2020-02-28,0.86,0.89,1.13,1.58
2020-03-02,0.84,0.88,1.1,1.59
2020-03-03,0.71,0.77,1.02,1.59
2020-03-04,0.67,0.75,1.02,1.09
2020-03-05,0.59,0.67,0.92,1.09
2020-03-06,0.49,0.58,0.74,1.09
2020-03-09,0.38,0.46,0.54,1.09
2020-03-10,0.5,0.63,0.76,1.09
2020-03-11,0.5,0.66,0.82,1.09
2020-03-12,0.5,0.66,0.88,1.1
2020-03-13,0.49,0.7,0.94,1.1
2020-03-16,0.36,0.49,0.73,0.25
2020-03-17,0.47,0.66,1.02,0.25
2020-03-18,0.54,0.79,1.18,0.25
2020-03-19,0.44,0.66,1.12,0.2
2020-03-20,0.37,0.52,0.92,0.15
2020-03-23,0.28,0.38,0.76,0.15
2020-03-24,0.38,0.52,0.84,0.12
2020-03-25,0.34,0.56,0.88,0.1
2020-03-26,0.3,0.51,0.83,0.1
2020-03-27,0.25,0.41,0.72,0.1
2020-03-30,0.23,0.39,0.7,0.09
2020-03-31,0.23,0.37,0.7,0.08
2020-04-01,0.23,0.37,0.62,0.06
2020-04-02,0.23,0.39,0.63,0.05
2020-04-03,0.23,0.39,0.62,0.05
2020-04-06,0.27,0.44,0.67,0.05
2020-04-07,0.28,0.48,0.75,0.05
2020-04-08,0.27,0.47,0.77,0.05
2020-04-09,0.23,0.41,0.73,0.05
2020-04-10,,,,0.05
2020-04-13,0.25,0.44,0.76,0.05
2020-04-14,0.23,0.42,0.76,0.05
2020-04-15,0.2,0.34,0.63,0.05
2020-04-16,0.2,0.35,0.61,0.05
2020-04-17,0.2,0.36,0.65,0.05
2020-04-20,0.2,0.35,0.63,0.05
2020-04-21,0.2,0.34,0.58,0.05
2020-04-22,0.22,0.37,0.63,0.05
2020-04-23,0.22,0.37,0.61,0.04
2020-04-24,0.22,0.36,0.6,0.05
2020-04-27,0.24,0.41,0.67,0.04
2020-04-28,0.2,0.37,0.62,0.04
2020-04-29,0.2,0.36,0.63,0.04
2020-04-30,0.2,0.36,0.64,0.05
2020-05-01,0.2,0.36,0.64,0.05
2020-05-04,0.19,0.36,0.64,0.05
2020-05-05,0.19,0.36,0.66,0.05
2020-05-06,0.17,0.37,0.72,0.05
2020-05-07,0.13,0.29,0.63,0.05
2020-05-08,0.16,0.33,0.69,0.05
2020-05-11,0.17,0.36,0.73,0.05
2020-05-12,0.17,0.34,0.69,0.05
2020-05-13,0.16,0.31,0.64,0.05
2020-05-14,0.16,0.31,0.63,0.05
2020-05-15,0.16,0.31,0.64,0.05
2020-05-18,0.18,0.38,0.73,0.05
2020-05-19,0.17,0.35,0.7,0.05
2020-05-20,0.16,0.34,0.68,0.05
2020-05-21,0.17,0.35,0.68,0.05
2020-05-22,0.17,0.34,0.66,0.05
2020-05-25,,,,
2020-05-26,0.18,0.35,0.69,0.05
2020-05-27,0.19,0.34,0.68,0.05
2020-05-28,0.17,0.34,0.7,0.05
2020-05-29,0.16,0.3,0.65,0.05
2020-06-01,0.14,0.31,0.66,0.05
2020-06-02,0.17,0.32,0.68,0.06
2020-06-03,0.19,0.38,0.77,0.06
2020-06-04,0.19,0.4,0.82,0.06
2020-06-05,0.22,0.47,0.91,0.07
2020-06-08,0.22,0.45,0.88,0.07
2020-06-09,0.2,0.4,0.84,0.07
2020-06-10,0.17,0.33,0.75,0.08
2020-06-11,0.19,0.32,0.66,0.08
2020-06-12,0.19,0.33,0.71,0.08
2020-06-15,0.19,0.33,0.71,0.09
2020-06-16,0.21,0.34,0.75,0.09
2020-06-17,0.19,0.34,0.74,0.09
2020-06-18,0.19,0.34,0.71,0.09
2020-06-19,0.19,0.33,0.7,0.09
2020-06-22,0.19,0.34,0.71,0.08
2020-06-23,0.18,0.33,0.72,0.08
2020-06-24,0.19,0.33,0.69,0.08
2020-06-25,0.17,0.32,0.68,0.08
2020-06-26,0.17,0.3,0.64,0.08
2020-06-29,0.16,0.28,0.64,0.08
2020-06-30,0.16,0.29,0.66,0.08
2020-07-01,0.17,0.31,0.69,0.08
2020-07-02,0.16,0.29,0.68,0.09
2020-07-03,,,,0.09
2020-07-06,0.16,0.31,0.69,0.09
2020-07-07,0.16,0.29,0.65,0.09
2020-07-08,0.16,0.3,0.67,0.09
2020-07-09,0.16,0.28,0.62,0.09
2020-07-10,0.16,0.3,0.65,0.09
2020-07-13,0.16,0.3,0.64,0.09
2020-07-14,0.14,0.28,0.63,0.09
2020-07-15,0.16,0.28,0.64,0.1
2020-07-16,0.16,0.28,0.62,0.1
2020-07-17,0.14,0.29,0.64,0.09
2020-07-20,0.16,0.29,0.62,0.1
2020-07-21,0.14,0.27,0.61,0.1
2020-07-22,0.14,0.27,0.6,0.09
2020-07-23,0.16,0.27,0.59,0.09
2020-07-24,0.14,0.27,0.59,0.09
2020-07-27,0.15,0.3,0.62,0.1
2020-07-28,0.14,0.26,0.59,0.1
2020-07-29,0.12,0.25,0.58,0.1
2020-07-30,0.11,0.23,0.55,0.1
2020-07-31,0.11,0.21,0.55,0.1
2020-08-03,0.11,0.22,0.56,0.1
2020-08-04,0.11,0.19,0.52,0.1
2020-08-05,0.11,0.22,0.55,0.1
2020-08-06,0.11,0.21,0.55,0.1
2020-08-07,0.13,0.23,0.57,0.1
2020-08-10,0.14,0.24,0.59,0.1
2020-08-11,0.16,0.27,0.64,0.1
2020-08-12,0.16,0.3,0.69,0.1
2020-08-13,0.16,0.32,0.71,0.1
2020-08-14,0.14,0.29,0.71,0.1
2020-08-17,0.14,0.29,0.69,0.1
2020-08-18,0.14,0.27,0.67,0.09
2020-08-19,0.14,0.29,0.68,0.09
2020-08-20,0.13,0.26,0.65,0.09
2020-08-21,0.16,0.27,0.64,0.09
2020-08-24,0.14,0.28,0.65,0.09
2020-08-25,0.15,0.3,0.69,0.09
2020-08-26,0.16,0.28,0.69,0.09
2020-08-27,0.16,0.31,0.74,0.08
2020-08-28,0.14,0.28,0.74,0.09
2020-08-31,0.14,0.28,0.72,0.09
2020-09-01,0.13,0.26,0.68,0.09
2020-09-02,0.14,0.26,0.66,0.09
2020-09-03,0.13,0.24,0.63,0.09
2020-09-04,0.14,0.3,0.72,0.09
2020-09-07,,,,
2020-09-08,0.14,0.28,0.69,0.09
2020-09-09,0.14,0.28,0.71,0.09
2020-09-10,0.14,0.26,0.68,0.09
2020-09-11,0.13,0.26,0.67,0.09
2020-09-14,0.14,0.27,0.68,0.09
2020-09-15,0.14,0.27,0.68,0.09
2020-09-16,0.14,0.28,0.69,0.09
2020-09-17,0.13,0.28,0.69,0.09
2020-09-18,0.14,0.29,0.7,0.09
2020-09-21,0.14,0.27,0.68,0.09
2020-09-22,0.13,0.27,0.68,0.09
2020-09-23,0.14,0.28,0.68,0.09
2020-09-24,0.14,0.27,0.67,0.09
2020-09-25,0.12,0.26,0.66,0.09
2020-09-28,0.14,0.26,0.67,0.09
2020-09-29,0.11,0.24,0.66,0.09
2020-09-30,0.13,0.28,0.69,0.09
2020-10-01,0.14,0.27,0.68,0.09
2020-10-02,0.13,0.28,0.7,0.09
2020-10-05,0.14,0.33,0.78,0.09
2020-10-06,0.14,0.32,0.76,0.09
2020-10-07,0.16,0.35,0.81,0.09
2020-10-08,0.13,0.33,0.78,0.09
2020-10-09,0.16,0.34,0.79,0.09
2020-10-12,,,,
2020-10-13,0.16,0.31,0.74,0.09
2020-10-14,0.14,0.3,0.73,0.09
2020-10-15,0.14,0.32,0.74,0.09
2020-10-16,0.14,0.32,0.76,0.09
2020-10-19,0.16,0.34,0.78,0.09
2020-10-20,0.14,0.34,0.81,0.09
2020-10-21,0.14,0.36,0.83,0.09
2020-10-22,0.16,0.38,0.87,0.09
2020-10-23,0.18,0.37,0.85,0.09
2020-10-26,0.16,0.35,0.81,0.09
2020-10-27,0.16,0.34,0.79,0.09
2020-10-28,0.16,0.34,0.79,0.09
2020-10-29,0.16,0.38,0.85,0.09
2020-10-30,0.14,0.38,0.88,0.09
2020-11-02,0.16,0.38,0.87,0.09
2020-11-03,0.17,0.39,0.9,0.09
2020-11-04,0.14,0.33,0.78,0.09
2020-11-05,0.14,0.33,0.79,0.09
2020-11-06,0.16,0.36,0.83,0.09
2020-11-09,0.17,0.44,0.96,0.09
2020-11-10,0.19,0.46,0.98,0.09
2020-11-11,,,,
2020-11-12,0.17,0.4,0.88,0.09
2020-11-13,0.17,0.41,0.89,0.09
2020-11-16,0.19,0.41,0.91,0.09
2020-11-17,0.18,0.39,0.87,0.09
2020-11-18,0.16,0.4,0.88,0.09
2020-11-19,0.18,0.39,0.86,0.08
2020-11-20,0.16,0.38,0.83,0.08
2020-11-23,0.16,0.39,0.86,0.08
2020-11-24,0.16,0.39,0.88,0.08
2020-11-25,0.17,0.39,0.88,0.08
2020-11-26,,,,
2020-11-27,0.16,0.37,0.84,0.08
2020-11-30,0.16,0.36,0.84,0.09
2020-12-01,0.17,0.42,0.92,0.09
2020-12-02,0.16,0.42,0.95,0.09
2020-12-03,0.16,0.4,0.92,0.09
2020-12-04,0.16,0.42,0.97,0.09
2020-12-07,0.14,0.4,0.94,0.09
2020-12-08,0.14,0.39,0.92,0.09
2020-12-09,0.16,0.41,0.95,0.09
2020-12-10,0.14,0.39,0.92,0.09
2020-12-11,0.11,0.37,0.9,0.09
2020-12-14,0.13,0.37,0.9,0.09
2020-12-15,0.11,0.37,0.92,0.09
2020-12-16,0.13,0.37,0.92,0.09
2020-12-17,0.13,0.38,0.94,0.09
2020-12-18,0.13,0.39,0.95,0.09
2020-12-21,0.13,0.39,0.95,0.09
2020-12-22,0.13,0.37,0.93,0.09
2020-12-23,0.13,0.38,0.96,0.09
2020-12-24,0.13,0.37,0.94,0.09
2020-12-25,,,,
2020-12-28,0.13,0.38,0.94,0.09
2020-12-29,0.12,0.37,0.94,0.09
2020-12-30,0.12,0.37,0.93,0.09
2020-12-31,0.13,0.36,0.93,0.09
2021-01-01,,,,
2021-01-04,0.11,0.36,0.93,0.09
2021-01-05,0.13,0.38,0.96,0.09
2021-01-06,0.14,0.43,1.04,0.09
2021-01-07,0.14,0.46,1.08,0.09
2021-01-08,0.14,0.49,1.13,0.09
2021-01-11,0.14,0.5,1.15,0.09
2021-01-12,0.14,0.5,1.15,0.09
2021-01-13,0.14,0.48,1.1,0.09
2021-01-14,0.16,0.49,1.15,0.09
2021-01-15,0.13,0.46,1.11,0.09
2021-01-18,,,,
2021-01-19,0.14,0.45,1.1,0.09
2021-01-20,0.13,0.45,1.1,0.09
2021-01-21,0.13,0.45,1.12,0.08
2021-01-22,0.13,0.44,1.1,0.08
2021-01-25,0.13,0.42,1.05,0.08
2021-01-26,0.11,0.42,1.05,0.08
2021-01-27,0.12,0.41,1.04,0.08
2021-01-28,0.12,0.42,1.07,0.07
2021-01-29,0.11,0.45,1.11,0.07
2021-02-01,0.11,0.42,1.09,0.08
2021-02-02,0.11,0.45,1.12,0.08
2021-02-03,0.11,0.46,1.15,0.08
2021-02-04,0.11,0.46,1.15,0.08
2021-02-05,0.09,0.47,1.19,0.08
2021-02-08,0.11,0.48,1.19,0.07
2021-02-09,0.11,0.48,1.18,0.08
2021-02-10,0.11,0.46,1.15,0.08
2021-02-11,0.11,0.46,1.16,0.08
2021-02-12,0.11,0.5,1.2,0.08
2021-02-15,,,,
2021-02-16,0.13,0.57,1.3,0.08
2021-02-17,0.11,0.57,1.29,0.08
2021-02-18,0.11,0.56,1.29,0.07
2021-02-19,0.11,0.59,1.34,0.07
2021-02-22,0.11,0.61,1.37,0.07
2021-02-23,0.11,0.59,1.37,0.07
2021-02-24,0.12,0.62,1.38,0.07
2021-02-25,0.17,0.81,1.54,0.07
2021-02-26,0.14,0.75,1.44,0.07
2021-03-01,0.13,0.71,1.45,0.07
2021-03-02,0.13,0.67,1.42,0.07
2021-03-03,0.14,0.73,1.47,0.07
2021-03-04,0.14,0.77,1.54,0.07
2021-03-05,0.14,0.79,1.56,0.07
2021-03-08,0.17,0.86,1.59,0.07
2021-03-09,0.17,0.83,1.55,0.07
2021-03-10,0.16,0.8,1.53,0.07
2021-03-11,0.14,0.78,1.54,0.07
2021-03-12,0.14,0.85,1.64,0.07
2021-03-15,0.14,0.84,1.62,0.07
2021-03-16,0.15,0.83,1.62,0.07
2021-03-17,0.13,0.8,1.63,0.07
2021-03-18,0.16,0.86,1.71,0.07
2021-03-19,0.16,0.9,1.74,0.07
2021-03-22,0.15,0.87,1.69,0.07
2021-03-23,0.15,0.83,1.63,0.07
2021-03-24,0.14,0.83,1.62,0.07
2021-03-25,0.14,0.82,1.63,0.07
2021-03-26,0.14,0.85,1.67,0.07
2021-03-29,0.14,0.89,1.73,0.07
2021-03-30,0.16,0.9,1.73,0.07
2021-03-31,0.16,0.92,1.74,0.06
2021-04-01,0.17,0.9,1.69,0.07
2021-04-02,0.19,0.97,1.72,0.07
2021-04-05,0.17,0.94,1.73,0.07
2021-04-06,0.16,0.88,1.67,0.07
2021-04-07,0.16,0.87,1.68,0.07
2021-04-08,0.14,0.85,1.64,0.07
2021-04-09,0.16,0.87,1.67,0.07
2021-04-12,0.18,0.89,1.69,0.07
2021-04-13,0.16,0.85,1.64,0.07
2021-04-14,0.16,0.87,1.64,0.07
2021-04-15,0.16,0.81,1.56,0.07
2021-04-16,0.16,0.84,1.59,0.07
2021-04-19,0.16,0.85,1.61,0.07
2021-04-20,0.15,0.81,1.58,0.07
2021-04-21,0.15,0.81,1.57,0.07
2021-04-22,0.16,0.81,1.57,0.07
2021-04-23,0.16,0.83,1.58,0.07
2021-04-26,0.18,0.85,1.58,0.07
2021-04-27,0.17,0.88,1.63,0.07
2021-04-28,0.17,0.86,1.63,0.07
2021-04-29,0.16,0.86,1.65,0.06
2021-04-30,0.16,0.86,1.65,0.05
2021-05-03,0.16,0.84,1.63,0.06
2021-05-04,0.16,0.82,1.61,0.06
2021-05-05,0.16,0.8,1.59,0.06
2021-05-06,0.16,0.81,1.58,0.06
2021-05-07,0.14,0.77,1.6,0.06
2021-05-10,0.16,0.8,1.63,0.06
2021-05-11,0.16,0.8,1.64,0.06
2021-05-12,0.16,0.87,1.69,0.06
2021-05-13,0.16,0.84,1.66,0.06
2021-05-14,0.16,0.82,1.63,0.06
2021-05-17,0.16,0.84,1.64,0.06
2021-05-18,0.16,0.83,1.64,0.06
2021-05-19,0.16,0.87,1.68,0.06
2021-05-20,0.15,0.83,1.63,0.06
2021-05-21,0.17,0.84,1.63,0.06
2021-05-24,0.15,0.82,1.61,0.06
2021-05-25,0.15,0.79,1.56,0.06
2021-05-26,0.14,0.8,1.58,0.06
2021-05-27,0.14,0.81,1.61,0.06
2021-05-28,0.14,0.79,1.58,0.05
2021-05-31,,,,
2021-06-01,0.16,0.81,1.62,0.06
2021-06-02,0.13,0.8,1.59,0.06
2021-06-03,0.16,0.84,1.63,0.06
2021-06-04,0.14,0.78,1.56,0.06
2021-06-07,0.16,0.79,1.57,0.06
2021-06-08,0.14,0.77,1.53,0.06
2021-06-09,0.16,0.75,1.5,0.06
2021-06-10,0.14,0.73,1.45,0.06
2021-06-11,0.16,0.76,1.47,0.06
2021-06-14,0.16,0.8,1.51,0.06
2021-06-15,0.16,0.79,1.51,0.06
2021-06-16,0.21,0.89,1.57,0.06
2021-06-17,0.23,0.9,1.52,0.1
2021-06-18,0.26,0.89,1.45,0.1
2021-06-21,0.27,0.9,1.5,0.1
2021-06-22,0.25,0.87,1.48,0.1
2021-06-23,0.26,0.9,1.5,0.1
2021-06-24,0.26,0.9,1.49,0.1
2021-06-25,0.28,0.92,1.54,0.1
2021-06-28,0.25,0.9,1.49,0.1
2021-06-29,0.27,0.89,1.49,0.1
2021-06-30,0.25,0.87,1.45,0.08
2021-07-01,0.25,0.89,1.48,0.1
2021-07-02,0.24,0.86,1.44,0.1
2021-07-05,,,,
2021-07-06,0.22,0.81,1.37,0.1
2021-07-07,0.22,0.79,1.33,0.1
2021-07-08,0.19,0.74,1.3,0.1
2021-07-09,0.23,0.79,1.37,0.1
2021-07-12,0.23,0.81,1.38,0.1
2021-07-13,0.26,0.85,1.42,0.1
2021-07-14,0.23,0.8,1.37,0.1
2021-07-15,0.23,0.78,1.31,0.1
2021-07-16,0.25,0.79,1.31,0.1
2021-07-19,0.21,0.7,1.19,0.1
2021-07-20,0.2,0.69,1.23,0.1
2021-07-21,0.22,0.74,1.3,0.1
2021-07-22,0.2,0.71,1.27,0.1
2021-07-23,0.22,0.72,1.3,0.1
2021-07-26,0.22,0.73,1.29,0.1
2021-07-27,0.2,0.71,1.25,0.1
2021-07-28,0.2,0.72,1.26,0.1
2021-07-29,0.2,0.73,1.28,0.1
2021-07-30,0.19,0.69,1.24,0.07
2021-08-02,0.17,0.66,1.2,0.1
2021-08-03,0.17,0.65,1.19,0.1
2021-08-04,0.17,0.67,1.19,0.1
2021-08-05,0.21,0.72,1.23,0.1
2021-08-06,0.21,0.77,1.31,0.1
2021-08-09,0.23,0.79,1.33,0.1
2021-08-10,0.24,0.82,1.36,0.1
2021-08-11,0.23,0.81,1.35,0.1
2021-08-12,0.23,0.83,1.36,0.1
2021-08-13,0.23,0.79,1.29,0.1
2021-08-16,0.21,0.75,1.26,0.1
2021-08-17,0.23,0.77,1.26,0.1
2021-08-18,0.23,0.79,1.27,0.09
2021-08-19,0.22,0.78,1.24,0.09
2021-08-20,0.23,0.8,1.26,0.09
2021-08-23,0.23,0.78,1.25,0.09
2021-08-24,0.24,0.8,1.29,0.09
2021-08-25,0.23,0.84,1.35,0.09
2021-08-26,0.25,0.84,1.34,0.09
2021-08-27,0.22,0.79,1.31,0.08
2021-08-30,0.2,0.77,1.29,0.08
2021-08-31,0.2,0.77,1.3,0.06
2021-09-01,0.2,0.78,1.31,0.08
2021-09-02,0.2,0.78,1.29,0.08
2021-09-03,0.21,0.78,1.33,0.08
2021-09-06,,,,
2021-09-07,0.22,0.82,1.38,0.08
2021-09-08,0.22,0.81,1.35,0.08
2021-09-09,0.23,0.79,1.3,0.08
2021-09-10,0.23,0.82,1.35,0.08
2021-09-13,0.21,0.81,1.33,0.08
2021-09-14,0.21,0.79,1.28,0.08
2021-09-15,0.21,0.81,1.31,0.08
2021-09-16,0.23,0.84,1.34,0.08
2021-09-17,0.23,0.88,1.37,0.08
2021-09-20,0.23,0.83,1.31,0.08
2021-09-21,0.22,0.84,1.33,0.08
2021-09-22,0.25,0.86,1.32,0.08
2021-09-23,0.27,0.94,1.41,0.08
2021-09-24,0.29,0.97,1.47,0.08
2021-09-27,0.31,0.98,1.48,0.08
2021-09-28,0.31,1.02,1.54,0.08
2021-09-29,0.3,1.01,1.55,0.08
2021-09-30,0.28,0.98,1.52,0.06
2021-10-01,0.27,0.93,1.48,0.08
2021-10-04,0.27,0.95,1.49,0.08
2021-10-05,0.28,0.98,1.54,0.08
2021-10-06,0.3,0.99,1.53,0.08
2021-10-07,0.32,1.02,1.58,0.08
2021-10-08,0.32,1.05,1.61,0.08
2021-10-11,,,,
2021-10-12,0.35,1.08,1.59,0.08
2021-10-13,0.37,1.09,1.56,0.08
2021-10-14,0.36,1.05,1.52,0.08
2021-10-15,0.41,1.13,1.59,0.08
2021-10-18,0.44,1.16,1.59,0.08
2021-10-19,0.41,1.17,1.65,0.08
2021-10-20,0.4,1.16,1.65,0.08
2021-10-21,0.45,1.23,1.68,0.08
2021-10-22,0.48,1.22,1.66,0.08
2021-10-25,0.47,1.19,1.64,0.08
2021-10-26,0.47,1.2,1.63,0.08
2021-10-27,0.5,1.16,1.54,0.08
2021-10-28,0.5,1.18,1.57,0.08
2021-10-29,0.48,1.18,1.55,0.07
2021-11-01,0.5,1.2,1.58,0.08
2021-11-02,0.46,1.15,1.56,0.08
2021-11-03,0.47,1.19,1.6,0.08
2021-11-04,0.41,1.1,1.53,0.08
2021-11-05,0.39,1.04,1.45,0.08
2021-11-08,0.45,1.13,1.51,0.08
2021-11-09,0.41,1.08,1.46,0.08
2021-11-10,0.51,1.23,1.56,0.08
2021-11-11,,,,
2021-11-12,0.53,1.24,1.58,0.08
2021-11-15,0.53,1.26,1.63,0.08
2021-11-16,0.54,1.27,1.63,0.08
2021-11-17,0.52,1.24,1.6,0.08
2021-11-18,0.52,1.22,1.59,0.08
2021-11-19,0.52,1.22,1.54,0.08
2021-11-22,0.63,1.33,1.63,0.08
2021-11-23,0.6,1.33,1.67,0.08
2021-11-24,0.64,1.34,1.64,0.08
2021-11-25,,,,
2021-11-26,0.5,1.16,1.48,0.08
2021-11-29,0.51,1.18,1.52,0.08
2021-11-30,0.52,1.14,1.43,0.07
2021-12-01,0.56,1.15,1.43,0.08
2021-12-02,0.63,1.21,1.44,0.08
2021-12-03,0.6,1.13,1.35,0.08
2021-12-06,0.65,1.21,1.43,0.08
2021-12-07,0.7,1.26,1.48,0.08
2021-12-08,0.68,1.27,1.52,0.08
2021-12-09,0.7,1.26,1.49,0.08
2021-12-10,0.67,1.25,1.48,0.08
2021-12-13,0.66,1.21,1.42,0.08
2021-12-14,0.67,1.23,1.44,0.08
2021-12-15,0.69,1.26,1.47,0.08
2021-12-16,0.64,1.19,1.44,0.08
2021-12-17,0.66,1.18,1.41,0.08
2021-12-20,0.65,1.17,1.43,0.08
2021-12-21,0.7,1.24,1.48,0.08
2021-12-22,0.68,1.23,1.46,0.08
2021-12-23,0.71,1.25,1.5,0.08
2021-12-24,,,,0.08
2021-12-27,0.76,1.26,1.48,0.08
2021-12-28,0.74,1.27,1.49,0.08
2021-12-29,0.75,1.29,1.55,0.08
2021-12-30,0.73,1.27,1.52,0.08
2021-12-31,0.73,1.26,1.52,0.07
2022-01-03,0.78,1.37,1.63,0.08
2022-01-04,0.77,1.37,1.66,0.08
2022-01-05,0.83,1.43,1.71,0.08
2022-01-06,0.88,1.47,1.73,0.08
2022-01-07,0.87,1.5,1.76,0.08
2022-01-10,0.92,1.53,1.78,0.08
2022-01-11,0.9,1.51,1.75,0.08
2022-01-12,0.92,1.5,1.74,0.08
2022-01-13,0.91,1.47,1.7,0.08
2022-01-14,0.99,1.55,1.78,0.08
2022-01-17,,,,
2022-01-18,1.06,1.65,1.87,0.08
2022-01-19,1.04,1.62,1.83,0.08
2022-01-20,1.08,1.62,1.83,0.08
2022-01-21,1.01,1.54,1.75,0.08
2022-01-24,0.99,1.53,1.75,0.08
2022-01-25,1.02,1.56,1.78,0.08
2022-01-26,1.13,1.66,1.85,0.08
2022-01-27,1.18,1.66,1.81,0.08
2022-01-28,1.15,1.61,1.78,0.08
2022-01-31,1.18,1.62,1.79,0.08
2022-02-01,1.18,1.63,1.81,0.08
2022-02-02,1.16,1.6,1.78,0.08
2022-02-03,1.19,1.66,1.82,0.08
2022-02-04,1.31,1.78,1.93,0.08
2022-02-07,1.3,1.76,1.92,0.08
2022-02-08,1.35,1.81,1.96,0.08
2022-02-09,1.36,1.82,1.94,0.08
2022-02-10,1.61,1.96,2.03,0.08
2022-02-11,1.5,1.84,1.92,0.08
2022-02-14,1.58,1.9,1.98,0.08
2022-02-15,1.58,1.94,2.05,0.08
2022-02-16,1.52,1.9,2.03,0.08
2022-02-17,1.49,1.85,1.97,0.08
2022-02-18,1.47,1.82,1.92,0.08
2022-02-21,,,,
2022-02-22,1.56,1.85,1.94,0.08
2022-02-23,1.58,1.89,1.99,0.08
2022-02-24,1.54,1.84,1.96,0.08
2022-02-25,1.55,1.86,1.97,0.08
2022-02-28,1.44,1.71,1.83,0.08
2022-03-01,1.31,1.56,1.72,0.08
2022-03-02,1.5,1.74,1.86,0.08
2022-03-03,1.53,1.74,1.86,0.08
2022-03-04,1.5,1.65,1.74,0.08
2022-03-07,1.55,1.71,1.78,0.08
2022-03-08,1.63,1.8,1.86,0.08
2022-03-09,1.68,1.87,1.94,0.08
2022-03-10,1.72,1.92,1.98,0.08
2022-03-11,1.75,1.96,2.0,0.08
2022-03-14,1.87,2.1,2.14,0.08
2022-03-15,1.85,2.1,2.15,0.08
2022-03-16,1.95,2.18,2.19,0.08
2022-03-17,1.94,2.17,2.2,0.33
2022-03-18,1.97,2.14,2.14,0.33
2022-03-21,2.14,2.33,2.32,0.33
2022-03-22,2.18,2.39,2.38,0.33
2022-03-23,2.13,2.34,2.32,0.33
2022-03-24,2.13,2.37,2.34,0.33
2022-03-25,2.3,2.55,2.48,0.33
2022-03-28,2.35,2.54,2.46,0.33
2022-03-29,2.35,2.49,2.41,0.33
2022-03-30,2.31,2.44,2.35,0.33
2022-03-31,2.28,2.42,2.32,0.33
2022-04-01,2.44,2.55,2.39,0.33
2022-04-04,2.43,2.56,2.42,0.33
2022-04-05,2.51,2.69,2.54,0.33
2022-04-06,2.5,2.7,2.61,0.33
2022-04-07,2.47,2.7,2.66,0.33
2022-04-08,2.53,2.76,2.72,0.33
2022-04-11,2.5,2.79,2.79,0.33
2022-04-12,2.39,2.66,2.72,0.33
2022-04-13,2.37,2.66,2.7,0.33
2022-04-14,2.47,2.79,2.83,0.33
2022-04-15,,,,0.33
2022-04-18,2.46,2.79,2.85,0.33
2022-04-19,2.61,2.91,2.93,0.33
2022-04-20,2.6,2.87,2.85,0.33
2022-04-21,2.68,2.96,2.9,0.33
2022-04-22,2.72,2.94,2.9,0.33
2022-04-25,2.63,2.84,2.81,0.33
2022-04-26,2.54,2.79,2.77,0.33
2022-04-27,2.58,2.81,2.82,0.33
2022-04-28,2.63,2.86,2.85,0.33
2022-04-29,2.7,2.92,2.89,0.33
2022-05-02,2.73,3.01,2.99,0.33
2022-05-03,2.78,3.01,2.97,0.33
2022-05-04,2.66,2.93,2.93,0.33
2022-05-05,2.71,3.01,3.05,0.83
2022-05-06,2.72,3.06,3.12,0.83
2022-05-09,2.61,2.95,3.05,0.83
2022-05-10,2.62,2.91,2.99,0.83
2022-05-11,2.66,2.89,2.91,0.83
2022-05-12,2.56,2.81,2.84,0.83
2022-05-13,2.61,2.89,2.93,0.83
2022-05-16,2.58,2.83,2.88,0.83
2022-05-17,2.71,2.96,2.98,0.83
2022-05-18,2.68,2.89,2.89,0.83
2022-05-19,2.63,2.84,2.84,0.83
2022-05-20,2.6,2.8,2.78,0.83
2022-05-23,2.65,2.88,2.86,0.83
2022-05-24,2.5,2.76,2.76,0.83
2022-05-25,2.48,2.71,2.75,0.83
2022-05-26,2.46,2.7,2.75,0.83
2022-05-27,2.47,2.71,2.74,0.83
2022-05-30,,,,
2022-05-31,2.53,2.81,2.85,0.83
2022-06-01,2.66,2.94,2.94,0.83
2022-06-02,2.65,2.92,2.92,0.83
2022-06-03,2.66,2.95,2.96,0.83
2022-06-06,2.73,3.03,3.04,0.83
2022-06-07,2.75,2.99,2.98,0.83
2022-06-08,2.78,3.03,3.03,0.83
2022-06-09,2.83,3.07,3.04,0.83
2022-06-10,3.06,3.25,3.15,0.83
2022-06-13,3.4,3.56,3.43,0.83
2022-06-14,3.45,3.61,3.49,0.83
2022-06-15,3.2,3.38,3.33,0.83
2022-06-16,3.14,3.35,3.28,1.58
2022-06-17,3.17,3.34,3.25,1.58
2022-06-20,,,,
2022-06-21,3.21,3.38,3.31,1.58
2022-06-22,3.06,3.22,3.16,1.58
2022-06-23,3.01,3.14,3.09,1.58
2022-06-24,3.04,3.18,3.13,1.58
2022-06-27,3.08,3.24,3.2,1.58
2022-06-28,3.1,3.25,3.2,1.58
2022-06-29,3.06,3.15,3.1,1.58
2022-06-30,2.92,3.01,2.98,1.58
2022-07-01,2.84,2.88,2.88,1.58
2022-07-04,,,,
2022-07-05,2.82,2.82,2.82,1.58
2022-07-06,2.97,2.96,2.93,1.58
2022-07-07,3.03,3.05,3.01,1.58
2022-07-08,3.12,3.13,3.09,1.58
2022-07-11,3.07,3.05,2.99,1.58
2022-07-12,3.03,3.01,2.96,1.58
2022-07-13,3.13,3.02,2.91,1.58
2022-07-14,3.15,3.06,2.96,1.58
2022-07-15,3.13,3.05,2.93,1.58
2022-07-18,3.15,3.06,2.96,1.58
2022-07-19,3.23,3.14,3.01,1.58
2022-07-20,3.25,3.18,3.04,1.58
2022-07-21,3.1,3.0,2.91,1.58
2022-07-22,2.98,2.87,2.77,1.58
2022-07-25,3.0,2.89,2.81,1.58
2022-07-26,3.02,2.89,2.81,1.58
2022-07-27,2.96,2.82,2.78,1.58
2022-07-28,2.85,2.69,2.68,2.33
2022-07-29,2.89,2.7,2.67,2.32
2022-08-01,2.9,2.66,2.6,2.33
2022-08-02,3.06,2.85,2.75,2.33
2022-08-03,3.1,2.86,2.73,2.33
2022-08-04,3.03,2.76,2.68,2.33
2022-08-05,3.24,2.97,2.83,2.33
2022-08-08,3.21,2.91,2.77,2.33
2022-08-09,3.28,2.97,2.8,2.33
2022-08-10,3.23,2.93,2.78,2.33
2022-08-11,3.23,2.98,2.87,2.33
2022-08-12,3.25,2.97,2.84,2.33
2022-08-15,3.2,2.91,2.79,2.33
2022-08-16,3.25,2.95,2.82,2.33
2022-08-17,3.28,3.04,2.89,2.33
2022-08-18,3.22,3.02,2.88,2.33
2022-08-19,3.25,3.11,2.98,2.33
2022-08-22,3.32,3.17,3.03,2.33
2022-08-23,3.29,3.18,3.05,2.33
2022-08-24,3.36,3.2,3.11,2.33
2022-08-25,3.35,3.15,3.03,2.33
2022-08-26,3.37,3.2,3.04,2.33
2022-08-29,3.42,3.27,3.12,2.33
2022-08-30,3.46,3.27,3.11,2.33
2022-08-31,3.45,3.3,3.15,2.33
2022-09-01,3.51,3.39,3.26,2.33
2022-09-02,3.4,3.3,3.2,2.33
2022-09-05,,,,
2022-09-06,3.5,3.43,3.33,2.33
2022-09-07,3.45,3.37,3.27,2.33
2022-09-08,3.48,3.39,3.29,2.33
2022-09-09,3.56,3.45,3.33,2.33
2022-09-12,3.58,3.47,3.37,2.33
2022-09-13,3.75,3.58,3.42,2.33
2022-09-14,3.78,3.6,3.41,2.33
2022-09-15,3.87,3.66,3.45,2.33
2022-09-16,3.85,3.62,3.45,2.33
2022-09-19,3.95,3.69,3.49,2.33
2022-09-20,3.96,3.75,3.57,2.33
2022-09-21,4.02,3.74,3.51,2.33
2022-09-22,4.11,3.91,3.7,3.08
2022-09-23,4.2,3.96,3.69,3.08
2022-09-26,4.27,4.15,3.88,3.08
2022-09-27,4.3,4.21,3.97,3.08
2022-09-28,4.07,3.92,3.72,3.08
2022-09-29,4.16,3.98,3.76,3.08
2022-09-30,4.22,4.06,3.83,3.08
2022-10-03,4.12,3.9,3.67,3.08
2022-10-04,4.1,3.84,3.62,3.08
2022-10-05,4.15,3.96,3.76,3.08
2022-10-06,4.23,4.05,3.83,3.08
2022-10-07,4.3,4.14,3.89,3.08
2022-10-10,,,,
2022-10-11,4.3,4.14,3.93,3.08
2022-10-12,4.28,4.12,3.91,3.08
2022-10-13,4.47,4.21,3.97,3.08
2022-10-14,4.48,4.25,4.0,3.08
2022-10-17,4.45,4.24,4.02,3.08
2022-10-18,4.43,4.21,4.01,3.08
2022-10-19,4.55,4.35,4.14,3.08
2022-10-20,4.62,4.45,4.24,3.08
2022-10-21,4.49,4.34,4.21,3.08
2022-10-24,4.5,4.36,4.25,3.08
2022-10-25,4.42,4.25,4.1,3.08
2022-10-26,4.39,4.2,4.04,3.08
2022-10-27,4.3,4.09,3.96,3.08
2022-10-28,4.41,4.19,4.02,3.08
2022-10-31,4.51,4.27,4.1,3.08
2022-11-01,4.54,4.27,4.07,3.08
2022-11-02,4.61,4.3,4.1,3.08
2022-11-03,4.71,4.36,4.14,3.83
2022-11-04,4.66,4.33,4.17,3.83
2022-11-07,4.72,4.39,4.22,3.83
2022-11-08,4.67,4.31,4.14,3.83
2022-11-09,4.61,4.27,4.12,3.83
2022-11-10,4.34,3.95,3.82,3.83
2022-11-11,,,,
2022-11-14,4.4,4.0,3.88,3.83
2022-11-15,4.37,3.93,3.8,3.83
2022-11-16,4.35,3.83,3.67,3.83
2022-11-17,4.43,3.93,3.77,3.83
2022-11-18,4.51,3.99,3.82,3.83
2022-11-21,4.48,3.97,3.83,3.83
2022-11-22,4.47,3.93,3.76,3.83
2022-11-23,4.46,3.88,3.71,3.83
2022-11-24,,,,
2022-11-25,4.42,3.85,3.68,3.83
2022-11-28,4.46,3.88,3.69,3.83
2022-11-29,4.48,3.92,3.75,3.83
2022-11-30,4.38,3.82,3.68,3.83
2022-12-01,4.25,3.68,3.53,3.83
2022-12-02,4.28,3.67,3.51,3.83
2022-12-05,4.41,3.8,3.6,3.83
2022-12-06,4.34,3.73,3.51,3.83
2022-12-07,4.26,3.62,3.42,3.83
2022-12-08,4.31,3.71,3.48,3.83
2022-12-09,4.33,3.75,3.57,3.83
2022-12-12,4.39,3.8,3.61,3.83
2022-12-13,4.22,3.66,3.51,3.83
2022-12-14,4.23,3.64,3.49,3.83
2022-12-15,4.23,3.62,3.44,4.33
2022-12-16,4.17,3.61,3.48,4.33
2022-12-19,4.25,3.7,3.57,4.33
2022-12-20,4.25,3.79,3.69,4.33
2022-12-21,4.21,3.78,3.68,4.33
2022-12-22,4.24,3.79,3.67,4.33
2022-12-23,4.31,3.86,3.75,4.33
2022-12-26,,,,
2022-12-27,4.32,3.94,3.84,4.33
2022-12-28,4.31,3.97,3.88,4.33
2022-12-29,4.34,3.94,3.83,4.33
2022-12-30,4.41,3.99,3.88,4.33
2023-01-02,,,,
2023-01-03,4.4,3.94,3.79,4.33
2023-01-04,4.36,3.85,3.69,4.33
2023-01-05,4.45,3.9,3.71,4.33
2023-01-06,4.24,3.69,3.55,4.33
2023-01-09,4.19,3.66,3.53,4.33
2023-01-10,4.24,3.72,3.61,4.33
2023-01-11,4.2,3.66,3.54,4.33
2023-01-12,4.12,3.53,3.43,4.33
2023-01-13,4.22,3.6,3.49,4.33
2023-01-16,,,,
2023-01-17,4.18,3.6,3.53,4.33
2023-01-18,4.06,3.43,3.37,4.33
2023-01-19,4.09,3.48,3.39,4.33
2023-01-20,4.14,3.56,3.48,4.33
2023-01-23,4.21,3.61,3.52,4.33
2023-01-24,4.12,3.58,3.46,4.33
2023-01-25,4.11,3.54,3.46,4.33
2023-01-26,4.17,3.58,3.49,4.33
2023-01-27,4.19,3.62,3.52,4.33
2023-01-30,4.25,3.68,3.55,4.33
2023-01-31,4.21,3.63,3.52,4.33
2023-02-01,4.09,3.48,3.39,4.33
2023-02-02,4.09,3.49,3.4,4.58
2023-02-03,4.3,3.67,3.53,4.58
2023-02-06,4.44,3.81,3.63,4.58
2023-02-07,4.47,3.85,3.67,4.58
2023-02-08,4.45,3.82,3.63,4.58
2023-02-09,4.48,3.87,3.67,4.57
2023-02-10,4.5,3.93,3.74,4.58
2023-02-13,4.52,3.93,3.72,4.58
2023-02-14,4.6,4.0,3.77,4.58
2023-02-15,4.62,4.04,3.81,4.58
2023-02-16,4.62,4.06,3.86,4.58
2023-02-17,4.6,4.03,3.82,4.58
2023-02-20,,,,
2023-02-21,4.67,4.16,3.95,4.58
2023-02-22,4.66,4.13,3.93,4.58
2023-02-23,4.66,4.09,3.88,4.58
2023-02-24,4.78,4.19,3.95,4.58
2023-02-27,4.78,4.17,3.92,4.57
2023-02-28,4.81,4.18,3.92,4.57
2023-03-01,4.89,4.27,4.01,4.58
2023-03-02,4.89,4.32,4.08,4.57
2023-03-03,4.86,4.26,3.97,4.57
2023-03-06,4.89,4.27,3.98,4.57
2023-03-07,5.0,4.31,3.97,4.57
2023-03-08,5.05,4.34,3.98,4.57
2023-03-09,4.9,4.22,3.93,4.57
2023-03-10,4.6,3.96,3.7,4.57
2023-03-13,4.03,3.68,3.55,4.58
2023-03-14,4.2,3.78,3.64,4.58
2023-03-15,3.93,3.59,3.51,4.58
2023-03-16,4.14,3.72,3.56,4.58
2023-03-17,3.81,3.44,3.39,4.58
2023-03-20,3.92,3.56,3.47,4.58
2023-03-21,4.17,3.73,3.59,4.58
2023-03-22,3.96,3.54,3.48,4.58
2023-03-23,3.76,3.39,3.38,4.83
2023-03-24,3.76,3.41,3.38,4.83
2023-03-27,3.94,3.59,3.53,4.83
2023-03-28,4.02,3.63,3.55,4.83
2023-03-29,4.08,3.67,3.57,4.83
2023-03-30,4.1,3.66,3.55,4.83
2023-03-31,4.06,3.6,3.48,4.83
2023-04-03,3.97,3.52,3.43,4.83
2023-04-04,3.84,3.39,3.35,4.83
2023-04-05,3.79,3.36,3.3,4.83
2023-04-06,3.82,3.37,3.3,4.83
2023-04-07,3.97,3.49,3.39,4.83
2023-04-10,4.0,3.52,3.41,4.83
2023-04-11,4.03,3.54,3.43,4.83
2023-04-12,3.95,3.46,3.41,4.83
2023-04-13,3.96,3.51,3.45,4.83
2023-04-14,4.08,3.6,3.52,4.83
2023-04-17,4.18,3.69,3.6,4.83
2023-04-18,4.19,3.69,3.58,4.83
2023-04-19,4.24,3.71,3.6,4.83
2023-04-20,4.14,3.63,3.54,4.83
2023-04-21,4.17,3.66,3.57,4.83
2023-04-24,4.12,3.6,3.52,4.83
2023-04-25,3.86,3.43,3.4,4.83
2023-04-26,3.9,3.46,3.43,4.83
2023-04-27,4.07,3.6,3.53,4.83
2023-04-28,4.04,3.51,3.44,4.83
2023-05-01,4.14,3.64,3.59,4.83
2023-05-02,3.97,3.46,3.44,4.83
2023-05-03,3.89,3.37,3.38,4.83
2023-05-04,3.75,3.29,3.37,5.08
2023-05-05,3.92,3.41,3.44,5.08
2023-05-08,4.0,3.49,3.52,5.08
2023-05-09,4.01,3.51,3.53,5.08
2023-05-10,3.9,3.37,3.43,5.08
2023-05-11,3.89,3.36,3.39,5.08
2023-05-12,3.98,3.45,3.46,5.08
2023-05-15,3.99,3.46,3.5,5.08
2023-05-16,4.06,3.52,3.54,5.08
2023-05-17,4.12,3.58,3.57,5.08
2023-05-18,4.24,3.69,3.65,5.08
2023-05-19,4.28,3.76,3.7,5.08
2023-05-22,4.29,3.77,3.72,5.08
2023-05-23,4.26,3.76,3.7,5.08
2023-05-24,4.31,3.75,3.73,5.08
2023-05-25,4.5,3.9,3.83,5.08
2023-05-26,4.54,3.92,3.8,5.08
2023-05-29,,,,
2023-05-30,4.46,3.81,3.69,5.08
2023-05-31,4.4,3.74,3.64,5.08
2023-06-01,4.33,3.7,3.61,5.08
2023-06-02,4.5,3.84,3.69,5.08
2023-06-05,4.46,3.82,3.69,5.08
2023-06-06,4.51,3.85,3.7,5.08
2023-06-07,4.56,3.93,3.79,5.08
2023-06-08,4.52,3.87,3.73,5.08
2023-06-09,4.59,3.92,3.75,5.08
2023-06-12,4.55,3.89,3.73,5.08
2023-06-13,4.67,4.01,3.84,5.08
2023-06-14,4.74,4.06,3.83,5.08
2023-06-15,4.62,3.91,3.72,5.07
2023-06-16,4.7,3.99,3.77,5.08
2023-06-19,,,,
2023-06-20,4.68,3.96,3.74,5.07
2023-06-21,4.68,3.95,3.72,5.07
2023-06-22,4.77,4.03,3.8,5.07
2023-06-23,4.71,3.99,3.74,5.07
2023-06-26,4.65,3.96,3.72,5.07
2023-06-27,4.74,4.02,3.77,5.07
2023-06-28,4.71,3.97,3.71,5.07
2023-06-29,4.87,4.14,3.85,5.07
2023-06-30,4.87,4.13,3.81,5.08
2023-07-03,4.94,4.19,3.86,5.08
2023-07-04,,,,
2023-07-05,4.94,4.25,3.95,5.08
2023-07-06,4.99,4.37,4.05,5.08
2023-07-07,4.94,4.35,4.06,5.08
2023-07-10,4.85,4.25,4.01,5.07
2023-07-11,4.88,4.24,3.99,5.08
2023-07-12,4.72,4.07,3.86,5.08
2023-07-13,4.59,3.93,3.76,5.08
2023-07-14,4.74,4.04,3.83,5.08
2023-07-17,4.74,4.02,3.81,5.08
2023-07-18,4.74,4.0,3.8,5.08
2023-07-19,4.74,3.98,3.75,5.08
2023-07-20,4.8,4.08,3.85,5.08
2023-07-21,4.82,4.09,3.84,5.08
2023-07-24,4.81,4.13,3.86,5.08
2023-07-25,4.85,4.15,3.91,5.08
2023-07-26,4.82,4.09,3.86,5.08
2023-07-27,4.91,4.24,4.01,5.33
2023-07-28,4.87,4.18,3.96,5.33
2023-07-31,4.88,4.18,3.97,5.33
2023-08-01,4.92,4.24,4.05,5.33
2023-08-02,4.88,4.24,4.08,5.33
2023-08-03,4.9,4.3,4.2,5.33
2023-08-04,4.78,4.15,4.05,5.33
2023-08-07,4.76,4.16,4.09,5.33
2023-08-08,4.74,4.1,4.02,5.33
2023-08-09,4.79,4.12,4.0,5.33
2023-08-10,4.82,4.21,4.09,5.33
2023-08-11,4.89,4.31,4.16,5.33
2023-08-14,4.96,4.36,4.19,5.33
2023-08-15,4.92,4.36,4.21,5.33
2023-08-16,4.97,4.42,4.28,5.33
2023-08-17,4.94,4.42,4.3,5.33
2023-08-18,4.92,4.38,4.26,5.33
2023-08-21,4.97,4.46,4.34,5.33
2023-08-22,5.02,4.49,4.34,5.33
2023-08-23,4.95,4.36,4.19,5.33
2023-08-24,4.98,4.39,4.23,5.33
2023-08-25,5.03,4.44,4.25,5.33
2023-08-28,4.98,4.38,4.2,5.33
2023-08-29,4.87,4.26,4.12,5.33
2023-08-30,4.9,4.27,4.12,5.33
2023-08-31,4.85,4.23,4.09,5.33
2023-09-01,4.87,4.29,4.18,5.33
2023-09-04,,,,
2023-09-05,4.94,4.37,4.27,5.33
2023-09-06,5.01,4.44,4.3,5.33
2023-09-07,4.94,4.38,4.27,5.33
2023-09-08,4.98,4.39,4.26,5.33
2023-09-11,4.97,4.4,4.29,5.33
2023-09-12,4.98,4.41,4.27,5.33
2023-09-13,4.96,4.39,4.25,5.33
2023-09-14,5.0,4.42,4.29,5.33
2023-09-15,5.02,4.45,4.33,5.33
2023-09-18,5.05,4.46,4.32,5.33
2023-09-19,5.08,4.51,4.37,5.33
2023-09-20,5.12,4.52,4.35,5.33
2023-09-21,5.12,4.61,4.49,5.33
2023-09-22,5.1,4.57,4.44,5.33
2023-09-25,5.09,4.62,4.55,5.33
2023-09-26,5.04,4.62,4.56,5.33
2023-09-27,5.1,4.67,4.61,5.33
2023-09-28,5.04,4.62,4.59,5.33
2023-09-29,5.03,4.6,4.59,5.33
2023-10-02,5.12,4.72,4.69,5.33
2023-10-03,5.15,4.8,4.81,5.33
2023-10-04,5.05,4.72,4.73,5.33
2023-10-05,5.03,4.68,4.72,5.33
2023-10-06,5.08,4.75,4.78,5.33
2023-10-09,,,,
2023-10-10,4.96,4.62,4.66,5.33
2023-10-11,4.99,4.59,4.58,5.33
2023-10-12,5.06,4.69,4.7,5.33
2023-10-13,5.04,4.65,4.63,5.33
2023-10-16,5.09,4.72,4.71,5.33
2023-10-17,5.19,4.86,4.83,5.33
2023-10-18,5.19,4.92,4.91,5.33
2023-10-19,5.14,4.95,4.98,5.33
2023-10-20,5.07,4.86,4.93,5.33
2023-10-23,5.05,4.81,4.86,5.33
2023-10-24,5.02,4.82,4.83,5.33
2023-10-25,5.08,4.89,4.95,5.33
2023-10-26,5.02,4.79,4.86,5.33
2023-10-27,4.99,4.76,4.84,5.33
2023-10-30,5.03,4.8,4.88,5.33
2023-10-31,5.07,4.82,4.88,5.33
2023-11-01,4.95,4.67,4.77,5.33
2023-11-02,4.98,4.65,4.67,5.33
2023-11-03,4.83,4.49,4.57,5.33
2023-11-06,4.93,4.6,4.67,5.33
2023-11-07,4.91,4.53,4.58,5.33
2023-11-08,4.93,4.51,4.49,5.33
2023-11-09,5.03,4.65,4.62,5.33
2023-11-10,5.04,4.65,4.61,5.33
2023-11-13,5.02,4.66,4.63,5.33
2023-11-14,4.8,4.42,4.44,5.33
2023-11-15,4.9,4.52,4.53,5.33
2023-11-16,4.83,4.43,4.45,5.33
2023-11-17,4.88,4.45,4.44,5.33
2023-11-20,4.89,4.44,4.42,5.33
2023-11-21,4.86,4.41,4.41,5.33
2023-11-22,4.89,4.44,4.42,5.33
2023-11-23,,,,
2023-11-24,4.92,4.49,4.47,5.33
2023-11-27,4.84,4.38,4.39,5.33
2023-11-28,4.73,4.29,4.34,5.33
2023-11-29,4.64,4.22,4.27,5.33
2023-11-30,4.73,4.31,4.37,5.33
2023-12-01,4.56,4.14,4.22,5.33
2023-12-04,4.64,4.23,4.28,5.33
2023-12-05,4.57,4.14,4.18,5.33
2023-12-06,4.6,4.12,4.12,5.33
2023-12-07,4.58,4.11,4.14,5.33
2023-12-08,4.71,4.24,4.23,5.33
2023-12-11,4.71,4.25,4.23,5.33
2023-12-12,4.73,4.23,4.2,5.33
2023-12-13,4.46,4.0,4.04,5.33
2023-12-14,4.37,3.9,3.92,5.33
2023-12-15,4.44,3.91,3.91,5.33
2023-12-18,4.43,3.94,3.95,5.33
2023-12-19,4.41,3.94,3.93,5.33
2023-12-20,4.34,3.86,3.86,5.33
2023-12-21,4.33,3.87,3.89,5.33
2023-12-22,4.31,3.87,3.9,5.33
2023-12-25,,,,
2023-12-26,4.26,3.89,3.89,5.33
2023-12-27,4.2,3.78,3.79,5.33
2023-12-28,4.26,3.83,3.84,5.33
2023-12-29,4.23,3.84,3.88,5.33
2024-01-01,,,,
2024-01-02,4.33,3.93,3.95,5.33
2024-01-03,4.33,3.9,3.91,5.33
2024-01-04,4.38,3.97,3.99,5.33
2024-01-05,4.4,4.02,4.05,5.33
2024-01-08,4.36,3.97,4.01,5.33
2024-01-09,4.36,3.97,4.02,5.33
2024-01-10,4.37,3.99,4.04,5.33
2024-01-11,4.26,3.9,3.98,5.33
2024-01-12,4.14,3.84,3.96,5.33
2024-01-15,,,,
2024-01-16,4.22,3.95,4.07,5.33
2024-01-17,4.34,4.02,4.1,5.33
2024-01-18,4.34,4.04,4.14,5.33
2024-01-19,4.39,4.08,4.15,5.33
2024-01-22,4.37,4.03,4.11,5.33
2024-01-23,4.31,4.06,4.14,5.33
2024-01-24,4.34,4.06,4.18,5.33
2024-01-25,4.28,4.01,4.14,5.33
2024-01-26,4.34,4.04,4.15,5.33
2024-01-29,4.29,3.97,4.08,5.33
2024-01-30,4.36,4.0,4.06,5.33
2024-01-31,4.27,3.91,3.99,5.33
2024-02-01,4.2,3.8,3.87,5.33
2024-02-02,4.36,3.99,4.03,5.33
2024-02-05,4.46,4.13,4.17,5.33
2024-02-06,4.39,4.03,4.09,5.33
2024-02-07,4.41,4.06,4.09,5.33
2024-02-08,4.46,4.12,4.15,5.33
2024-02-09,4.48,4.14,4.17,5.33
2024-02-12,4.46,4.13,4.17,5.33
2024-02-13,4.64,4.31,4.31,5.33
2024-02-14,4.56,4.25,4.27,5.33
2024-02-15,4.56,4.22,4.24,5.33
2024-02-16,4.64,4.29,4.3,5.33
2024-02-19,,,,
2024-02-20,4.59,4.25,4.27,5.33
2024-02-21,4.64,4.3,4.32,5.33
2024-02-22,4.69,4.33,4.33,5.33
2024-02-23,4.67,4.28,4.26,5.33
2024-02-26,4.69,4.29,4.28,5.33
2024-02-27,4.7,4.32,4.31,5.33
2024-02-28,4.64,4.26,4.27,5.33
2024-02-29,4.64,4.26,4.25,5.33
2024-03-01,4.54,4.17,4.19,5.33
2024-03-04,4.61,4.21,4.22,5.33
2024-03-05,4.54,4.13,4.13,5.33
2024-03-06,4.55,4.12,4.11,5.33
2024-03-07,4.5,4.07,4.09,5.33
2024-03-08,4.48,4.06,4.09,5.33
2024-03-11,4.51,4.08,4.1,5.33
2024-03-12,4.58,4.15,4.16,5.33
2024-03-13,4.61,4.19,4.19,5.33
2024-03-14,4.68,4.29,4.29,5.33
2024-03-15,4.72,4.33,4.31,5.33
2024-03-18,4.73,4.36,4.34,5.33
2024-03-19,4.68,4.31,4.3,5.33
2024-03-20,4.59,4.25,4.27,5.33
2024-03-21,4.62,4.26,4.27,5.33
2024-03-22,4.59,4.2,4.22,5.33
2024-03-25,4.54,4.23,4.25,5.33
2024-03-26,4.56,4.22,4.24,5.33
2024-03-27,4.54,4.18,4.2,5.33
2024-03-28,4.59,4.21,4.2,5.33
2024-03-29,,,,5.33
2024-04-01,4.72,4.34,4.33,5.33
2024-04-02,4.7,4.35,4.36,5.33
2024-04-03,4.68,4.34,4.36,5.33
2024-04-04,4.65,4.3,4.31,5.33
2024-04-05,4.73,4.38,4.39,5.33
2024-04-08,4.78,4.43,4.42,5.33
2024-04-09,4.74,4.37,4.36,5.33
2024-04-10,4.97,4.61,4.55,5.33
2024-04-11,4.93,4.61,4.56,5.33
2024-04-12,4.88,4.54,4.5,5.33
2024-04-15,4.93,4.65,4.63,5.33
2024-04-16,4.97,4.69,4.67,5.33
2024-04-17,4.93,4.62,4.59,5.33
2024-04-18,4.98,4.68,4.64,5.33
2024-04-19,4.97,4.66,4.62,5.33
2024-04-22,4.97,4.66,4.62,5.33
2024-04-23,4.86,4.63,4.61,5.33
2024-04-24,4.89,4.64,4.65,5.33
2024-04-25,4.96,4.7,4.7,5.33
2024-04-26,4.96,4.68,4.67,5.33
2024-04-29,4.97,4.65,4.63,5.33
2024-04-30,5.04,4.72,4.69,5.33
2024-05-01,4.96,4.64,4.63,5.33
2024-05-02,4.87,4.57,4.58,5.33
2024-05-03,4.81,4.48,4.5,5.33
2024-05-06,4.82,4.48,4.49,5.33
2024-05-07,4.82,4.48,4.47,5.33
2024-05-08,4.84,4.5,4.48,5.33
2024-05-09,4.8,4.47,4.45,5.33
2024-05-10,4.87,4.52,4.5,5.33
2024-05-13,4.85,4.5,4.48,5.33
2024-05-14,4.81,4.46,4.45,5.33
2024-05-15,4.73,4.35,4.36,5.33
2024-05-16,4.78,4.4,4.38,5.33
2024-05-17,4.83,4.44,4.42,5.33
2024-05-20,4.82,4.46,4.44,5.33
2024-05-21,4.82,4.43,4.41,5.33
2024-05-22,4.86,4.47,4.43,5.33
2024-05-23,4.91,4.52,4.47,5.33
2024-05-24,4.93,4.53,4.46,5.33
2024-05-27,,,,
2024-05-28,4.94,4.56,4.54,5.33
2024-05-29,4.96,4.63,4.61,5.33
2024-05-30,4.92,4.57,4.55,5.33
2024-05-31,4.89,4.52,4.51,5.33
2024-06-03,4.82,4.42,4.41,5.33
2024-06-04,4.77,4.35,4.33,5.33
2024-06-05,4.72,4.31,4.29,5.33
2024-06-06,4.72,4.29,4.28,5.33
2024-06-07,4.87,4.46,4.43,5.33
2024-06-10,4.87,4.48,4.47,5.33
2024-06-11,4.81,4.41,4.39,5.33
2024-06-12,4.75,4.32,4.31,5.33
2024-06-13,4.68,4.24,4.24,5.33
2024-06-14,4.67,4.22,4.2,5.33
2024-06-17,4.75,4.3,4.28,5.33
2024-06-18,4.69,4.24,4.22,5.33
2024-06-19,,,,
2024-06-20,4.7,4.26,4.25,5.33
2024-06-21,4.7,4.26,4.25,5.33
2024-06-24,4.71,4.27,4.25,5.33
2024-06-25,4.65,4.25,4.23,5.33
2024-06-26,4.71,4.32,4.32,5.33
2024-06-27,4.7,4.29,4.29,5.33
2024-06-28,4.71,4.33,4.36,5.33
2024-07-01,4.77,4.44,4.48,5.33
2024-07-02,4.74,4.39,4.43,5.33
2024-07-03,4.71,4.33,4.36,5.33
2024-07-04,,,,
2024-07-05,4.6,4.22,4.28,5.33
2024-07-08,4.62,4.23,4.28,5.33
2024-07-09,4.62,4.24,4.3,5.33
2024-07-10,4.62,4.24,4.28,5.33
2024-07-11,4.5,4.13,4.2,5.33
2024-07-12,4.45,4.1,4.18,5.33
2024-07-15,4.44,4.13,4.23,5.33
2024-07-16,4.43,4.09,4.17,5.33
2024-07-17,4.42,4.07,4.16,5.33
2024-07-18,4.46,4.11,4.2,5.33
2024-07-19,4.49,4.16,4.25,5.33
2024-07-22,4.5,4.17,4.26,5.33
2024-07-23,4.4,4.15,4.25,5.33
2024-07-24,4.37,4.12,4.28,5.33
2024-07-25,4.41,4.13,4.27,5.33
2024-07-26,4.36,4.06,4.2,5.33
2024-07-29,4.36,4.05,4.17,5.33
2024-07-30,4.35,4.03,4.15,5.33
2024-07-31,4.29,3.97,4.09,5.33
2024-08-01,4.16,3.84,3.99,5.33
2024-08-02,3.88,3.62,3.8,5.33
2024-08-05,3.89,3.62,3.78,5.33
2024-08-06,3.99,3.73,3.9,5.33
2024-08-07,4.0,3.79,3.96,5.33
2024-08-08,4.04,3.83,3.99,5.33
2024-08-09,4.05,3.8,3.94,5.33
2024-08-12,4.01,3.75,3.9,5.33
2024-08-13,3.93,3.68,3.85,5.33
2024-08-14,3.94,3.67,3.83,5.33
2024-08-15,4.08,3.79,3.92,5.33
2024-08-16,4.06,3.77,3.89,5.33
2024-08-19,4.06,3.75,3.86,5.33
2024-08-20,3.99,3.7,3.82,5.33
2024-08-21,3.92,3.64,3.79,5.33
2024-08-22,3.99,3.72,3.86,5.33
2024-08-23,3.9,3.65,3.81,5.33
2024-08-26,3.91,3.66,3.82,5.33
2024-08-27,3.83,3.66,3.83,5.33
2024-08-28,3.83,3.63,3.84,5.33
2024-08-29,3.87,3.66,3.87,5.33
2024-08-30,3.91,3.71,3.91,5.33
2024-09-02,,,,
2024-09-03,3.88,3.65,3.84,5.33
2024-09-04,3.76,3.56,3.77,5.33
2024-09-05,3.75,3.54,3.73,5.33
2024-09-06,3.66,3.5,3.72,5.33
2024-09-09,3.68,3.49,3.7,5.33
2024-09-10,3.59,3.43,3.65,5.33
2024-09-11,3.62,3.45,3.65,5.33
2024-09-12,3.64,3.47,3.68,5.33
2024-09-13,3.57,3.43,3.66,5.33
2024-09-16,3.56,3.41,3.63,5.33
2024-09-17,3.59,3.44,3.65,5.33
2024-09-18,3.61,3.47,3.7,5.33
2024-09-19,3.59,3.49,3.73,4.83
2024-09-20,3.55,3.48,3.73,4.83
2024-09-23,3.57,3.51,3.75,4.83
2024-09-24,3.49,3.47,3.74,4.83
2024-09-25,3.53,3.52,3.79,4.83
2024-09-26,3.6,3.55,3.79,4.83
2024-09-27,3.55,3.5,3.75,4.83
2024-09-30,3.66,3.58,3.81,4.83
2024-10-01,3.61,3.51,3.74,4.83
2024-10-02,3.63,3.55,3.79,4.83
2024-10-03,3.7,3.62,3.85,4.83
2024-10-04,3.93,3.81,3.98,4.83
2024-10-07,3.99,3.86,4.03,4.83
2024-10-08,3.98,3.86,4.04,4.83
2024-10-09,3.99,3.91,4.06,4.83
2024-10-10,3.98,3.91,4.09,4.83
2024-10-11,3.95,3.88,4.08,4.83
2024-10-14,,,,
2024-10-15,3.95,3.86,4.03,4.83
2024-10-16,3.93,3.84,4.02,4.83
2024-10-17,3.96,3.9,4.09,4.83
2024-10-18,3.95,3.88,4.08,4.83
2024-10-21,4.02,3.98,4.19,4.83
2024-10-22,4.03,4.0,4.2,4.83
2024-10-23,4.07,4.05,4.24,4.83
2024-10-24,4.07,4.03,4.21,4.83
2024-10-25,4.11,4.07,4.25,4.83
2024-10-28,4.12,4.11,4.28,4.83
2024-10-29,4.11,4.11,4.28,4.83
2024-10-30,4.15,4.14,4.29,4.83
2024-10-31,4.16,4.15,4.28,4.83
2024-11-01,4.21,4.22,4.37,4.83
2024-11-04,4.17,4.17,4.31,4.83
2024-11-05,4.19,4.16,4.26,4.83
2024-11-06,4.27,4.27,4.42,4.83
2024-11-07,4.21,4.17,4.31,4.83
2024-11-08,4.26,4.2,4.3,4.58
2024-11-11,,,,
2024-11-12,4.34,4.32,4.43,4.58
2024-11-13,4.27,4.3,4.44,4.58
2024-11-14,4.34,4.32,4.43,4.58
2024-11-15,4.31,4.3,4.43,4.58
2024-11-18,4.29,4.28,4.42,4.58
2024-11-19,4.27,4.25,4.39,4.58
2024-11-20,4.31,4.28,4.41,4.58
2024-11-21,4.34,4.3,4.43,4.58
2024-11-22,4.37,4.3,4.41,4.58
2024-11-25,4.21,4.17,4.27,4.58
2024-11-26,4.21,4.17,4.3,4.58
2024-11-27,4.19,4.11,4.25,4.58
2024-11-28,,,,
2024-11-29,4.13,4.05,4.18,4.58
2024-12-02,4.17,4.08,4.19,4.58
2024-12-03,4.17,4.11,4.23,4.58
2024-12-04,4.13,4.07,4.19,4.58
2024-12-05,4.15,4.07,4.17,4.58
2024-12-06,4.1,4.03,4.15,4.58
2024-12-09,4.13,4.07,4.2,4.58
2024-12-10,4.15,4.09,4.22,4.58
2024-12-11,4.15,4.13,4.26,4.58
2024-12-12,4.18,4.18,4.32,4.58
2024-12-13,4.25,4.25,4.4,4.58
2024-12-16,4.25,4.25,4.39,4.58
2024-12-17,4.25,4.26,4.4,4.58
2024-12-18,4.35,4.4,4.5,4.58
2024-12-19,4.32,4.43,4.57,4.33
2024-12-20,4.3,4.37,4.52,4.33
2024-12-23,4.3,4.44,4.59,4.33
2024-12-24,4.29,4.43,4.59,4.33
2024-12-25,,,,
2024-12-26,4.3,4.42,4.58,4.33
2024-12-27,4.31,4.45,4.62,4.33
2024-12-30,4.24,4.37,4.55,4.33
2024-12-31,4.25,4.38,4.58,4.33
2025-01-01,,,,
2025-01-02,4.25,4.38,4.57,4.33
2025-01-03,4.28,4.41,4.6,4.33
2025-01-06,4.28,4.42,4.62,4.33
2025-01-07,4.3,4.46,4.67,4.33
2025-01-08,4.28,4.45,4.67,4.33
2025-01-09,4.27,4.46,4.68,4.33
2025-01-10,4.4,4.59,4.77,4.33
2025-01-13,4.4,4.61,4.79,4.33
2025-01-14,4.37,4.59,4.78,4.33
2025-01-15,4.27,4.45,4.66,4.33
2025-01-16,4.23,4.39,4.61,4.33
2025-01-17,4.27,4.42,4.61,4.33
2025-01-20,,,,
2025-01-21,4.29,4.4,4.57,4.33
2025-01-22,4.29,4.43,4.6,4.33
2025-01-23,4.29,4.45,4.65,4.33
2025-01-24,4.27,4.43,4.63,4.33
2025-01-27,4.17,4.32,4.53,4.33
2025-01-28,4.19,4.33,4.55,4.33
2025-01-29,4.21,4.35,4.55,4.33
2025-01-30,4.18,4.31,4.52,4.33
2025-01-31,4.22,4.36,4.58,4.33
2025-02-03,4.26,4.35,4.54,4.33
2025-02-04,4.21,4.31,4.52,4.33
2025-02-05,4.17,4.24,4.43,4.33
2025-02-06,4.21,4.28,4.45,4.33
2025-02-07,4.29,4.34,4.49,4.33
2025-02-10,4.28,4.34,4.51,4.33
2025-02-11,4.29,4.37,4.54,4.33
2025-02-12,4.36,4.48,4.62,4.33
2025-02-13,4.31,4.39,4.52,4.33
2025-02-14,4.26,4.33,4.47,4.33
2025-02-17,,,,
2025-02-18,4.29,4.4,4.55,4.33
2025-02-19,4.28,4.37,4.53,4.33
2025-02-20,4.28,4.34,4.5,4.33
2025-02-21,4.19,4.26,4.42,4.33
2025-02-24,4.13,4.23,4.4,4.33
2025-02-25,4.07,4.12,4.3,4.33
2025-02-26,4.05,4.06,4.25,4.33
2025-02-27,4.07,4.09,4.29,4.33
2025-02-28,3.99,4.03,4.24,4.33
2025-03-03,3.96,3.97,4.16,4.33
2025-03-04,3.96,4.01,4.22,4.33
2025-03-05,3.99,4.08,4.28,4.33
2025-03-06,3.96,4.06,4.29,4.33
2025-03-07,3.99,4.09,4.32,4.33
2025-03-10,3.89,3.98,4.22,4.33
2025-03-11,3.94,4.03,4.28,4.33
2025-03-12,4.01,4.09,4.32,4.33
2025-03-13,3.94,4.02,4.27,4.33
2025-03-14,4.02,4.09,4.31,4.33
2025-03-17,4.06,4.11,4.31,4.33
2025-03-18,4.04,4.07,4.29,4.33
2025-03-19,3.99,4.03,4.25,4.33
2025-03-20,3.95,4.01,4.24,4.33
2025-03-21,3.94,4.0,4.25,4.33
2025-03-24,4.04,4.09,4.34,4.33
2025-03-25,3.96,4.07,4.31,4.33
2025-03-26,3.98,4.08,4.35,4.33
2025-03-27,3.97,4.09,4.38,4.33
2025-03-28,3.89,3.98,4.27,4.33
2025-03-31,3.89,3.96,4.23,4.33
2025-04-01,3.87,3.91,4.17,4.33
2025-04-02,3.91,3.95,4.2,4.33
2025-04-03,3.71,3.75,4.06,4.33
2025-04-04,3.68,3.72,4.01,4.33
2025-04-07,3.73,3.82,4.15,4.33
2025-04-08,3.71,3.88,4.26,4.33
2025-04-09,3.91,4.06,4.34,4.33
2025-04-10,3.84,4.04,4.4,4.33
2025-04-11,3.96,4.15,4.48,4.33
2025-04-14,3.84,4.02,4.38,4.33
2025-04-15,3.84,3.98,4.35,4.33
2025-04-16,3.77,3.91,4.29,4.33
2025-04-17,3.81,3.95,4.34,4.33
2025-04-18,,,,4.33
2025-04-21,3.75,3.97,4.42,4.33
2025-04-22,3.76,3.98,4.41,4.33
2025-04-23,3.81,4.0,4.4,4.33
2025-04-24,3.77,3.91,4.32,4.33
2025-04-25,3.74,3.88,4.29,4.33
2025-04-28,3.67,3.81,4.23,4.33
2025-04-29,3.65,3.77,4.19,4.33
2025-04-30,3.6,3.72,4.17,4.33
2025-05-01,3.7,3.81,4.25,4.33
2025-05-02,3.83,3.92,4.33,4.33
2025-05-05,3.83,3.95,4.36,4.33
2025-05-06,3.78,3.9,4.3,4.33
2025-05-07,3.78,3.87,4.26,4.33
2025-05-08,3.9,4.0,4.37,4.33
2025-05-09,3.88,4.0,4.37,4.33
2025-05-12,3.98,4.09,4.45,4.33
2025-05-13,4.02,4.12,4.49,4.33
2025-05-14,4.05,4.17,4.53,4.33
2025-05-15,3.96,4.07,4.45,4.33
2025-05-16,3.98,4.06,4.43,4.33
2025-05-19,3.97,4.07,4.46,4.33
2025-05-20,3.97,4.07,4.48,4.33
2025-05-21,4.0,4.15,4.58,4.33
2025-05-22,4.0,4.11,4.54,4.33
2025-05-23,4.0,4.08,4.51,4.33
2025-05-26,,,,
2025-05-27,3.92,4.04,4.43,4.33
2025-05-28,3.96,4.05,4.47,4.33
2025-05-29,3.92,4.0,4.43,4.33
2025-05-30,3.89,3.96,4.41,4.33
2025-06-02,3.94,4.01,4.46,4.33
2025-06-03,3.96,4.04,4.46,4.33
2025-06-04,3.87,3.93,4.37,4.33
2025-06-05,3.92,3.99,4.4,4.33
2025-06-06,4.04,4.13,4.51,4.33
2025-06-09,4.01,4.09,4.49,4.33
2025-06-10,4.01,4.08,4.47,4.33
2025-06-11,3.94,4.02,4.41,4.33
2025-06-12,3.9,3.97,4.36,4.33
2025-06-13,3.96,4.02,4.41,4.33
2025-06-16,3.97,4.04,4.46,4.33
2025-06-17,3.94,3.99,4.39,4.33
2025-06-18,3.94,3.98,4.38,4.33
2025-06-19,,,,
2025-06-20,3.9,3.96,4.38,4.33
2025-06-23,3.84,3.91,4.34,4.33
2025-06-24,3.75,3.86,4.3,4.33
2025-06-25,3.74,3.83,4.29,4.33
2025-06-26,3.7,3.79,4.26,4.33
2025-06-27,3.73,3.83,4.29,4.33
2025-06-30,3.72,3.79,4.24,4.33
2025-07-01,3.78,3.84,4.26,4.33
2025-07-02,3.78,3.87,4.3,4.33
2025-07-03,3.88,3.94,4.35,4.33
2025-07-04,,,,
2025-07-07,3.9,3.96,4.4,4.33
2025-07-08,3.9,3.99,4.42,4.33
2025-07-09,3.86,3.92,4.34,4.33
2025-07-10,3.86,3.93,4.35,4.33
2025-07-11,3.9,3.99,4.43,4.33
2025-07-14,3.9,3.98,4.43,4.33
2025-07-15,3.95,4.05,4.5,4.33
2025-07-16,3.88,3.99,4.46,4.33
2025-07-17,3.91,4.01,4.47,4.33
2025-07-18,3.88,3.96,4.44,4.33
2025-07-21,3.85,3.91,4.38,4.33
2025-07-22,3.83,3.88,4.35,4.33
2025-07-23,3.88,3.94,4.4,4.33
2025-07-24,3.91,3.98,4.43,4.33
2025-07-25,3.91,3.95,4.4,4.33
2025-07-28,3.91,3.96,4.42,4.33
2025-07-29,3.86,3.9,4.34,4.33
2025-07-30,3.94,3.96,4.38,4.33
2025-07-31,3.94,3.96,4.37,4.33
2025-08-01,3.69,3.77,4.23,4.33
2025-08-04,3.69,3.75,4.22,4.33
2025-08-05,3.72,3.77,4.22,4.33
2025-08-06,3.69,3.77,4.22,4.33
2025-08-07,3.72,3.79,4.23,4.33
2025-08-08,3.76,3.84,4.27,4.33
2025-08-11,3.76,3.83,4.27,4.33
2025-08-12,3.72,3.83,4.29,4.33
2025-08-13,3.67,3.77,4.24,4.33
2025-08-14,3.74,3.82,4.29,4.33
2025-08-15,3.75,3.85,4.33,4.33
2025-08-18,3.77,3.86,4.34,4.33
2025-08-19,3.75,3.82,4.3,4.33
2025-08-20,3.74,3.81,4.29,4.33
2025-08-21,3.79,3.86,4.33,4.33
2025-08-22,3.68,3.76,4.26,4.33
2025-08-25,3.73,3.8,4.28,4.33
2025-08-26,3.61,3.75,4.26,4.33
2025-08-27,3.59,3.69,4.24,4.33
2025-08-28,3.62,3.69,4.22,4.33
2025-08-29,3.59,3.68,4.23,4.33
2025-09-01,,,,
2025-09-02,3.66,3.74,4.28,4.33
2025-09-03,3.61,3.69,4.22,4.33
2025-09-04,3.59,3.65,4.17,4.33
2025-09-05,3.51,3.59,4.1,4.33
2025-09-08,3.49,3.57,4.05,4.33
2025-09-09,3.54,3.61,4.08,4.33
2025-09-10,3.54,3.59,4.04,4.33
2025-09-11,3.52,3.59,4.01,4.33
2025-09-12,3.56,3.63,4.06,4.33
2025-09-15,3.54,3.61,4.05,4.33
2025-09-16,3.51,3.59,4.04,4.33
2025-09-17,3.52,3.62,4.06,4.33
2025-09-18,3.57,3.67,4.11,4.08
2025-09-19,3.57,3.68,4.14,4.08
2025-09-22,3.61,3.71,4.15,4.09
2025-09-23,3.53,3.68,4.12,4.09
2025-09-24,3.57,3.7,4.16,4.09
2025-09-25,3.64,3.75,4.18,4.09
2025-09-26,3.63,3.76,4.2,4.09
2025-09-29,3.63,3.74,4.15,4.09
2025-09-30,3.6,3.74,4.16,4.09
2025-10-01,3.55,3.68,4.12,4.09
2025-10-02,3.55,3.67,4.1,4.09
2025-10-03,3.58,3.72,4.13,4.09
2025-10-06,3.6,3.75,4.18,4.09
2025-10-07,3.57,3.71,4.14,4.09
2025-10-08,3.58,3.72,4.13,4.1
2025-10-09,3.6,3.74,4.14,4.1
2025-10-10,3.52,3.65,4.05,4.1
2025-10-13,,,,
2025-10-14,3.48,3.6,4.03,4.1
2025-10-15,3.5,3.63,4.05,4.1
2025-10-16,3.41,3.55,3.99,4.11
2025-10-17,3.46,3.59,4.02,4.11
2025-10-20,3.46,3.58,4.0,4.11
2025-10-21,3.45,3.56,3.98,4.11
2025-10-22,3.45,3.56,3.97,4.11
2025-10-23,3.48,3.61,4.01,4.11
2025-10-24,3.48,3.61,4.02,4.11
2025-10-27,3.48,3.61,4.01,4.12
2025-10-28,3.47,3.6,3.99,4.12
2025-10-29,3.59,3.7,4.08,4.12
2025-10-30,3.61,3.72,4.11,3.87
2025-10-31,3.6,3.71,4.11,3.86
2025-11-03,3.6,3.72,4.13,3.87
2025-11-04,3.58,3.69,4.1,3.87
2025-11-05,3.63,3.76,4.17,3.87
2025-11-06,3.57,3.69,4.11,3.87
2025-11-07,3.55,3.67,4.11,3.87
2025-11-10,3.58,3.72,4.13,3.87
2025-11-11,,,,
2025-11-12,3.56,3.68,4.08,3.87
2025-11-13,3.58,3.71,4.11,3.88
2025-11-14,3.62,3.74,4.14,3.88
2025-11-17,3.6,3.72,4.13,3.88
2025-11-18,3.58,3.7,4.12,3.88
2025-11-19,3.58,3.71,4.13,3.88
2025-11-20,3.55,3.68,4.1,3.88
2025-11-21,3.51,3.62,4.06,3.88
2025-11-24,3.46,3.61,4.04,3.88
2025-11-25,3.43,3.55,4.01,3.88
2025-11-26,3.45,3.56,4.0,3.88
2025-11-27,,,,
2025-11-28,3.47,3.59,4.02,3.89
2025-12-01,3.54,3.67,4.09,3.89
2025-12-02,3.51,3.66,4.09,3.89
2025-12-03,3.49,3.62,4.06,3.89
2025-12-04,3.52,3.68,4.11,3.89
2025-12-05,3.56,3.72,4.14,3.89
2025-12-08,3.57,3.75,4.17,3.89
2025-12-09,3.61,3.78,4.18,3.89
2025-12-10,3.54,3.72,4.13,3.89
2025-12-11,3.52,3.72,4.14,3.64
2025-12-12,3.52,3.75,4.19,3.64
2025-12-15,3.51,3.73,4.18,3.64
2025-12-16,3.48,3.69,4.15,3.64
2025-12-17,3.49,3.7,4.16,3.64
2025-12-18,3.46,3.66,4.12,3.64
2025-12-19,3.48,3.7,4.16,3.64
2025-12-22,3.44,3.71,4.17,3.64
2025-12-23,3.48,3.72,4.18,3.64
2025-12-24,3.47,3.7,4.15,3.64
2025-12-25,,,,
2025-12-26,3.46,3.68,4.14,3.64
2025-12-29,3.45,3.67,4.12,3.64
2025-12-30,3.45,3.68,4.14,3.64
2025-12-31,3.47,3.73,4.18,3.64
2026-01-01,,,,
2026-01-02,3.47,3.74,4.19,3.64
2026-01-05,3.46,3.71,4.17,3.64
2026-01-06,3.47,3.72,4.18,3.64
2026-01-07,3.47,3.7,4.15,3.64
2026-01-08,3.49,3.74,4.19,3.64
2026-01-09,3.54,3.75,4.18,3.64
2026-01-12,3.54,3.77,4.19,3.64
2026-01-13,3.53,3.75,4.18,3.64
2026-01-14,3.51,3.72,4.15,3.64
2026-01-15,3.56,3.77,4.17,3.64
2026-01-16,3.59,3.82,4.24,3.64
2026-01-19,,,,
2026-01-20,3.6,3.86,4.3,3.64
2026-01-21,3.6,3.83,4.26,3.64
2026-01-22,3.61,3.85,4.26,3.64
2026-01-23,3.6,3.84,4.24,3.64
2026-01-26,3.56,3.82,4.22,3.64
2026-01-27,3.53,3.81,4.24,3.64
2026-01-28,3.56,3.83,4.26,3.64
2026-01-29,3.53,3.8,4.24,3.64
2026-01-30,3.52,3.79,4.26,3.64
2026-02-02,3.57,3.83,4.29,3.64
2026-02-03,3.57,3.83,4.28,3.64
2026-02-04,3.57,3.83,4.29,3.64
2026-02-05,3.47,3.74,4.21,3.64
2026-02-06,3.5,3.76,4.22,3.64
2026-02-09,3.48,3.75,4.22,3.64
2026-02-10,3.45,3.7,4.16,3.64
2026-02-11,3.52,3.75,4.18,3.64
2026-02-12,3.47,3.67,4.09,3.64
2026-02-13,3.4,3.61,4.04,3.64
2026-02-16,,,,
2026-02-17,3.43,3.63,4.05,3.64
2026-02-18,3.47,3.66,4.09,3.64
2026-02-19,3.47,3.65,4.08,3.64
2026-02-20,3.48,3.65,4.08,3.64
2026-02-23,3.43,3.59,4.03,3.64
2026-02-24,3.43,3.61,4.04,3.64
2026-02-25,3.45,3.61,4.05,3.64
2026-02-26,3.42,3.57,4.02,3.64
2026-02-27,3.38,3.51,3.97,3.64
2026-03-02,3.47,3.62,4.05,3.64
2026-03-03,3.51,3.63,4.06,3.64
2026-03-04,3.54,3.67,4.09,3.64
2026-03-05,3.57,3.72,4.13,3.64
2026-03-06,3.56,3.72,4.15,3.64
2026-03-09,3.56,3.71,4.12,3.64
2026-03-10,3.57,3.73,4.15,3.64
2026-03-11,3.64,3.79,4.21,3.64
2026-03-12,3.76,3.88,4.27,3.64
2026-03-13,3.73,3.87,4.28,3.64
2026-03-16,3.68,3.8,4.23,3.64
2026-03-17,3.68,3.79,4.2,3.64
2026-03-18,3.76,3.87,4.26,3.64
2026-03-19,3.79,3.88,4.25,3.64
2026-03-20,3.88,4.01,4.39,3.64
2026-03-23,3.83,3.95,4.34,3.64
2026-03-24,3.9,4.03,4.39,3.64
2026-03-25,3.84,3.96,4.33,3.64
2026-03-26,3.96,4.08,4.42,3.64
2026-03-27,3.88,4.06,4.44,3.64
2026-03-30,3.82,3.97,4.35,3.64
2026-03-31,3.79,3.92,4.3,3.64
2026-04-01,3.81,3.97,4.33,3.64
2026-04-02,3.79,3.94,4.31,3.64
2026-04-03,3.84,3.99,4.35,3.64
2026-04-06,3.84,3.98,4.34,3.64
2026-04-07,3.81,3.95,4.33,3.64
2026-04-08,3.79,3.92,4.29,3.64
2026-04-09,3.78,3.91,4.29,3.64
2026-04-10,3.81,3.94,4.31,3.64
2026-04-13,3.78,3.92,4.3,3.64
2026-04-14,3.76,3.87,4.26,3.64
